year,Groups,Y,lpop,lavg_pay,id,D,region_2,region_3,region_4
2001,Never treated,5.29330482472449,9.77184009847013,10.3223294576859,13001,0,0,1,0
2002,Never treated,5.17048399503815,9.77798101729641,10.3500626137005,13001,0,0,1,0
2003,Never treated,5.11198778835654,9.79009486518104,10.3822650783332,13001,0,0,1,0
2004,Never treated,5.30826769740121,9.7928911311941,10.4249860183584,13001,0,0,1,0
2005,Never treated,5.36597601502185,9.78318258949248,10.3594873340183,13001,0,0,1,0
2006,Never treated,5.34710753071747,9.77900084741312,10.4033836662094,13001,0,0,1,0
2007,Never treated,5.43372200355424,9.79283528243253,10.4270911886613,13001,0,0,1,0
2001,Never treated,4.20469261939097,8.93458687038968,9.98012446707483,13003,0,0,1,0
2002,Never treated,4.07753744390572,8.94910546953925,10.00437307031,13003,0,0,1,0
2003,Never treated,3.40119738166216,8.98331429339775,10.053802313195,13003,0,0,1,0
2004,Never treated,3.55534806148941,8.98080141357311,10.0959244430712,13003,0,0,1,0
2005,Never treated,3.85014760171006,8.98318879926443,10.1458845607722,13003,0,0,1,0
2006,Never treated,3.87120101090789,8.98994304633,10.191219623738,13003,0,0,1,0
2007,Never treated,3.40119738166216,9.00761200540457,10.1606846439752,13003,0,0,1,0
2001,Never treated,6.26720054854136,10.7092712145996,10.1141940837467,13009,0,0,1,0
2002,Never treated,6.2709884318583,10.7131947990075,10.1496833473805,13009,0,0,1,0
2003,Never treated,6.22059017009974,10.7161496015972,10.1680417250959,13009,0,0,1,0
2004,Never treated,6.04500531403601,10.7196042954398,10.1812707928087,13009,0,0,1,0
2005,Never treated,6.13772705408623,10.726917103359,10.2100159127843,13009,0,0,1,0
2006,Never treated,6.12686918411419,10.7274656076017,10.1982445386599,13009,0,0,1,0
2007,Never treated,6.02586597382531,10.7476591025323,10.2322155944239,13009,0,0,1,0
2001,Never treated,5.61677109766657,9.60548574767749,10.040157763911,13011,0,0,1,0
2002,Never treated,5.37527840768417,9.62661352880094,10.0784487549238,13011,0,0,1,0
2003,Never treated,5.27299955856375,9.64471682357877,10.038542783529,13011,0,0,1,0
2004,Never treated,5.31320597904179,9.66256183142612,10.1009439969144,13011,0,0,1,0
2005,Never treated,5.49306144334055,9.67733949220162,10.1621526759174,13011,0,0,1,0
2006,Never treated,5.59842195899838,9.68948955288162,10.2220140082829,13011,0,0,1,0
2007,Never treated,5.57215403217776,9.70765513371423,10.1698438382732,13011,0,0,1,0
2001,Never treated,4.70048036579242,9.21920100040838,9.99729660621419,13005,0,0,1,0
2002,Never treated,4.71849887129509,9.21363493892561,10.0647557001323,13005,0,0,1,0
2003,Never treated,4.67282883446191,9.23727437321626,10.059679005711,13005,0,0,1,0
2004,Never treated,4.72738781871234,9.24319470884713,10.1022974268349,13005,0,0,1,0
2005,Never treated,4.69134788222914,9.23912217340163,10.0858091093301,13005,0,0,1,0
2006,Never treated,4.81218435537242,9.23892782882809,10.0953468138106,13005,0,0,1,0
2007,Never treated,4.77068462446567,9.26520727341702,10.1231450345655,13005,0,0,1,0
2001,Never treated,2.83321334405622,8.31996102188653,9.98359179677779,13007,0,0,1,0
2002,Never treated,2.07944154167984,8.29729437026692,10.0666687626777,13007,0,0,1,0
2003,Never treated,2.56494935746154,8.36404201192206,10.0856841015169,13007,0,0,1,0
2004,Never treated,2.30258509299405,8.3466420902212,10.0585235546357,13007,0,0,1,0
2005,Never treated,2.39789527279837,8.29329935871132,10.0969550947403,13007,0,0,1,0
2006,Never treated,2.19722457733622,8.27614021955846,10.113910539441,13007,0,0,1,0
2007,Never treated,2.07944154167984,8.22790983759748,10.1912946171761,13007,0,0,1,0
2001,Never treated,5.55682806169954,9.76209678434414,10.1156510430072,13017,0,0,1,0
2002,Never treated,5.38449506278909,9.75655244441243,10.1331299405902,13017,0,0,1,0
2003,Never treated,5.42934562895444,9.75074421527093,10.1483143146815,13017,0,0,1,0
2004,Never treated,5.33271879326537,9.75620490038669,10.1930927745498,13017,0,0,1,0
2005,Never treated,5.48479693349065,9.7537106272179,10.2034439858633,13017,0,0,1,0
2006,Never treated,5.51745289646471,9.76772510152213,10.2120378607922,13017,0,0,1,0
2007,Never treated,5.03043792139244,9.78267493231938,10.227091634164,13017,0,0,1,0
2001,Never treated,5.57215403217776,9.69356866855007,10.0930329544194,13019,0,0,1,0
2002,Never treated,5.50125821054473,9.70393845007555,10.1226230824528,13019,0,0,1,0
2003,Never treated,5.56452040732269,9.71305317563162,10.1364626157636,13019,0,0,1,0
2004,Never treated,5.55682806169954,9.71371833060702,10.2088376226413,13019,0,0,1,0
2005,Never treated,5.65599181081985,9.71926418845258,10.1953732772485,13019,0,0,1,0
2006,Never treated,5.62762111369064,9.72064586049529,10.2103838439117,13019,0,0,1,0
2007,Never treated,4.99721227376411,9.72256501665588,10.2742576908474,13019,0,0,1,0
2001,Never treated,6.29526600143965,10.7907201568103,10.2051095117216,13013,0,0,1,0
2002,Never treated,6.24997524225948,10.8441000965553,10.2146053504655,13013,0,0,1,0
2003,Never treated,6.18826412308259,10.885940486664,10.2340854259647,13013,0,0,1,0
2004,Never treated,6.18208490671663,10.9447531743517,10.253158022322,13013,0,0,1,0
2005,Never treated,6.25575004175337,10.9924534641524,10.3108508579274,13013,0,0,1,0
2006,Never treated,6.4377516497364,11.0515881742954,10.3483977076072,13013,0,0,1,0
2007,Never treated,6.40191719672719,11.1149819982609,10.3509899164354,13013,0,0,1,0
2001,Never treated,6.99668148817654,11.2846563001135,10.2674707261894,13015,0,0,1,0
2002,Never treated,6.87832646829133,11.3216923176455,10.2944817942158,13015,0,0,1,0
2003,Never treated,6.8501261661455,11.3510886557167,10.3216056067676,13015,0,0,1,0
2004,Never treated,6.87005341179813,11.3726744029956,10.3569170871608,13015,0,0,1,0
2005,Never treated,6.92755790627832,11.3880422828235,10.3694517843901,13015,0,0,1,0
2006,Never treated,6.87523208727658,11.4096516595064,10.409521715566,13015,0,0,1,0
2007,Never treated,6.93634273583405,11.4373071220113,10.4676927928054,13015,0,0,1,0
2001,Never treated,4.43081679884331,9.61099392308713,9.93362870944812,13025,0,0,1,0
2002,Never treated,4.57471097850338,9.63010278478517,9.99966099598478,13025,0,0,1,0
2003,Never treated,4.26267987704132,9.64406894535721,10.050786239557,13025,0,0,1,0
2004,Never treated,4.15888308335967,9.64387450001194,10.094190553358,13025,0,0,1,0
2005,Never treated,4.02535169073515,9.63443094420751,10.0942318714037,13025,0,0,1,0
2006,Never treated,4.26267987704132,9.64231757462446,10.1011491798356,13025,0,0,1,0
2007,Never treated,4.40671924726425,9.64432814701755,10.1054891800969,13025,0,0,1,0
2001,Never treated,4.33073334028633,9.70283907904929,9.9076787571546,13027,0,0,1,0
2002,Never treated,4.21950770517611,9.7003916965257,9.99852496787088,13027,0,0,1,0
2003,Never treated,4.21950770517611,9.69861359127166,10.0059087526353,13027,0,0,1,0
2004,Never treated,4.29045944114839,9.70057545812617,10.0493180007477,13027,0,0,1,0
2005,Never treated,4.31748811353631,9.68806412423706,10.0941492336051,13027,0,0,1,0
2006,Never treated,4.4188406077966,9.69726257166061,10.114396566182,13027,0,0,1,0
2007,Never treated,4.23410650459726,9.70161613649746,10.1505819780061,13027,0,0,1,0
2001,Never treated,5.62040086571715,10.0960894187376,10.031176913677,13029,0,0,1,0
2002,Never treated,5.61677109766657,10.1301050626618,10.0687901041605,13029,0,0,1,0
2003,Never treated,5.35658627467201,10.1721779188063,10.0990132168137,13029,0,0,1,0
2004,Never treated,5.40267738187228,10.2209589831737,10.1659287371221,13029,0,0,1,0
2005,Never treated,5.50938833662798,10.2335823536195,10.2261868041198,13029,0,0,1,0
2006,Never treated,5.70044357339069,10.2648266026017,10.2524881236632,13029,0,0,1,0
2007,Never treated,5.6937321388027,10.3117487479463,10.2835664742539,13029,0,0,1,0
2001,Never treated,6.47697236288968,10.9449649564992,10.0654363195221,13031,0,0,1,0
2002,Never treated,6.47697236288968,10.953137162155,10.0844331631502,13031,0,0,1,0
2003,Never treated,6.53087762772588,10.9852588240082,10.1246291011797,13031,0,0,1,0
2004,Never treated,6.42162226780652,11.0055272941045,10.1436062080563,13031,0,0,1,0
2005,Never treated,6.3750248198281,11.0599598607132,10.1716427096797,13031,0,0,1,0
2006,Never treated,6.5206211275587,11.0769908400459,10.2052943990333,13031,0,0,1,0
2007,Never treated,6.59167373200866,11.1036330420277,10.2462968106132,13031,0,0,1,0
2001,Never treated,5.27299955856375,10.0297677184465,10.2766704867236,13033,0,0,1,0
2002,Never treated,5.05624580534831,10.0331113203296,10.3293106892322,13033,0,0,1,0
2003,Never treated,4.93447393313069,10.040244985891,10.376175076911,13033,0,0,1,0
2004,Never treated,4.79579054559674,10.0485398242353,10.425431142036,13033,0,0,1,0
2005,Never treated,4.9416424226093,10.0374938323839,10.4764707402093,13033,0,0,1,0
2006,Never treated,4.90527477843843,10.0273410147031,10.4906073284505,13033,0,0,1,0
2007,Never treated,4.67282883446191,10.0355240784039,10.5319628697355,13033,0,0,1,0
2001,Never treated,5.35185813347607,9.92309408217505,10.1050396776069,13035,0,0,1,0
2002,Never treated,5.23644196282995,9.97119292889014,10.163772734131,13035,0,0,1,0
2003,Never treated,5.12989871492307,10.0023822095103,10.1748877924136,13035,0,0,1,0
2004,Never treated,5.23110861685459,9.93241508760931,10.2093532954215,13035,0,0,1,0
2005,Never treated,5.29831736654804,10.0202923320782,10.2769458645092,13035,0,0,1,0
2006,Never treated,5.36597601502185,10.046721720622,10.2689636524279,13035,0,0,1,0
2007,Never treated,5.38449506278909,10.0708646619443,10.2412803454104,13035,0,0,1,0
2001,Never treated,3.25809653802148,8.7465573545435,9.96542895407631,13037,0,0,1,0
2002,Never treated,3.2188758248682,8.75131624677346,9.99797921562885,13037,0,0,1,0
2003,Never treated,2.77258872223978,8.72436994920837,10.0161910424492,13037,0,0,1,0
2004,Never treated,3.04452243772342,8.71473171401505,10.0342964926475,13037,0,0,1,0
2005,Never treated,2.70805020110221,8.70731756027321,10.0149842035498,13037,0,0,1,0
2006,Never treated,3.17805383034795,8.71964411950536,10.0158336123677,13037,0,0,1,0
2007,Never treated,3.46573590279973,8.69751274553952,9.98118906019998,13037,0,0,1,0
2001,Never treated,6.31716468674728,10.7024801311794,10.2349831404441,13039,0,0,1,0
2002,Never treated,6.22455842927536,10.7251378802562,10.2728763320616,13039,0,0,1,0
2003,Never treated,6.22455842927536,10.6997777920129,10.2687207697564,13039,0,0,1,0
2004,Never treated,6.29156913955832,10.7162383327419,10.252629192258,13039,0,0,1,0
2005,Never treated,6.35610766069589,10.7372441423567,10.29221333664,13039,0,0,1,0
2006,Never treated,6.34212141872115,10.7228047219518,10.3510218770599,13039,0,0,1,0
2007,Never treated,6.29341927884648,10.7656388383096,10.3974213086319,13039,0,0,1,0
2001,Never treated,4.64439089914137,9.16282938930513,9.90488657344983,13043,0,0,1,0
2002,Never treated,4.78749174278205,9.19248185367487,9.92842403782616,13043,0,0,1,0
2003,Never treated,4.72738781871234,9.21532791348722,9.9854361351833,13043,0,0,1,0
2004,Never treated,4.77068462446567,9.22886767659007,9.9831763514375,13043,0,0,1,0
2005,Never treated,4.71849887129509,9.21969646690021,10.0214483501697,13043,0,0,1,0
2006,Never treated,4.74493212836325,9.23503298456655,10.0787005700928,13043,0,0,1,0
2007,Never treated,4.80402104473326,9.25263328416643,10.1148014080968,13043,0,0,1,0
2001,Never treated,7.0184017990692,11.4248589861018,10.251711890472,13045,0,0,1,0
2002,Never treated,6.89365635460264,11.460136315507,10.2798670797492,13045,0,0,1,0
2003,Never treated,6.8627579130514,11.500417566327,10.2886138896488,13045,0,0,1,0
2004,Never treated,6.89264164117209,11.5341290712213,10.3258425533126,13045,0,0,1,0
2005,Never treated,6.82328612235569,11.5573728797055,10.3571712329148,13045,0,0,1,0
2006,Never treated,6.99484998583307,11.590164245311,10.3903482988483,13045,0,0,1,0
2007,Never treated,6.99301512293296,11.6256110864131,10.4267949538042,13045,0,0,1,0
2001,Never treated,6.46146817635372,10.9132139811958,10.1389943628337,13047,0,0,1,0
2002,Never treated,6.38856140554563,10.9433401459973,10.1666976130634,13047,0,0,1,0
2003,Never treated,6.38856140554563,10.9730828921337,10.1947382498649,13047,0,0,1,0
2004,Never treated,6.36818718635049,10.9978407842839,10.2227409638252,13047,0,0,1,0
2005,Never treated,6.40522845803084,10.9978073081189,10.2368836340686,13047,0,0,1,0
2006,Never treated,6.45519856334012,11.0154601929061,10.2720811858684,13047,0,0,1,0
2007,Never treated,6.47543271670409,11.0422335989439,10.2920777434194,13047,0,0,1,0
2001,Never treated,7.83002808253384,11.9437918775768,10.3302900572916,13021,0,0,1,0
2002,Never treated,7.78405700263993,11.9478846483061,10.3685728566253,13021,0,0,1,0
2003,Never treated,7.73892375743946,11.9487322403222,10.3628725026337,13021,0,0,1,0
2004,Never treated,7.72797554210556,11.9502832193653,10.3975433454261,13021,0,0,1,0
2005,Never treated,7.73149202924568,11.9476969162704,10.4273577250229,13021,0,0,1,0
2006,Never treated,7.70975686445416,11.9491525347284,10.4562513476652,13021,0,0,1,0
2007,Never treated,7.60738142563979,11.9504769227157,10.4557909557484,13021,0,0,1,0
2001,Never treated,4.84418708645859,9.37814033225112,10.0306927267714,13023,0,0,1,0
2002,Never treated,4.67282883446191,9.37568530456302,10.1464337311465,13023,0,0,1,0
2003,Never treated,4.68213122712422,9.38664385644458,10.176791757042,13023,0,0,1,0
2004,Never treated,4.54329478227,9.39748361904935,10.2492026562385,13023,0,0,1,0
2005,Never treated,4.75359019110636,9.39116080264387,10.3311706692107,13023,0,0,1,0
2006,Never treated,4.75359019110636,9.41572720170113,10.4108471766589,13023,0,0,1,0
2007,Never treated,4.85981240436167,9.45930760329985,10.4243031103315,13023,0,0,1,0
2001,Never treated,3.36729582998647,9.67859246818311,10.0061795107597,13053,0,0,1,0
2002,Never treated,3.3322045101752,9.87018926713461,10.0305166006647,13053,0,0,1,0
2003,Never treated,3.25809653802148,9.49160187662504,10.1324541171531,13053,0,0,1,0
2004,Never treated,3.2188758248682,9.65797057224503,10.0258379198136,13053,0,0,1,0
2005,Never treated,2.99573227355399,9.38982457394998,10.2009961858056,13053,0,0,1,0
2006,Never treated,2.99573227355399,9.50732900374826,10.253017028314,13053,0,0,1,0
2007,Never treated,2.94443897916644,9.54000376666806,10.3136084721805,13053,0,0,1,0
2001,Never treated,5.7037824746562,10.1604139818179,10.0958831949016,13055,0,0,1,0
2002,Never treated,5.28320372873799,10.1693457062579,10.1139915603039,13055,0,0,1,0
2003,Never treated,5.19295685089021,10.1846735712442,10.1168635562913,13055,0,0,1,0
2004,Never treated,5.03695260241363,10.1838428496014,10.1650822902246,13055,0,0,1,0
2005,Never treated,4.83628190695148,10.1632715679453,10.1995469371174,13055,0,0,1,0
2006,Never treated,5.07517381523383,10.1694606818257,10.2124050488701,13055,0,0,1,0
2007,Never treated,5.06890420222023,10.1987657016095,10.2638158149728,13055,0,0,1,0
2001,Never treated,7.59588991771854,11.9296799410145,10.2338339214274,13057,0,0,1,0
2002,Never treated,7.43248380791712,11.9801502367655,10.26336237141,13057,0,0,1,0
2003,Never treated,7.42237370098682,12.0254316757584,10.3012228625824,13057,0,0,1,0
2004,Never treated,7.49997654095212,12.071689461663,10.3413230406747,13057,0,0,1,0
2005,Never treated,7.62608275807238,12.11770580486,10.3815523530586,13057,0,0,1,0
2006,Never treated,7.71378461659875,12.1739419387758,10.3962306687514,13057,0,0,1,0
2007,Never treated,7.80343505695217,12.225335911711,10.4224301444041,13057,0,0,1,0
2001,Never treated,7.44541755670169,11.5349413275279,10.2995082018163,13059,0,0,1,0
2002,Never treated,7.25629723969068,11.5347945830538,10.3356919578339,13059,0,0,1,0
2003,Never treated,7.19818357710194,11.5438716538602,10.3788207046116,13059,0,0,1,0
2004,Never treated,7.20414929203594,11.5688330969085,10.3989761632919,13059,0,0,1,0
2005,Never treated,7.07411681619736,11.6020254925432,10.4208219482149,13059,0,0,1,0
2006,Never treated,7.21964204013074,11.6194453083479,10.4493810475626,13059,0,0,1,0
2007,Never treated,7.24136628332232,11.6391791894945,10.4725726504193,13059,0,0,1,0
2001,Never treated,2.77258872223978,8.12740456269308,9.98234494261362,13061,0,0,1,0
2002,Never treated,2.99573227355399,8.11761074646623,10.0510019753247,13061,0,0,1,0
2003,Never treated,2.56494935746154,8.12118324207883,10.0356555161135,13061,0,0,1,0
2004,Never treated,2.63905732961526,8.10892415597534,10.0391978196886,13061,0,0,1,0
2005,Never treated,2.19722457733622,8.05896001776942,10.0792040102779,13061,0,0,1,0
2006,Never treated,1.79175946922805,8.06463647577422,10.198616825623,13061,0,0,1,0
2007,Never treated,2.07944154167984,8.06495089174914,10.2409236102468,13061,0,0,1,0
2001,Never treated,8.28500889544988,12.4215992615052,10.5532312844885,13063,0,0,1,0
2002,Never treated,8.09712193091871,12.4427837400659,10.5604633659579,13063,0,0,1,0
2003,Never treated,7.97108575350561,12.4674402596605,10.6056440272537,13063,0,0,1,0
2004,Never treated,7.91826468609527,12.4845638611554,10.6453296546348,13063,0,0,1,0
2005,Never treated,7.8808043446749,12.4891780108169,10.5792342184159,13063,0,0,1,0
2006,Never treated,7.96067260838812,12.5003566273415,10.5560991558878,13063,0,0,1,0
2007,Never treated,7.98820359702258,12.5161459038324,10.8130960076464,13063,0,0,1,0
2001,Never treated,4.26267987704132,8.82305893430165,10.050052389618,13065,0,0,1,0
2002,Never treated,3.93182563272433,8.8309815109525,10.1015184030353,13065,0,0,1,0
2003,Never treated,3.95124371858143,8.84965740663991,10.118235963062,13065,0,0,1,0
2004,Never treated,3.76120011569356,8.84563325634019,10.1397447429957,13065,0,0,1,0
2005,Never treated,3.78418963391826,8.86078289580631,10.1505038682619,13065,0,0,1,0
2006,Never treated,4.02535169073515,8.84043543926657,10.1955226368694,13065,0,0,1,0
2007,Never treated,4.07753744390572,8.84850930088808,10.2324315227365,13065,0,0,1,0
2001,Never treated,9.40426106461349,13.3483636444179,10.6009752991945,13067,0,0,1,0
2002,Never treated,9.20703491496746,13.3667359891555,10.6134672677561,13067,0,0,1,0
2003,Never treated,9.09918532261002,13.3788643323725,10.6419904348169,13067,0,0,1,0
2004,Never treated,9.11107237031751,13.3918544931209,10.6722986370171,13067,0,0,1,0
2005,Never treated,9.13830716907635,13.4054016842474,10.6969776817921,13067,0,0,1,0
2006,Never treated,9.18008732880516,13.427263858581,10.7315589053526,13067,0,0,1,0
2007,Never treated,9.22098353207466,13.4466126455438,10.7682744415432,13067,0,0,1,0
2001,Never treated,6.31173480915291,10.5545358820747,10.0856841015169,13069,0,0,1,0
2002,Never treated,6.1527326947041,10.5652988527862,10.1101764657784,13069,0,0,1,0
2003,Never treated,6.11809719804135,10.5753600228172,10.130423902089,13069,0,0,1,0
2004,Never treated,6.09356977004514,10.5758451188885,10.1643892094529,13069,0,0,1,0
2005,Never treated,6.12468339089421,10.5758195933822,10.1887792703653,13069,0,0,1,0
2006,Never treated,6.17170059741091,10.590767554818,10.2179697712657,13069,0,0,1,0
2007,Never treated,6.11589212548303,10.6054210203767,10.2500515527241,13069,0,0,1,0
2001,Never treated,6.26339826259162,10.6549272258476,9.98520577882099,13071,0,0,1,0
2002,Never treated,6.13339804299665,10.668839108845,10.0113100350649,13071,0,0,1,0
2003,Never treated,6.05208916892442,10.6738503714492,10.0571095211917,13071,0,0,1,0
2004,Never treated,6.01859321449623,10.6847600727322,10.0750851459671,13071,0,0,1,0
2005,Never treated,6.1463292576689,10.679343115469,10.1062651178975,13071,0,0,1,0
2006,Never treated,6.2709884318583,10.6937160707466,10.109729065775,13071,0,0,1,0
2007,Never treated,6.17586727010576,10.7081313841097,10.1778943977879,13071,0,0,1,0
2001,Never treated,7.06390396147207,11.4277596565979,10.1666207520665,13073,0,0,1,0
2002,Never treated,6.7900972355139,11.4582686254648,10.190431852901,13073,0,0,1,0
2003,Never treated,6.87832646829133,11.4848037296532,10.215850042382,13073,0,0,1,0
2004,Never treated,6.81673588059497,11.5184501756129,10.2375998638657,13073,0,0,1,0
2005,Never treated,6.92657703322272,11.5359386192792,10.3075516797287,13073,0,0,1,0
2006,Never treated,7.01750614294126,11.5658973497363,10.3231513800441,13073,0,0,1,0
2007,Never treated,7.07411681619736,11.5978087458354,10.3414521187349,13073,0,0,1,0
2001,Never treated,4.67282883446191,9.26444969762322,10.0121625691618,13049,0,0,1,0
2002,Never treated,4.60517018598809,9.26832622117484,10.0504841312705,13049,0,0,1,0
2003,Never treated,4.62497281328427,9.28349789259391,10.0676875682164,13049,0,0,1,0
2004,Never treated,4.46590811865458,9.2762217410897,10.1253502839506,13049,0,0,1,0
2005,Never treated,4.66343909411207,9.2679486845965,10.1517138842178,13049,0,0,1,0
2006,Never treated,4.70048036579242,9.2839625118468,10.1993237892438,13049,0,0,1,0
2007,Never treated,4.75359019110636,9.26785427817679,10.2318916145078,13049,0,0,1,0
2001,Never treated,7.33693691370762,11.4519964218223,10.231459477946,13077,0,0,1,0
2002,Never treated,7.13886699994552,11.4915485992106,10.257062697057,13077,0,0,1,0
2003,Never treated,7.11314210870709,11.5285724105464,10.2680264940316,13077,0,0,1,0
2004,Never treated,7.07834157955767,11.565470475634,10.3012228625824,13077,0,0,1,0
2005,Never treated,7.10414409298753,11.5981761261424,10.3306489187261,13077,0,0,1,0
2006,Never treated,7.16162200293919,11.6427512503048,10.3564086018006,13077,0,0,1,0
2007,Never treated,7.26332961747684,11.6865762053166,10.3895798128814,13077,0,0,1,0
2001,Never treated,4.21950770517611,9.43444346278509,9.94726517488202,13079,0,0,1,0
2002,Never treated,3.95124371858143,9.44057869576626,9.95080043558675,13079,0,0,1,0
2003,Never treated,4.02535169073515,9.44517531187998,10.0408117433993,13079,0,0,1,0
2004,Never treated,3.66356164612965,9.4631203924187,10.0397215398594,13079,0,0,1,0
2005,Never treated,3.43398720448515,9.44311737225863,10.065733944899,13079,0,0,1,0
2006,Never treated,3.40119738166216,9.43890917993546,10.1614575610024,13079,0,0,1,0
2007,Never treated,3.13549421592915,9.43667881418691,10.2282124875761,13079,0,0,1,0
2001,Never treated,5.70711026474888,10.0072167382986,10.0189568023422,13081,0,0,1,0
2002,Never treated,5.65248918026865,10.0049153451662,10.0632226106573,13081,0,0,1,0
2003,Never treated,5.54126354515843,9.99975182250619,10.059679005711,13081,0,0,1,0
2004,Never treated,5.5683445037611,9.99797921562885,10.1064283965328,13081,0,0,1,0
2005,Never treated,5.66988092298052,9.98828815422859,10.1193244753346,13081,0,0,1,0
2006,Never treated,5.5834963087817,9.99319113561791,10.1557237780536,13081,0,0,1,0
2007,Never treated,5.50125821054473,10.0069011742252,10.1694223581052,13081,0,0,1,0
2001,Never treated,5.09375020080676,9.65052891614273,9.994470200248,13083,0,0,1,0
2002,Never treated,4.94875989037817,9.66313425949073,10.059336788999,13083,0,0,1,0
2003,Never treated,4.76217393479776,9.67608494430153,10.0850588279394,13083,0,0,1,0
2004,Never treated,4.77912349311153,9.67715141032275,10.1208946819984,13083,0,0,1,0
2005,Never treated,4.91265488573605,9.67338232488837,10.1307426398901,13083,0,0,1,0
2006,Never treated,4.96284463025991,9.67896805504199,10.1821414937779,13083,0,0,1,0
2007,Never treated,4.97673374242057,9.69245783160543,10.2266574179175,13083,0,0,1,0
2001,Never treated,5.76832099579377,9.7361925297588,10.0731459353767,13085,0,0,1,0
2002,Never treated,5.64190707093811,9.77713036365961,10.1200897558069,13085,0,0,1,0
2003,Never treated,5.7268477475872,9.82811724551135,10.0911282708077,13085,0,0,1,0
2004,Never treated,5.73334127689775,9.85434982797458,10.2012189608409,13085,0,0,1,0
2005,Never treated,5.78689738136671,9.88745979145893,10.1751926704648,13085,0,0,1,0
2006,Never treated,6.09582456243222,9.92944765420566,10.1753450746409,13085,0,0,1,0
2007,Never treated,6.22257626807137,9.98054118197842,10.1783882906232,13085,0,0,1,0
2001,Never treated,5.84354441703136,10.2381366997679,10.0650960677325,13087,0,0,1,0
2002,Never treated,5.72358510195238,10.2432757139684,10.0859341015182,13087,0,0,1,0
2003,Never treated,5.71702770140622,10.2535456533726,10.0926605842792,13087,0,0,1,0
2004,Never treated,5.63835466933375,10.2598324420129,10.1021334722499,13087,0,0,1,0
2005,Never treated,5.70044357339069,10.2391737660364,10.1137079585598,13087,0,0,1,0
2006,Never treated,5.70044357339069,10.2519589391242,10.1677346587288,13087,0,0,1,0
2007,Never treated,5.5834963087817,10.2591670011338,10.1899438740621,13087,0,0,1,0
2001,Never treated,9.12782795040172,13.4188332240139,10.5877957844289,13089,0,0,1,0
2002,Never treated,8.90245559220688,13.4195199249336,10.6044540821482,13089,0,0,1,0
2003,Never treated,8.83083536553755,13.4207153237563,10.6368165227289,13089,0,0,1,0
2004,Never treated,8.79890749208823,13.4214822990556,10.6672096857657,13089,0,0,1,0
2005,Never treated,8.81120518756289,13.4861894906717,10.6872977679933,13089,0,0,1,0
2006,Never treated,8.84707231256781,13.4968729349387,10.7275314078978,13089,0,0,1,0
2007,Never treated,8.89151157052756,13.5059181986615,10.7633772307595,13089,0,0,1,0
2001,Never treated,5.13579843705026,9.86682356816454,9.96599275788753,13091,0,0,1,0
2002,Never treated,5.37527840768417,9.8671865728098,10.0194021771325,13091,0,0,1,0
2003,Never treated,5.34233425196481,9.87673281522731,10.0486263182024,13091,0,0,1,0
2004,Never treated,5.29831736654804,9.87565376160669,10.0878902755339,13091,0,0,1,0
2005,Never treated,5.31811999384422,9.88379491919039,10.1047126397493,13091,0,0,1,0
2006,Never treated,5.48479693349065,9.89525374760902,10.1106236657045,13091,0,0,1,0
2007,Never treated,5.40717177146012,9.89202207442685,10.1402183773589,13091,0,0,1,0
2001,Never treated,4.18965474202643,9.36999018950572,10.0405937977541,13093,0,0,1,0
2002,Never treated,3.63758615972639,9.35686202463895,10.0426841177244,13093,0,0,1,0
2003,Never treated,3.76120011569356,9.35867416648188,10.0693409166228,13093,0,0,1,0
2004,Never treated,3.73766961828337,9.3637479186055,10.1368982162061,13093,0,0,1,0
2005,Never treated,3.63758615972639,9.36271805239707,10.1157319229813,13093,0,0,1,0
2006,Never treated,4.0943445622221,9.3672586470476,10.2136891464178,13093,0,0,1,0
2007,Never treated,4.34380542185368,9.35322785952473,10.2468289991624,13093,0,0,1,0
2001,Never treated,7.27170370688737,11.4707901083674,10.2854451788423,13095,0,0,1,0
2002,Never treated,7.05531284333975,11.4690989614297,10.3228226921632,13095,0,0,1,0
2003,Never treated,7.11314210870709,11.4691720948303,10.3471472064423,13095,0,0,1,0
2004,Never treated,7.09589322109753,11.4639662865187,10.3813663411533,13095,0,0,1,0
2005,Never treated,7.09837563859079,11.4636301732454,10.4085566391897,13095,0,0,1,0
2006,Never treated,7.12205988162914,11.4620531345965,10.4262911530615,13095,0,0,1,0
2007,Never treated,7.00850518208228,11.4647955827667,10.4566252600877,13095,0,0,1,0
2001,Never treated,7.59337419312129,11.4678444135296,10.1891550971887,13097,0,0,1,0
2002,Never treated,7.38647084882989,11.4971110740759,10.2132857505526,13097,0,0,1,0
2003,Never treated,7.42714413340862,11.5317962857205,10.2220867276226,13097,0,0,1,0
2004,Never treated,7.46794233228585,11.581368852185,10.2513235478077,13097,0,0,1,0
2005,Never treated,7.57507169950756,11.6301928121266,10.2769458645092,13097,0,0,1,0
2006,Never treated,7.71512360363211,11.6836550942282,10.2992053091894,13097,0,0,1,0
2007,Never treated,7.82763954636642,11.730646340116,10.3193319423892,13097,0,0,1,0
2001,Never treated,4.27666611901606,9.41702928521843,10.33481532017,13099,0,0,1,0
2002,Never treated,4.38202663467388,9.40919123072135,10.3356595034729,13099,0,0,1,0
2003,Never treated,4.14313472639153,9.41197423980251,10.4762451784185,13099,0,0,1,0
2004,Never treated,4.23410650459726,9.39905809627538,10.4159218816415,13099,0,0,1,0
2005,Never treated,4.48863636973214,9.39357817555449,10.4479897026615,13099,0,0,1,0
2006,Never treated,4.29045944114839,9.38890487989243,10.5185110163145,13099,0,0,1,0
2007,Never treated,4.12713438504509,9.37644785490711,10.4830180063091,13099,0,0,1,0
2001,Never treated,2.63905732961526,8.25218543600333,9.50636256870296,13101,0,0,1,0
2002,Never treated,2.19722457733622,8.25790419346567,9.4953689269624,13101,0,0,1,0
2003,Never treated,1.94591014905531,8.29154650988391,9.64633468511917,13101,0,0,1,0
2004,Never treated,1.38629436111989,8.32142158689788,9.69603278610318,13101,0,0,1,0
2005,Never treated,1.38629436111989,8.31898612539206,9.780924360113,13101,0,0,1,0
2006,Never treated,1.79175946922805,8.30052860619974,9.8417185261385,13101,0,0,1,0
2007,Never treated,1.94591014905531,8.33206770728955,9.95660168818561,13101,0,0,1,0
2001,Never treated,5.58724865840025,10.5825358087166,10.2497686672908,13103,0,0,1,0
2002,Never treated,5.48893772615669,10.6231305969,10.3171522849872,13103,0,0,1,0
2003,Never treated,5.4971682252932,10.6639662252564,10.3142386650735,13103,0,0,1,0
2004,Never treated,5.48063892334199,10.7035814900078,10.3451881532264,13103,0,0,1,0
2005,Never treated,5.55682806169954,10.7442138675403,10.3862222961356,13103,0,0,1,0
2006,Never treated,5.7037824746562,10.7920575918097,10.4283935805101,13103,0,0,1,0
2007,Never treated,5.79301360838414,10.8363993854265,10.4161614671597,13103,0,0,1,0
2001,Never treated,5.6021188208797,9.93241508760931,10.0680269395343,13105,0,0,1,0
2002,Never treated,5.48063892334199,9.93619672694583,10.0814245110123,13105,0,0,1,0
2003,Never treated,5.30826769740121,9.93784066890779,10.0969138890622,13105,0,0,1,0
2004,Never treated,5.32787616878958,9.94472546055237,10.1301449231501,13105,0,0,1,0
2005,Never treated,5.39362754635236,9.93542217106647,10.185164128036,13105,0,0,1,0
2006,Never treated,5.28826703069454,9.93290071310448,10.2254985853115,13105,0,0,1,0
2007,Never treated,5.37063802812766,9.93367722369918,10.2577295392332,13105,0,0,1,0
2001,Never treated,5.65599181081985,9.99355674962499,9.98026339133818,13107,0,0,1,0
2002,Never treated,5.48479693349065,9.98893103435359,10.019580271523,13107,0,0,1,0
2003,Never treated,5.48479693349065,9.9958844018021,10.0268991624513,13107,0,0,1,0
2004,Never treated,5.59471137960184,9.99875227676191,10.0723438583765,13107,0,0,1,0
2005,Never treated,5.31811999384422,10.0007050032515,10.0952229926907,13107,0,0,1,0
2006,Never treated,5.64190707093811,10.0139550055621,10.1540516994263,13107,0,0,1,0
2007,Never treated,5.12989871492307,10.0236677127922,10.1517918995088,13107,0,0,1,0
2001,Never treated,5.06259503302697,9.28489110324048,9.95270619632363,13109,0,0,1,0
2002,Never treated,5.34233425196481,9.31488055125011,10.0238893783884,13109,0,0,1,0
2003,Never treated,5.19849703126583,9.33184978937338,10.0611321216176,13109,0,0,1,0
2004,Never treated,5.15905529921453,9.33706112475534,10.138203880203,13109,0,0,1,0
2005,Never treated,5.21493575760899,9.32981087195235,10.1710689532809,13109,0,0,1,0
2006,Never treated,5.13579843705026,9.33423800863242,10.1936914425314,13109,0,0,1,0
2007,Never treated,5.20948615284142,9.34092994167978,10.236059335124,13109,0,0,1,0
2001,Never treated,5.40267738187228,9.92088532971255,9.98557432353424,13111,0,0,1,0
2002,Never treated,5.35185813347607,9.948078435864,10.0529415057045,13111,0,0,1,0
2003,Never treated,5.33271879326537,9.96307634394778,10.0601921112938,13111,0,0,1,0
2004,Never treated,5.41164605185504,9.9831763514375,10.0969962987206,13111,0,0,1,0
2005,Never treated,5.25227342804663,9.98847187644112,10.1358683092028,13111,0,0,1,0
2006,Never treated,5.46383180502561,10.0069462609044,10.1844093255697,13111,0,0,1,0
2007,Never treated,5.46383180502561,10.0237120498425,10.2041475462782,13111,0,0,1,0
2001,Never treated,7.57301725605255,11.4561963707241,10.3003827099612,13113,0,0,1,0
2002,Never treated,7.42952084278646,11.4766348548692,10.3464732113915,13113,0,0,1,0
2003,Never treated,7.42535788702715,11.5012273075577,10.3844002113524,13113,0,0,1,0
2004,Never treated,7.44366368311559,11.5248540358355,10.420643099997,13113,0,0,1,0
2005,Never treated,7.45182223652793,11.5389829992895,10.4520135034849,13113,0,0,1,0
2006,Never treated,7.51752085060303,11.5577076077421,10.4735627355061,13113,0,0,1,0
2007,Never treated,7.63723438878947,11.5705620977786,10.5024888752058,13113,0,0,1,0
2001,Never treated,7.17395831975679,11.4226943647758,10.2950903546511,13115,0,0,1,0
2002,Never treated,6.99759598298193,11.4363359548079,10.3345879182361,13115,0,0,1,0
2003,Never treated,6.95654544315157,11.4449249580695,10.3429997572833,13115,0,0,1,0
2004,Never treated,6.99209642741589,11.4516137321471,10.4021393753704,13115,0,0,1,0
2005,Never treated,6.96790920180188,11.453631831995,10.4310522923064,13115,0,0,1,0
2006,Never treated,6.9782137426307,11.461695326483,10.4588084161887,13115,0,0,1,0
2007,Never treated,6.94312242281943,11.4628629917588,10.4055044935207,13115,0,0,1,0
2001,Never treated,7.32778053842163,11.5997359884568,10.4607863726592,13117,0,0,1,0
2002,Never treated,7.3132203870903,11.6683981277357,10.482737886416,13117,0,0,1,0
2003,Never treated,7.33106030521863,11.7297531128913,10.4937433887464,13117,0,0,1,0
2004,Never treated,7.38894609761844,11.7901783419315,10.5448413136668,13117,0,0,1,0
2005,Never treated,7.52779398772144,11.8400037159496,10.5700340512989,13117,0,0,1,0
2006,Never treated,7.64730883235624,11.9039873427676,10.6058174426707,13117,0,0,1,0
2007,Never treated,7.63819824428578,11.9726830321386,10.6562235245077,13117,0,0,1,0
2001,Never treated,5.78382518232974,9.93953014388306,10.0896766208566,13119,0,0,1,0
2002,Never treated,5.71042701737487,9.94783931010663,10.0992599070542,13119,0,0,1,0
2003,Never treated,5.605802066296,9.96185079583304,10.1441173248576,13119,0,0,1,0
2004,Never treated,5.68697535633982,9.97226706793095,10.1872369019602,13119,0,0,1,0
2005,Never treated,5.52545293913178,9.97534298963656,10.2252449115708,13119,0,0,1,0
2006,Never treated,5.62762111369064,9.98165157350548,10.2441296546003,13119,0,0,1,0
2007,Never treated,5.5683445037611,9.99117786566312,10.2864002561738,13119,0,0,1,0
2001,Never treated,9.67658695234421,13.6178763587886,10.7739646858707,13121,0,0,1,0
2002,Never treated,9.4881993554792,13.6140184140946,10.7921809572182,13121,0,0,1,0
2003,Never treated,9.33609157728174,13.6120041790829,10.8180968716277,13121,0,0,1,0
2004,Never treated,9.33573878137052,13.7165760180947,10.8566886384304,13121,0,0,1,0
2005,Never treated,9.3492323708428,13.7474907842926,10.9083567661829,13121,0,0,1,0
2006,Never treated,9.39124425768252,13.7791380248926,10.9313375480708,13121,0,0,1,0
2007,Never treated,9.41613428495528,13.8062578836921,10.9930927320443,13121,0,0,1,0
2001,Never treated,5.56452040732269,10.1036080966928,9.99277966001489,13123,0,0,1,0
2002,Never treated,5.49306144334055,10.1368982162061,10.0280917157607,13123,0,0,1,0
2003,Never treated,5.65948221575962,10.1656594908178,10.0660314817214,13123,0,0,1,0
2004,Never treated,5.67332326717149,10.1912946171761,10.1308621403782,13123,0,0,1,0
2005,Never treated,5.66642668811243,10.2122581898178,10.1413226525933,13123,0,0,1,0
2006,Never treated,5.90536184805457,10.2384228944538,10.1870109898391,13123,0,0,1,0
2007,Never treated,5.83188247728352,10.2603924700289,10.2423497879763,13123,0,0,1,0
2001,Never treated,7.22693601849329,11.1347641913894,10.1857675600739,13127,0,0,1,0
2002,Never treated,7.14440718032114,11.1478582614689,10.2310631886496,13127,0,0,1,0
2003,Never treated,7.14440718032114,11.1613233467522,10.2993735941973,13127,0,0,1,0
2004,Never treated,7.08170858610557,11.1710969088477,10.3575205778965,13127,0,0,1,0
2005,Never treated,7.19593722647557,11.176977091109,10.3686670644164,13127,0,0,1,0
2006,Never treated,7.28276117960559,11.2021930972531,10.4271800420089,13127,0,0,1,0
2007,Never treated,7.26752542782817,11.2219446242269,10.4241842960974,13127,0,0,1,0
2001,Never treated,6.59850902861452,10.7303348614839,10.1771340860234,13129,0,0,1,0
2002,Never treated,6.37672694789863,10.7513067055981,10.2132857505526,13129,0,0,1,0
2003,Never treated,6.44571981938558,10.7758472953043,10.2634670304832,13129,0,0,1,0
2004,Never treated,6.37672694789863,10.7995143507287,10.2811360066475,13129,0,0,1,0
2005,Never treated,6.361302477573,10.8124515090238,10.3042750710932,13129,0,0,1,0
2006,Never treated,6.35437004079735,10.8345289563562,10.3387056187936,13129,0,0,1,0
2007,Never treated,6.39859493453521,10.8590951467872,10.3756762926872,13129,0,0,1,0
2001,Never treated,8.34450508359052,12.3597889453138,10.3270872308398,13051,0,0,1,0
2002,Never treated,8.21066803116298,12.3682255080336,10.3444806667034,13051,0,0,1,0
2003,Never treated,8.14757773620177,12.3721970674216,10.3670643237015,13051,0,0,1,0
2004,Never treated,8.13476078241865,12.3814493089492,10.4101545411533,13051,0,0,1,0
2005,Never treated,8.19973896063079,12.3892771457482,10.4478446595109,13051,0,0,1,0
2006,Never treated,8.2337687092171,12.4042962584175,10.4946850605603,13051,0,0,1,0
2007,Never treated,8.31360713931756,12.4235843678247,10.5259171608818,13051,0,0,1,0
2001,Never treated,5.16478597392351,9.60204456483431,10.1107862342885,13133,0,0,1,0
2002,Never treated,4.969813299576,9.62667947663622,10.1355908452218,13133,0,0,1,0
2003,Never treated,4.83628190695148,9.63991255542758,10.1524158028241,13133,0,0,1,0
2004,Never treated,4.71849887129509,9.65007807402644,10.1878014590801,13133,0,0,1,0
2005,Never treated,4.64439089914137,9.64517008871425,10.2498747587064,13133,0,0,1,0
2006,Never treated,4.85981240436167,9.64277192831416,10.286707051697,13133,0,0,1,0
2007,Never treated,4.97673374242057,9.6637063600689,10.3128450753596,13133,0,0,1,0
2001,Never treated,9.41230114402249,13.3432980910317,10.5816479907878,13135,0,0,1,0
2002,Never treated,9.27697045427395,13.3829306436218,10.5837521072651,13135,0,0,1,0
2003,Never treated,9.19482056031815,13.4206500220922,10.6182494430685,13135,0,0,1,0
2004,Never treated,9.14590851181679,13.4596595602029,10.6284724899448,13135,0,0,1,0
2005,Never treated,9.19482056031815,13.4869064859919,10.6613919803114,13135,0,0,1,0
2006,Never treated,9.29504909990314,13.5227073950842,10.7089361051832,13135,0,0,1,0
2007,Never treated,9.29569203907569,13.5573406847264,10.7190956990443,13135,0,0,1,0
2001,Never treated,6.23048144757848,10.5226921318832,10.139152384404,13137,0,0,1,0
2002,Never treated,6.12249280951439,10.5405669008264,10.1680417250959,13137,0,0,1,0
2003,Never treated,6.15909538849193,10.5594259945637,10.1865213384234,13137,0,0,1,0
2004,Never treated,6.16331480403464,10.5699827020986,10.2155939088984,13137,0,0,1,0
2005,Never treated,6.23832462503951,10.5812164803677,10.2180792902948,13137,0,0,1,0
2006,Never treated,6.29894924685594,10.6163393163704,10.259902462669,13137,0,0,1,0
2007,Never treated,6.24804287450843,10.6493220553751,10.2968126007501,13137,0,0,1,0
2001,Never treated,7.67647364638916,11.8974937473654,10.307918793054,13139,0,0,1,0
2002,Never treated,7.55903825544338,11.9305101665409,10.3417424834673,13139,0,0,1,0
2003,Never treated,7.52779398772144,11.959922715384,10.3605642377079,13139,0,0,1,0
2004,Never treated,7.51043055637801,11.9878420060766,10.3996765820491,13139,0,0,1,0
2005,Never treated,7.55276208421415,12.0174573244876,10.4290441409021,13139,0,0,1,0
2006,Never treated,7.54591815120932,12.0520119616532,10.4563664125331,13139,0,0,1,0
2007,Never treated,7.56579328242851,12.0942356471049,10.5185110163145,13139,0,0,1,0
2001,Never treated,3.17805383034795,9.21512888870798,9.89065557372075,13141,0,0,1,0
2002,Never treated,3.43398720448515,9.21333588095598,9.92896034850916,13141,0,0,1,0
2003,Never treated,2.70805020110221,9.20833836930551,9.95802308518414,13141,0,0,1,0
2004,Never treated,2.94443897916644,9.19339765124587,10.0201588593398,13141,0,0,1,0
2005,Never treated,3.13549421592915,9.15408743042538,10.04477007737,13141,0,0,1,0
2006,Never treated,2.94443897916644,9.15090878820676,10.109118652099,13141,0,0,1,0
2007,Never treated,2.484906649788,9.1719113453564,10.1645817800788,13141,0,0,1,0
2001,Never treated,5.45958551414416,10.1804751423224,10.132334806767,13143,0,0,1,0
2002,Never treated,5.3890717298165,10.1992493955523,10.1734383509576,13143,0,0,1,0
2003,Never treated,5.42053499927229,10.2207769697406,10.1978348628567,13143,0,0,1,0
2004,Never treated,5.27299955856375,10.2387090072557,10.2268745496087,13143,0,0,1,0
2005,Never treated,5.50125821054473,10.2448762549372,10.2582556796546,13143,0,0,1,0
2006,Never treated,5.58724865840025,10.2490611034037,10.3147359054,13143,0,0,1,0
2007,Never treated,5.63121178182137,10.26493110855,10.359297171746,13143,0,0,1,0
2001,Never treated,5.45958551414416,10.1008208669505,9.85071948699747,13145,0,0,1,0
2002,Never treated,5.33271879326537,10.1321359244848,9.8668754340394,13145,0,0,1,0
2003,Never treated,5.06890420222023,10.1640039569151,9.95251578360348,13145,0,0,1,0
2004,Never treated,4.97673374242057,10.197909361851,10.0145816000417,13145,0,0,1,0
2005,Never treated,5.10594547390058,10.2169470148483,9.99661353052561,13145,0,0,1,0
2006,Never treated,5.25227342804663,10.2497686672908,10.08016822944,13145,0,0,1,0
2007,Never treated,5.29330482472449,10.278905739292,10.144392433429,13145,0,0,1,0
2001,Never treated,5.83188247728352,10.0475446055296,10.1740488981795,13147,0,0,1,0
2002,Never treated,5.75574221358691,10.0535011148536,10.197350484063,13147,0,0,1,0
2003,Never treated,5.5834963087817,10.0545334174099,10.1917819374863,13147,0,0,1,0
2004,Never treated,5.44241771052179,10.0734412753362,10.2275618224288,13147,0,0,1,0
2005,Never treated,5.5834963087817,10.0806290492885,10.2523117599301,13147,0,0,1,0
2006,Never treated,5.51342874616498,10.0905893325031,10.2712854069145,13147,0,0,1,0
2007,Never treated,5.57215403217776,10.0909210212163,10.2910262721108,13147,0,0,1,0
2001,Never treated,3.66356164612965,9.32286516281803,10.3878562582398,13149,0,0,1,0
2002,Never treated,3.91202300542815,9.32847889999322,10.4470900958161,13149,0,0,1,0
2003,Never treated,3.55534806148941,9.32393687855872,10.467038444925,13149,0,0,1,0
2004,Never treated,3.55534806148941,9.32954461945466,10.5452624882236,13149,0,0,1,0
2005,Never treated,3.40119738166216,9.32758993202642,10.542284138346,13149,0,0,1,0
2006,Never treated,3.43398720448515,9.33529761138057,10.3592020770474,13149,0,0,1,0
2007,Never treated,3.36729582998647,9.34347168457936,10.5625607527623,13149,0,0,1,0
2001,Never treated,7.54168309988211,11.7791668191872,10.245870855758,13151,0,0,1,0
2002,Never treated,7.40306109109009,11.8503757945311,10.2788026836934,13151,0,0,1,0
2003,Never treated,7.44833386089748,11.9194899685217,10.2994409002717,13151,0,0,1,0
2004,Never treated,7.51752085060303,11.976275759792,10.3343929611261,13151,0,0,1,0
2005,Never treated,7.57814547241947,12.026563131236,10.351117752805,13151,0,0,1,0
2006,Never treated,7.67971363996637,12.0845601641283,10.3721778196993,13151,0,0,1,0
2007,Never treated,7.722677516468,12.1275812339744,10.3979398621842,13151,0,0,1,0
2001,Never treated,7.44366368311559,11.6369291124397,10.3541490734306,13153,0,0,1,0
2002,Never treated,7.41034709782102,11.665320318522,10.3970245861646,13153,0,0,1,0
2003,Never treated,7.37337430991005,11.6958301850248,10.4233522009528,13153,0,0,1,0
2004,Never treated,7.39264752072162,11.7262045217472,10.4497285815231,13153,0,0,1,0
2005,Never treated,7.40367029001237,11.7436323420906,10.5122199819537,13153,0,0,1,0
2006,Never treated,7.39326309476384,11.7596761619199,10.5476282955412,13153,0,0,1,0
2007,Never treated,7.4593388952203,11.7851715126255,10.5769420997503,13153,0,0,1,0
2001,Never treated,5.48063892334199,9.67464026580524,9.8501395170342,13075,0,0,1,0
2002,Never treated,5.43372200355424,9.67871767947733,9.94975071700577,13075,0,0,1,0
2003,Never treated,5.21493575760899,9.68638819820623,9.96302923524444,13075,0,0,1,0
2004,Never treated,5.28826703069454,9.6914075735779,9.95967883218587,13075,0,0,1,0
2005,Never treated,5.19295685089021,9.69818391935025,10.0070364281647,13075,0,0,1,0
2006,Never treated,5.2257466737132,9.69523261371567,10.0647557001323,13075,0,0,1,0
2007,Never treated,5.16478597392351,9.70509758756311,10.0909210212163,13075,0,0,1,0
2001,Never treated,6.37672694789863,10.682376554541,10.1281100097297,13157,0,0,1,0
2002,Never treated,6.20050917404269,10.7259510045661,10.1685021479256,13157,0,0,1,0
2003,Never treated,6.21860011969173,10.7650475097038,10.2097214703824,13157,0,0,1,0
2004,Never treated,6.26149168432104,10.8110200427364,10.2671927263961,13157,0,0,1,0
2005,Never treated,6.24416690066374,10.8589797666094,10.2825402366925,13157,0,0,1,0
2006,Never treated,6.35957386867238,10.9228762424139,10.3200244746113,13157,0,0,1,0
2007,Never treated,6.45676965557216,10.9975394584479,10.3536391782667,13157,0,0,1,0
2001,Never treated,4.31748811353631,9.37220408686774,10.1503866922047,13159,0,0,1,0
2002,Never treated,4.24849524204936,9.41189249704692,10.1660825596113,13159,0,0,1,0
2003,Never treated,4.35670882668959,9.44398855593548,10.1671586550264,13159,0,0,1,0
2004,Never treated,4.34380542185368,9.45548022116229,10.236955280137,13159,0,0,1,0
2005,Never treated,4.4188406077966,9.47431871772873,10.2343368672635,13159,0,0,1,0
2006,Never treated,4.49980967033027,9.50278608027699,10.2519236501961,13159,0,0,1,0
2007,Never treated,4.36944785246702,9.52222713312478,10.2870478252562,13159,0,0,1,0
2001,Never treated,5.36597601502185,9.45548022116229,10.0555646554165,13161,0,0,1,0
2002,Never treated,5.11198778835654,9.46218799141875,10.0511745304349,13161,0,0,1,0
2003,Never treated,5.01063529409626,9.45930760329985,10.0936946036041,13161,0,0,1,0
2004,Never treated,4.91265488573605,9.46343099965834,10.1476878463759,13161,0,0,1,0
2005,Never treated,5.07517381523383,9.47554674766278,10.1478053390817,13161,0,0,1,0
2006,Never treated,5.19849703126583,9.48653167771247,10.1923439352157,13161,0,0,1,0
2007,Never treated,5.23644196282995,9.49077121771377,10.2298373006287,13161,0,0,1,0
2001,Never treated,5.09375020080676,9.75103542934445,10.1395868150106,13163,0,0,1,0
2002,Never treated,5.04342511691925,9.74817786798897,10.1468650106811,13163,0,0,1,0
2003,Never treated,5.12396397940326,9.73979145986534,10.1691540509302,13163,0,0,1,0
2004,Never treated,5.15329159449778,9.73932020632222,10.2375998638657,13163,0,0,1,0
2005,Never treated,5.17614973257383,9.71986515000913,10.2255348191648,13163,0,0,1,0
2006,Never treated,5.21493575760899,9.71250862865099,10.2621405388585,13163,0,0,1,0
2007,Never treated,5.28320372873799,9.70412156113292,10.2941097137745,13163,0,0,1,0
2001,Never treated,4.12713438504509,9.06566136060674,9.98828815422859,13165,0,0,1,0
2002,Never treated,3.97029191355212,9.06704720214971,10.0127006375094,13165,0,0,1,0
2003,Never treated,3.80666248977032,9.07234187381889,10.0184666608598,13165,0,0,1,0
2004,Never treated,3.61091791264422,9.06647000155648,10.0447266642289,13165,0,0,1,0
2005,Never treated,3.76120011569356,9.05788824878451,10.1168231628593,13165,0,0,1,0
2006,Never treated,3.63758615972639,9.06265209907658,10.1124104682104,13165,0,0,1,0
2007,Never treated,3.55534806148941,9.05275045140141,10.1024203751353,13165,0,0,1,0
2001,Never treated,3.55534806148941,9.05683948099042,10.0250412480887,13167,0,0,1,0
2002,Never treated,3.49650756146648,9.15048420482282,10.0105017001906,13167,0,0,1,0
2003,Never treated,3.80666248977032,9.15936281721132,10.0467650472398,13167,0,0,1,0
2004,Never treated,3.66356164612965,9.1719113453564,10.1320563604954,13167,0,0,1,0
2005,Never treated,3.55534806148941,9.09425589295538,10.1497224350737,13167,0,0,1,0
2006,Never treated,3.55534806148941,9.10586835037947,10.1911821249098,13167,0,0,1,0
2007,Never treated,3.29583686600433,9.14995322196109,10.1110300376217,13167,0,0,1,0
2001,Never treated,4.87519732320115,10.0929088464453,10.0671358440645,13169,0,0,1,0
2002,Never treated,4.7361984483945,10.1182762994676,10.0858091093301,13169,0,0,1,0
2003,Never treated,4.56434819146784,10.1480011295865,10.1030348899952,13169,0,0,1,0
2004,Never treated,4.76217393479776,10.1786541319175,10.1271509686972,13169,0,0,1,0
2005,Never treated,4.91998092582813,10.191594534701,10.1365814347035,13169,0,0,1,0
2006,Never treated,4.75359019110636,10.2003647202274,10.1808919905768,13169,0,0,1,0
2007,Never treated,5.03043792139244,10.213872454394,10.2664626090233,13169,0,0,1,0
2001,Never treated,4.969813299576,9.7066816015412,10.0574525008306,13171,0,0,1,0
2002,Never treated,4.89783979995091,9.6941852674104,10.1173885224834,13171,0,0,1,0
2003,Never treated,4.81218435537242,9.70045295414463,10.1638112749746,13171,0,0,1,0
2004,Never treated,4.77912349311153,9.7005142080113,10.1909195937327,13171,0,0,1,0
2005,Never treated,4.80402104473326,9.71715797434464,10.2715968741005,13171,0,0,1,0
2006,Never treated,4.75359019110636,9.71673619866279,10.3061153058241,13171,0,0,1,0
2007,Never treated,4.89783979995091,9.73684247512718,10.2850355805841,13171,0,0,1,0
2001,Never treated,4.04305126783455,8.87318790405011,9.96885385596738,13173,0,0,1,0
2002,Never treated,3.80666248977032,8.87988996767346,10.0157889246233,13173,0,0,1,0
2003,Never treated,3.49650756146648,8.91085558740525,10.0454210484248,13173,0,0,1,0
2004,Never treated,3.71357206670431,8.91220384162054,10.0417265967599,13173,0,0,1,0
2005,Never treated,3.66356164612965,8.91126025457203,10.0848086089965,13173,0,0,1,0
2006,Never treated,3.80666248977032,8.94141462800684,10.1315788435743,13173,0,0,1,0
2007,Never treated,3.52636052461616,8.98907006504365,10.1600658799366,13173,0,0,1,0
2001,Never treated,6.45204895443723,10.7205544562652,10.1411255500008,13175,0,0,1,0
2002,Never treated,6.30809844150953,10.7304004732591,10.202183746251,13175,0,0,1,0
2003,Never treated,6.25190388316589,10.7470140244554,10.2399955028053,13175,0,0,1,0
2004,Never treated,6.30809844150953,10.747078550992,10.2685125376463,13175,0,0,1,0
2005,Never treated,6.30809844150953,10.7508568389439,10.2986329282374,13175,0,0,1,0
2006,Never treated,6.22257626807137,10.7589873987728,10.3388350351262,13175,0,0,1,0
2007,Never treated,6.25958146406492,10.7680638487236,10.3660573693384,13175,0,0,1,0
2001,Never treated,5.00394630594546,10.1941028189653,10.0372751623342,13177,0,0,1,0
2002,Never treated,4.99721227376411,10.2301619466772,10.058138107405,13177,0,0,1,0
2003,Never treated,5.01063529409626,10.2694145637968,10.058352263097,13177,0,0,1,0
2004,Never treated,4.76217393479776,10.3085192333949,10.1482751719082,13177,0,0,1,0
2005,Never treated,4.94875989037817,10.3374429310439,10.1652747274425,13177,0,0,1,0
2006,Never treated,4.85203026391962,10.3772341680607,10.1880648100344,13177,0,0,1,0
2007,Never treated,5.11799381241676,10.4051109655373,10.2380651382965,13177,0,0,1,0
2001,Never treated,6.2363695902037,10.9990953321839,10.1077336667459,13179,0,0,1,0
2002,Never treated,6.03068526026126,11.0152957246316,10.1521038998234,13179,0,0,1,0
2003,Never treated,6.02344759296103,10.9984431637007,10.23081092276,13179,0,0,1,0
2004,Never treated,5.91620206260743,11.0102829348455,10.2590268518746,13179,0,0,1,0
2005,Never treated,6.17586727010576,11.0510169814389,10.3293760102852,13179,0,0,1,0
2006,Never treated,6.13556489108174,11.0074190026818,10.3698595955478,13179,0,0,1,0
2007,Never treated,6.15060276844628,11.0110926180393,10.4236197356224,13179,0,0,1,0
2001,Never treated,4.34380542185368,9.04168500594604,9.89917828094803,13181,0,0,1,0
2002,Never treated,4.38202663467388,9.04357715409808,9.92739937258244,13181,0,0,1,0
2003,Never treated,4.04305126783455,9.04840950482996,9.95337235546513,13181,0,0,1,0
2004,Never treated,4.14313472639153,9.03228968203287,9.96495887462423,13181,0,0,1,0
2005,Never treated,4.07753744390572,9.00908061416198,10.0275618676381,13181,0,0,1,0
2006,Never treated,4.27666611901606,9.0029471307532,10.0858924391914,13181,0,0,1,0
2007,Never treated,4.0943445622221,8.99106433218846,10.1237870633986,13181,0,0,1,0
2001,Never treated,3.36729582998647,9.25827302573149,9.76801141297368,13183,0,0,1,0
2002,Never treated,3.04452243772342,9.2838696052643,9.86817120740856,13183,0,0,1,0
2003,Never treated,2.99573227355399,9.28451977015043,9.82682246760064,13183,0,0,1,0
2004,Never treated,2.39789527279837,9.29825967001407,9.86671982834391,13183,0,0,1,0
2005,Never treated,2.19722457733622,9.29679325970638,9.90782811863455,13183,0,0,1,0
2006,Never treated,2.63905732961526,9.31847703058076,10.0381932553884,13183,0,0,1,0
2007,Never treated,2.484906649788,9.32705617167214,10.1189214607803,13183,0,0,1,0
2001,Never treated,7.37400185935016,11.4316720246556,10.0731037368325,13185,0,0,1,0
2002,Never treated,7.34665516317654,11.4472769947337,10.1027891293648,13185,0,0,1,0
2003,Never treated,7.37086016653672,11.4559317434501,10.1209349113055,13185,0,0,1,0
2004,Never treated,7.38585107812521,11.4706962307525,10.1301050626618,13185,0,0,1,0
2005,Never treated,7.50714107972761,11.4985628141344,10.1650437983368,13185,0,0,1,0
2006,Never treated,7.45124168498768,11.5163196980382,10.2070675801407,13185,0,0,1,0
2007,Never treated,7.47533923656674,11.5299300637861,10.2441652196399,13185,0,0,1,0
2001,Never treated,5.4380793089232,9.99665908342392,10.1611871079919,13187,0,0,1,0
2002,Never treated,5.39362754635236,10.0253068758572,10.1924188443883,13187,0,0,1,0
2003,Never treated,5.32787616878958,10.061217533302,10.2146419811731,13187,0,0,1,0
2004,Never treated,5.18178355029209,10.0800844211932,10.2438450887392,13187,0,0,1,0
2005,Never treated,5.32300997913841,10.1196870496159,10.2736017833414,13187,0,0,1,0
2006,Never treated,5.30826769740121,10.1602592848303,10.301693039915,13187,0,0,1,0
2007,Never treated,5.37063802812766,10.1889296180446,10.297655756902,13187,0,0,1,0
2001,Never treated,5.5683445037611,9.96824479975141,10.0902990146029,13189,0,0,1,0
2002,Never treated,5.42934562895444,9.96740087827978,10.1382434191785,13189,0,0,1,0
2003,Never treated,5.30330490805908,9.97306025588809,10.1675426943568,13189,0,0,1,0
2004,Never treated,5.23644196282995,9.97854864175801,10.1874627630566,13189,0,0,1,0
2005,Never treated,5.50533153593236,9.97166008763918,10.1983190071411,13189,0,0,1,0
2006,Never treated,5.38449506278909,9.97738836037566,10.2310271545613,13189,0,0,1,0
2007,Never treated,5.31320597904179,9.97701678582424,10.3804357622662,13189,0,0,1,0
2001,Never treated,5.11198778835654,9.3130774494273,9.82633649334771,13191,0,0,1,0
2002,Never treated,4.78749174278205,9.30191631546339,9.86583760508422,13191,0,0,1,0
2003,Never treated,5.01063529409626,9.3061958576197,9.8843557002201,13191,0,0,1,0
2004,Never treated,5.2257466737132,9.3142498353667,9.85875165869474,13191,0,0,1,0
2005,Never treated,5.03043792139244,9.29880901996379,9.9438614466744,13191,0,0,1,0
2006,Never treated,5.09375020080676,9.31695010703444,10.023933705612,13191,0,0,1,0
2007,Never treated,5.01727983681492,9.34600698339772,10.0875575798642,13191,0,0,1,0
2001,Never treated,4.72738781871234,9.55676293945056,10.2123316220399,13193,0,0,1,0
2002,Never treated,4.65396035015752,9.54995053728832,10.2273810069505,13193,0,0,1,0
2003,Never treated,4.66343909411207,9.54301971035869,10.2545316731024,13193,0,0,1,0
2004,Never treated,4.75359019110636,9.54609806765953,10.2639204266022,13193,0,0,1,0
2005,Never treated,4.96284463025991,9.51421562432271,10.2693452060495,13193,0,0,1,0
2006,Never treated,4.89783979995091,9.51296031679217,10.2832929138637,13193,0,0,1,0
2007,Never treated,4.78749174278205,9.49957124441781,10.2835322832974,13193,0,0,1,0
2001,Never treated,4.90527477843843,10.1715662278441,10.0520368596394,13195,0,0,1,0
2002,Never treated,4.82028156560504,10.1920067744805,10.0734412753362,13195,0,0,1,0
2003,Never treated,4.75359019110636,10.2086902387059,10.0838906035075,13195,0,0,1,0
2004,Never treated,4.77912349311153,10.2108251826463,10.1167423711,13195,0,0,1,0
2005,Never treated,4.66343909411207,10.2124050488701,10.1794512320337,13195,0,0,1,0
2006,Never treated,4.87519732320115,10.2230679214871,10.2259333049242,13195,0,0,1,0
2007,Never treated,5.00394630594546,10.2320716163083,10.2497333009843,13195,0,0,1,0
2001,Never treated,4.11087386417331,8.87766093359367,9.83841555579241,13197,0,0,1,0
2002,Never treated,4.0943445622221,8.8771028978649,9.9281801651265,13197,0,0,1,0
2003,Never treated,3.73766961828337,8.87094386383772,9.95948974265141,13197,0,0,1,0
2004,Never treated,3.63758615972639,8.87262736591884,10.0363124456486,13197,0,0,1,0
2005,Never treated,3.52636052461616,8.85580599253656,10.0636913040765,13197,0,0,1,0
2006,Never treated,3.89182029811063,8.85552084853691,10.0816337379196,13197,0,0,1,0
2007,Never treated,3.95124371858143,8.86049916761602,10.1342817627809,13197,0,0,1,0
2001,Never treated,4.97673374242057,10.0254839218454,10.0960069343065,13199,0,0,1,0
2002,Never treated,4.88280192258637,10.0377124546274,10.1100951352102,13199,0,0,1,0
2003,Never treated,5.03043792139244,10.0308688218632,10.1379666135141,13199,0,0,1,0
2004,Never treated,4.93447393313069,10.0340771222397,10.197126845462,13199,0,0,1,0
2005,Never treated,4.83628190695148,10.0359621369355,10.2327553278087,13199,0,0,1,0
2006,Never treated,4.85203026391962,10.0416395039189,10.2231405642301,13199,0,0,1,0
2007,Never treated,4.90527477843843,10.0339893606003,10.2402097579125,13199,0,0,1,0
2001,Never treated,4.31748811353631,8.76997321185875,9.8939421396926,13201,0,0,1,0
2002,Never treated,4.20469261939097,8.76327171401294,9.97961491292368,13201,0,0,1,0
2003,Never treated,4.06044301054642,8.74400998809674,10.0349981547383,13201,0,0,1,0
2004,Never treated,4.17438726989564,8.73568594451502,10.0727238697814,13201,0,0,1,0
2005,Never treated,4.06044301054642,8.7157161275482,10.0758429450182,13201,0,0,1,0
2006,Never treated,4.23410650459726,8.71915396346254,10.1149228287182,13201,0,0,1,0
2007,Never treated,4.11087386417331,8.72648119644001,10.1623456776743,13201,0,0,1,0
2001,Never treated,5.46806014113513,10.0846834760426,9.918129829273,13205,0,0,1,0
2002,Never treated,5.48479693349065,10.0804615030035,9.96170928973625,13205,0,0,1,0
2003,Never treated,5.3890717298165,10.080335824865,9.97030472557345,13205,0,0,1,0
2004,Never treated,5.27811465923052,10.0794975667163,9.9885178017207,13205,0,0,1,0
2005,Never treated,5.26269018890489,10.0643726480538,10.014313107625,13205,0,0,1,0
2006,Never treated,5.39816270151775,10.0747481619707,10.0687477214018,13205,0,0,1,0
2007,Never treated,5.27299955856375,10.0893860378204,10.1108675086709,13205,0,0,1,0
2001,Never treated,5.28320372873799,10.0026992026071,10.1961944792357,13207,0,0,1,0
2002,Never treated,4.98360662170834,10.027959280047,10.2280679319038,13207,0,0,1,0
2003,Never treated,5.12396397940326,10.0565090236185,10.2750511089686,13207,0,0,1,0
2004,Never treated,5.03695260241363,10.0609612763603,10.2943126839048,13207,0,0,1,0
2005,Never treated,5.10594547390058,10.0687477214018,10.2879673342352,13207,0,0,1,0
2006,Never treated,5.08759633523238,10.0981493214147,10.3358217647463,13207,0,0,1,0
2007,Never treated,5.53733426701854,10.1293873020441,10.365143940294,13207,0,0,1,0
2001,Never treated,3.49650756146648,9.04617302576227,10.0969138890622,13209,0,0,1,0
2002,Never treated,3.8286413964891,9.04345899967011,10.0693409166228,13209,0,0,1,0
2003,Never treated,3.8286413964891,9.08216603325267,10.0711606763243,13209,0,0,1,0
2004,Never treated,3.40119738166216,9.09705968551722,10.1146799727306,13209,0,0,1,0
2005,Never treated,3.55534806148941,9.09088093193886,10.1191632890028,13209,0,0,1,0
2006,Never treated,3.66356164612965,9.10520205385288,10.1819144274736,13209,0,0,1,0
2007,Never treated,3.58351893845611,9.10342308963011,10.2561143136283,13209,0,0,1,0
2001,Never treated,5.32787616878958,9.68059396997713,10.1376897312071,13211,0,0,1,0
2002,Never treated,5.26269018890489,9.70607266229452,10.1510895426827,13211,0,0,1,0
2003,Never treated,5.19295685089021,9.72651168206693,10.2010704496652,13211,0,0,1,0
2004,Never treated,5.18738580584075,9.73973256531601,10.2417439109508,13211,0,0,1,0
2005,Never treated,5.28320372873799,9.75805707432592,10.2541092122618,13211,0,0,1,0
2006,Never treated,5.605802066296,9.78199765494842,10.2709045930068,13211,0,0,1,0
2007,Never treated,5.59471137960184,9.80835235742109,10.2969475535169,13211,0,0,1,0
2001,Never treated,5.78382518232974,10.5417296609267,10.1361060742129,13213,0,0,1,0
2002,Never treated,5.74300318780948,10.5630520960789,10.1747353185245,13213,0,0,1,0
2003,Never treated,5.71042701737487,10.5864076139406,10.1931676276506,13213,0,0,1,0
2004,Never treated,5.68357976733868,10.604751701198,10.2740160907634,13213,0,0,1,0
2005,Never treated,5.38449506278909,10.6012241854299,10.2900076654765,13213,0,0,1,0
2006,Never treated,5.72031177660741,10.6113262818391,10.3079521603107,13213,0,0,1,0
2007,Never treated,5.65248918026865,10.6146956484137,10.3271854289054,13213,0,0,1,0
2001,Never treated,7.9287663216267,12.134093175738,10.2858887210457,13215,0,0,1,0
2002,Never treated,7.87473912517181,12.1293319801095,10.3132434420614,13215,0,0,1,0
2003,Never treated,7.84109976542212,12.1131895180501,10.3214081019116,13215,0,0,1,0
2004,Never treated,7.70391020961631,12.1316830952755,10.3455738440999,13215,0,0,1,0
2005,Never treated,7.76599307940768,12.1475639086496,10.3840601331311,13215,0,0,1,0
2006,Never treated,7.81318726752142,12.1630503153793,10.4097025637444,13215,0,0,1,0
2007,Never treated,7.80139132029149,12.1367922327072,10.4796513776103,13215,0,0,1,0
2001,Never treated,6.53087762772588,11.1159640973533,10.2955972055971,13217,0,0,1,0
2002,Never treated,6.3919171133926,11.1818347221014,10.3457345047368,13217,0,0,1,0
2003,Never treated,6.45204895443723,11.2454903655229,10.3603742801312,13217,0,0,1,0
2004,Never treated,6.49677499018586,11.3098786153551,10.4000418232645,13217,0,0,1,0
2005,Never treated,6.51619307604296,11.3597160087197,10.4266171707583,13217,0,0,1,0
2006,Never treated,6.62804137617953,11.4139555966677,10.4681193108606,13217,0,0,1,0
2007,Never treated,6.62539236800796,11.4693810179369,10.4815044258424,13217,0,0,1,0
2001,Never treated,5.605802066296,10.1950744910651,10.1279102853487,13219,0,0,1,0
2002,Never treated,5.77144112313002,10.2145320850248,10.1407312282291,13219,0,0,1,0
2003,Never treated,5.50938833662798,10.244840715177,10.1570827113062,13219,0,0,1,0
2004,Never treated,5.56452040732269,10.2718736524029,10.2274533370652,13219,0,0,1,0
2005,Never treated,5.65948221575962,10.2854451788423,10.2760850570187,13219,0,0,1,0
2006,Never treated,5.72031177660741,10.317780249247,10.3094192184559,13219,0,0,1,0
2007,Never treated,5.91620206260743,10.3580919702046,10.3227569416207,13219,0,0,1,0
2001,Never treated,3.80666248977032,9.46451736587056,10.0188677035762,13221,0,0,1,0
2002,Never treated,3.93182563272433,9.48326407345242,10.0482802974377,13221,0,0,1,0
2003,Never treated,3.98898404656427,9.49987073528558,10.068832485123,13221,0,0,1,0
2004,Never treated,4.15888308335967,9.51495330508794,10.05985007016,13221,0,0,1,0
2005,Never treated,4.18965474202643,9.50599061407714,10.080335824865,13221,0,0,1,0
2006,Never treated,4.17438726989564,9.52259309836217,10.0989309732081,13221,0,0,1,0
2007,Never treated,4.12713438504509,9.54409463253035,10.1442352377987,13221,0,0,1,0
2001,Never treated,6.48463523563525,11.3953461585596,10.1601432463828,13223,0,0,1,0
2002,Never treated,6.4377516497364,11.4561857869776,10.2033328521137,13223,0,0,1,0
2003,Never treated,6.38519439899773,11.5132953965371,10.2300898122186,13223,0,0,1,0
2004,Never treated,6.48463523563525,11.5715245072732,10.2643387637183,13223,0,0,1,0
2005,Never treated,6.71295620067707,11.6188068449547,10.292586123224,13223,0,0,1,0
2006,Never treated,6.80682936039218,11.6924430944314,10.2909923352673,13223,0,0,1,0
2007,Never treated,6.98471632011827,11.7590274431167,10.2841133706306,13223,0,0,1,0
2001,Never treated,5.32787616878958,10.0839740933844,10.2263678356379,13225,0,0,1,0
2002,Never treated,5.23110861685459,10.0907966508411,10.2747407159741,13225,0,0,1,0
2003,Never treated,5.25227342804663,10.1042218823372,10.286229773537,13225,0,0,1,0
2004,Never treated,5.22035582507832,10.107774429,10.2757405264382,13225,0,0,1,0
2005,Never treated,5.31320597904179,10.1079782153511,10.268338977759,13225,0,0,1,0
2006,Never treated,5.41610040220442,10.1307824749728,10.2876268739295,13225,0,0,1,0
2007,Never treated,5.40267738187228,10.172903816181,10.3535754230866,13225,0,0,1,0
2001,Never treated,5.42934562895444,10.1085078655906,10.1253502839506,13227,0,0,1,0
2002,Never treated,5.4380793089232,10.1535456363912,10.2194654941428,13227,0,0,1,0
2003,Never treated,5.32300997913841,10.2022579219733,10.2665321669825,13227,0,0,1,0
2004,Never treated,5.4380793089232,10.2327193546447,10.3051119612584,13227,0,0,1,0
2005,Never treated,5.37527840768417,10.2461193514727,10.3178132890765,13227,0,0,1,0
2006,Never treated,5.40717177146012,10.2825060106293,10.33653540173,13227,0,0,1,0
2007,Never treated,5.4510384535657,10.3223952363408,10.3579015423762,13227,0,0,1,0
2001,Never treated,5.04985600724954,9.66649859439987,9.95494083412504,13229,0,0,1,0
2002,Never treated,5.15905529921453,9.67996893089184,10.0213150316493,13229,0,0,1,0
2003,Never treated,5.24702407216049,9.69781548213392,10.013283218359,13229,0,0,1,0
2004,Never treated,5.20948615284142,9.72328375171318,10.0978611903542,13229,0,0,1,0
2005,Never treated,5.15905529921453,9.75091895389152,10.1528055448198,13229,0,0,1,0
2006,Never treated,5.18178355029209,9.76388059814971,10.1743921672486,13229,0,0,1,0
2007,Never treated,5.23644196282995,9.78981480804755,10.2129188857749,13229,0,0,1,0
2001,Never treated,4.0943445622221,9.55066233175214,10.0471549023485,13231,0,0,1,0
2002,Never treated,4.23410650459726,9.58959838791517,10.0607049537342,13231,0,0,1,0
2003,Never treated,4.17438726989564,9.62165500487324,10.0757166850488,13231,0,0,1,0
2004,Never treated,4.30406509320417,9.66071510883295,10.0837236028391,13231,0,0,1,0
2005,Never treated,4.36944785246702,9.67852985665631,10.1213773269018,13231,0,0,1,0
2006,Never treated,4.46590811865458,9.71371833060702,10.1956346419471,13231,0,0,1,0
2007,Never treated,4.26267987704132,9.75225760321985,10.2124417602634,13231,0,0,1,0
2001,Never treated,6.12905021006055,10.5675405728917,10.1270710070787,13233,0,0,1,0
2002,Never treated,5.87773578177964,10.5850680967246,10.1732092996109,13233,0,0,1,0
2003,Never treated,5.96614673912369,10.5938308057633,10.1822171710899,13233,0,0,1,0
2004,Never treated,5.92692602597041,10.5998296239926,10.2226682920473,13233,0,0,1,0
2005,Never treated,5.94803498918065,10.6039578534759,10.2334745194683,13233,0,0,1,0
2006,Never treated,5.90808293816893,10.6172458570002,10.2773587890531,13233,0,0,1,0
2007,Never treated,5.91079664404053,10.6321707815871,10.2914673463033,13233,0,0,1,0
2001,Never treated,4.4188406077966,9.17357264778397,10.1411649736274,13235,0,0,1,0
2002,Never treated,4.56434819146784,9.18276360420595,10.2233947722826,13235,0,0,1,0
2003,Never treated,4.55387689160054,9.18737876033884,10.2567115487986,13235,0,0,1,0
2004,Never treated,4.43081679884331,9.18972941807206,10.2354137573094,13235,0,0,1,0
2005,Never treated,4.30406509320417,9.17533476277737,10.24427190717,13235,0,0,1,0
2006,Never treated,4.36944785246702,9.18368834097876,10.2717006749414,13235,0,0,1,0
2007,Never treated,4.17438726989564,9.19044374026173,10.2590969289594,13235,0,0,1,0
2001,Never treated,3.98898404656427,9.20743615882879,9.97803828380042,13155,0,0,1,0
2002,Never treated,3.8286413964891,9.21552689866348,9.98118906019998,13155,0,0,1,0
2003,Never treated,4.06044301054642,9.22167588163993,9.98128157997615,13155,0,0,1,0
2004,Never treated,3.8286413964891,9.19410935886576,10.0475446055296,13155,0,0,1,0
2005,Never treated,4.12713438504509,9.22266412166501,10.1076113700131,13155,0,0,1,0
2006,Never treated,3.8286413964891,9.23112291115871,10.119082686093,13155,0,0,1,0
2007,Never treated,3.87120101090789,9.20703491496746,10.1391918858952,13155,0,0,1,0
2001,Never treated,5.62762111369064,9.63639211369274,10.0424665798176,13241,0,0,1,0
2002,Never treated,5.56068163101553,9.65065769085156,10.080293928642,13241,0,0,1,0
2003,Never treated,5.4510384535657,9.66865090263087,10.1015184030353,13241,0,0,1,0
2004,Never treated,5.26269018890489,9.67677514040736,10.1578584162669,13241,0,0,1,0
2005,Never treated,5.4249500174814,9.68961340722907,10.1908820836519,13241,0,0,1,0
2006,Never treated,5.37063802812766,9.69449342432634,10.2143122564902,13241,0,0,1,0
2007,Never treated,5.40717177146012,9.71498694466546,10.2292959895602,13241,0,0,1,0
2001,Never treated,3.97029191355212,8.9442893196507,9.97590123304517,13243,0,0,1,0
2002,Never treated,3.66356164612965,8.93247660846174,10.0429016083188,13243,0,0,1,0
2003,Never treated,3.46573590279973,8.90625787815662,10.0758429450182,13243,0,0,1,0
2004,Never treated,3.25809653802148,8.90449432889673,10.0931570469926,13243,0,0,1,0
2005,Never treated,2.89037175789616,8.90136656405678,10.1240678214472,13243,0,0,1,0
2006,Never treated,2.83321334405622,8.89959435992585,10.1575482064851,13243,0,0,1,0
2007,Never treated,3.36729582998647,8.8934354408475,10.2048876018161,13243,0,0,1,0
2001,Never treated,7.96589273508453,12.2011003039036,10.2898038195833,13245,0,0,1,0
2002,Never treated,7.85438121065236,12.1968956655641,10.3283303610705,13245,0,0,1,0
2003,Never treated,7.79605797431612,12.1916541974918,10.3681959366849,13245,0,0,1,0
2004,Never treated,7.74932246466036,12.1905629902293,10.4077718282587,13245,0,0,1,0
2005,Never treated,7.76174498465891,12.1904715793015,10.4293397103187,13245,0,0,1,0
2006,Never treated,7.76472054477148,12.1919889340167,10.4739584952286,13245,0,0,1,0
2007,Never treated,7.74283595543075,12.1925921911163,10.5101232311481,13245,0,0,1,0
2001,Never treated,7.43661726523423,11.1814726101492,10.3196947571762,13247,0,0,1,0
2002,Never treated,7.19443685110033,11.1999255845342,10.3532884744643,13247,0,0,1,0
2003,Never treated,7.15695636461564,11.2247499374562,10.4073489825005,13247,0,0,1,0
2004,Never treated,7.14282740116162,11.2497148424428,10.4321727406029,13247,0,0,1,0
2005,Never treated,7.10249935577465,11.2642461331995,10.4284823182163,13247,0,0,1,0
2006,Never treated,7.18387071506245,11.2828705853532,10.4681477389305,13247,0,0,1,0
2007,Never treated,7.1708884785125,11.31246030394,10.4680908819826,13247,0,0,1,0
2001,Never treated,3.49650756146648,8.26359043261732,10.0452908881105,13249,0,0,1,0
2002,Never treated,3.36729582998647,8.27842825919907,10.0924536520488,13249,0,0,1,0
2003,Never treated,3.55534806148941,8.28197705886776,10.1454528580909,13249,0,0,1,0
2004,Never treated,3.80666248977032,8.3020178097512,10.2256797414505,13249,0,0,1,0
2005,Never treated,3.2188758248682,8.28071107566285,10.2795581782348,13249,0,0,1,0
2006,Never treated,3.61091791264422,8.28903709827848,10.3440623710911,13249,0,0,1,0
2007,Never treated,3.93182563272433,8.32482129876878,10.3163585029049,13249,0,0,1,0
2001,Never treated,4.49980967033027,9.62905070683437,10.0154313507581,13251,0,0,1,0
2002,Never treated,4.26267987704132,9.6445872815098,10.0944797438333,13251,0,0,1,0
2003,Never treated,4.12713438504509,9.63847979712322,10.1092000621207,13251,0,0,1,0
2004,Never treated,4.20469261939097,9.64270703328185,10.1107455946201,13251,0,0,1,0
2005,Never treated,4.24849524204936,9.62806337747985,10.1524547838598,13251,0,0,1,0
2006,Never treated,4.36944785246702,9.61760386202573,10.1850886734219,13251,0,0,1,0
2007,Never treated,4.17438726989564,9.61893391475888,10.2017014698973,13251,0,0,1,0
2001,Never treated,4.59511985013459,9.13927392354232,10.049490846656,13253,0,0,1,0
2002,Never treated,4.49980967033027,9.14291769565875,10.1223017456891,13253,0,0,1,0
2003,Never treated,4.43081679884331,9.12967246890873,10.1536235089139,13253,0,0,1,0
2004,Never treated,4.36944785246702,9.13529349765327,10.0648833515589,13253,0,0,1,0
2005,Never treated,4.38202663467388,9.11569996782206,10.0960481773725,13253,0,0,1,0
2006,Never treated,4.30406509320417,9.1122864315008,10.1316186453614,13253,0,0,1,0
2007,Never treated,4.20469261939097,9.10631230155214,10.1605299888558,13253,0,0,1,0
2001,Never treated,6.73578001424233,10.9884909927963,10.1890047834084,13255,0,0,1,0
2002,Never treated,6.57646956904822,10.9971542988112,10.2124050488701,13255,0,0,1,0
2003,Never treated,6.59987049921284,11.0103490560126,10.2212501357761,13255,0,0,1,0
2004,Never treated,6.53813982376767,11.0144400532888,10.2573786250982,13255,0,0,1,0
2005,Never treated,6.52356230614951,11.0204962514824,10.2665669441479,13255,0,0,1,0
2006,Never treated,6.58617165485467,11.0366944859687,10.3123468937123,13255,0,0,1,0
2007,Never treated,6.56385552653213,11.0517784994348,10.3298984251598,13255,0,0,1,0
2001,Never treated,5.92958914338989,10.1482360276027,10.1521428930191,13257,0,0,1,0
2002,Never treated,5.83773044716594,10.1477661763803,10.1697672187275,13257,0,0,1,0
2003,Never treated,5.76832099579377,10.1352339926576,10.2122214716845,13257,0,0,1,0
2004,Never treated,5.56068163101553,10.1301050626618,10.2428484700412,13257,0,0,1,0
2005,Never treated,5.61312810638807,10.1294271911523,10.2558682895518,13257,0,0,1,0
2006,Never treated,5.66642668811243,10.1332888915144,10.288409759413,13257,0,0,1,0
2007,Never treated,5.58724865840025,10.1351546747912,10.3215397761498,13257,0,0,1,0
2001,Never treated,3.2188758248682,8.55217416031148,9.92964251001298,13259,0,0,1,0
2002,Never treated,3.09104245335832,8.53738789870176,9.96147340173478,13259,0,0,1,0
2003,Never treated,3.04452243772342,8.52476445691256,9.98778274403152,13259,0,0,1,0
2004,Never treated,2.63905732961526,8.50976567558744,10.0120728629496,13259,0,0,1,0
2005,Never treated,2.56494935746154,8.4767877767812,9.97929051595163,13259,0,0,1,0
2006,Never treated,2.77258872223978,8.45446636150793,10.0969138890622,13259,0,0,1,0
2007,Never treated,2.63905732961526,8.43141741439483,10.1321359244848,13259,0,0,1,0
2001,Never treated,5.82894561761021,10.411810046084,10.0955118847915,13261,0,0,1,0
2002,Never treated,5.67675380226828,10.4116295786729,10.1334478171773,13261,0,0,1,0
2003,Never treated,5.61312810638807,10.4101846657183,10.1715279847326,13261,0,0,1,0
2004,Never treated,5.54126354515843,10.4074698138201,10.1712219871782,13261,0,0,1,0
2005,Never treated,5.48063892334199,10.3859445655017,10.2130656478371,13261,0,0,1,0
2006,Never treated,5.5834963087817,10.3897028103294,10.2233584608028,13261,0,0,1,0
2007,Never treated,5.45958551414416,10.3908398201165,10.2561494549844,13261,0,0,1,0
2001,Never treated,2.07944154167984,8.79239774235691,10.060918560485,13263,0,0,1,0
2002,Never treated,2.19722457733622,8.79482492801452,10.2322875757088,13263,0,0,1,0
2003,Never treated,2.39789527279837,8.7872203286293,10.2498393961518,13263,0,0,1,0
2004,Never treated,2.77258872223978,8.79633893284573,10.2140190765856,13263,0,0,1,0
2005,Never treated,1.94591014905531,8.79361207158931,10.2217958185297,13263,0,0,1,0
2006,Never treated,1.79175946922805,8.78935545220998,10.2237215162816,13263,0,0,1,0
2007,Never treated,2.30258509299405,8.78996465113226,10.319859629483,13263,0,0,1,0
2001,Never treated,5.31320597904179,10.0087930666814,9.94721731539745,13267,0,0,1,0
2002,Never treated,5.20948615284142,10.0109957602514,9.96782292804102,13267,0,0,1,0
2003,Never treated,5.25749537202778,10.0218926169147,9.99838855773085,13267,0,0,1,0
2004,Never treated,5.18178355029209,10.0439014562513,10.0226030334263,13267,0,0,1,0
2005,Never treated,5.25749537202778,10.0382806488777,10.0723438583765,13267,0,0,1,0
2006,Never treated,5.25749537202778,10.0453342767644,10.1078151895927,13267,0,0,1,0
2007,Never treated,5.19295685089021,10.042205471848,10.1563064041601,13267,0,0,1,0
2001,Never treated,3.29583686600433,9.07943410212838,10.161805178858,13269,0,0,1,0
2002,Never treated,3.36729582998647,9.09414357757367,10.1551796872548,13269,0,0,1,0
2003,Never treated,3.25809653802148,9.10030226676725,10.1686172205174,13269,0,0,1,0
2004,Never treated,3.17805383034795,9.09705968551722,10.2193196684043,13269,0,0,1,0
2005,Never treated,3.46573590279973,9.07280095795412,10.2418508571036,13269,0,0,1,0
2006,Never treated,3.66356164612965,9.06242024189956,10.2942112039893,13269,0,0,1,0
2007,Never treated,3.49650756146648,9.06589246761031,10.3356270480585,13269,0,0,1,0
2001,Never treated,4.71849887129509,9.37339415841248,9.9264713889265,13271,0,0,1,0
2002,Never treated,4.52178857704904,9.3604830304059,9.92866785106643,13271,0,0,1,0
2003,Never treated,4.68213122712422,9.46629955223202,9.96156776361265,13271,0,0,1,0
2004,Never treated,4.86753445045558,9.47593019795315,10.0166823003025,13271,0,0,1,0
2005,Never treated,5.16478597392351,9.49122438992696,9.91066175628413,13271,0,0,1,0
2006,Never treated,5.28320372873799,9.49009107410168,9.990719738479,13271,0,0,1,0
2007,Never treated,5.19295685089021,9.4953689269624,9.9897569876883,13271,0,0,1,0
2001,Never treated,4.0943445622221,9.30136867032375,9.96894752400791,13273,0,0,1,0
2002,Never treated,4.20469261939097,9.28905912668757,9.99766072255338,13273,0,0,1,0
2003,Never treated,3.98898404656427,9.30446803470088,10.0340332423828,13273,0,0,1,0
2004,Never treated,4.0943445622221,9.29944954704796,10.0768104088664,13273,0,0,1,0
2005,Never treated,4.17438726989564,9.26473385580652,10.1292277296976,13273,0,0,1,0
2006,Never treated,4.18965474202643,9.25311246382005,10.1387968007492,13273,0,0,1,0
2007,Never treated,4.0943445622221,9.23581316794921,10.1661210115368,13273,0,0,1,0
2001,Never treated,6.4377516497364,10.6675590714328,10.2081004856479,13275,0,0,1,0
2002,Never treated,6.3578422665081,10.6722522795547,10.1960079016282,13275,0,0,1,0
2003,Never treated,6.34738920965601,10.6882791111428,10.1968285828396,13275,0,0,1,0
2004,Never treated,6.41673228251233,10.6888948115214,10.2548132145436,13275,0,0,1,0
2005,Never treated,6.29526600143965,10.6977010418309,10.3022636724935,13275,0,0,1,0
2006,Never treated,6.53813982376767,10.7067439557761,10.3128782786468,13275,0,0,1,0
2007,Never treated,6.41673228251233,10.7210843862827,10.3989761632919,13275,0,0,1,0
2001,Never treated,6.56526497003536,10.5607484545317,10.1215783602137,13277,0,0,1,0
2002,Never treated,6.53087762772588,10.5733149277745,10.1455706136697,13277,0,0,1,0
2003,Never treated,6.46458830368996,10.5860034204274,10.170226847968,13277,0,0,1,0
2004,Never treated,6.43615036836943,10.6017217721446,10.1863329470964,13277,0,0,1,0
2005,Never treated,7.03174125876313,10.6080443946476,10.2276341394667,13277,0,0,1,0
2006,Never treated,6.50128967054039,10.6296583995433,10.2536865728725,13277,0,0,1,0
2007,Never treated,6.40025744530882,10.6490374118891,10.3181436273459,13277,0,0,1,0
2001,Never treated,6.04025471127741,10.1730947542604,9.97301361518474,13279,0,0,1,0
2002,Never treated,5.95064255258773,10.1760686774527,10.0114895763374,13279,0,0,1,0
2003,Never treated,6.04263283368238,10.1844848314592,10.0515195513552,13279,0,0,1,0
2004,Never treated,6.0591231955818,10.1967540032818,10.0673480816865,13279,0,0,1,0
2005,Never treated,6.04263283368238,10.2008847796745,10.0928674736975,13279,0,0,1,0
2006,Never treated,5.99645208861902,10.2115603146356,10.1698821458447,13279,0,0,1,0
2007,Never treated,5.92692602597041,10.2316035442167,10.2161061102779,13279,0,0,1,0
2001,Never treated,4.77912349311153,9.1649245084457,9.90703126615949,13281,0,0,1,0
2002,Never treated,5.18738580584075,9.17823031805795,9.9362451167743,13281,0,0,1,0
2003,Never treated,5.15905529921453,9.20593066348748,9.95399053470923,13281,0,0,1,0
2004,Never treated,4.97673374242057,9.22187360778986,9.96876017915232,13281,0,0,1,0
2005,Never treated,5.27299955856375,9.23678754199103,9.99916130260441,13281,0,0,1,0
2006,Never treated,5.25227342804663,9.26860928010016,10.044509570248,13281,0,0,1,0
2007,Never treated,5.37063802812766,9.29182818882245,10.1176710824788,13281,0,0,1,0
2001,Never treated,4.06044301054642,8.84000106584339,9.85093030179745,13283,0,0,1,0
2002,Never treated,3.8286413964891,8.84980082722101,9.92720407915344,13283,0,0,1,0
2003,Never treated,3.68887945411394,8.85166342536678,9.99529159301117,13283,0,0,1,0
2004,Never treated,3.93182563272433,8.86531163267185,9.96448857409353,13283,0,0,1,0
2005,Never treated,4.0943445622221,8.81700144366586,9.96726015543319,13283,0,0,1,0
2006,Never treated,4.00733318523247,8.83506493503108,10.0241996276984,13283,0,0,1,0
2007,Never treated,4.30406509320417,8.84000106584339,10.0637764974655,13283,0,0,1,0
2001,Never treated,6.85224256905188,10.9947898549049,10.3216385204515,13285,0,0,1,0
2002,Never treated,6.70686233660275,11.0003650039105,10.3150341309602,13285,0,0,1,0
2003,Never treated,6.5694814204143,11.0092078526636,10.3563450229469,13285,0,0,1,0
2004,Never treated,6.54391184556479,11.0207907396477,10.375021260614,13285,0,0,1,0
2005,Never treated,6.64118216974059,11.0394437943447,10.3963833941361,13285,0,0,1,0
2006,Never treated,6.70073110954781,11.0451752947774,10.4258464121158,13285,0,0,1,0
2007,Never treated,6.68210859744981,11.0571875941864,10.4547254869134,13285,0,0,1,0
2001,Never treated,4.97673374242057,9.16303909885817,9.89429543416721,13287,0,0,1,0
2002,Never treated,4.71849887129509,9.17170348836127,9.94793496727142,13287,0,0,1,0
2003,Never treated,4.82028156560504,9.16030943837062,9.9410723128634,13287,0,0,1,0
2004,Never treated,4.77068462446567,9.15788851197376,9.95375281868368,13287,0,0,1,0
2005,Never treated,4.59511985013459,9.1539816383068,10.0249084077405,13287,0,0,1,0
2006,Never treated,4.7361984483945,9.13927392354232,10.0417701403361,13287,0,0,1,0
2007,Never treated,4.68213122712422,9.14633504200027,10.0687477214018,13287,0,0,1,0
2001,Never treated,3.17805383034795,9.2687036152731,10.4177771697433,13289,0,0,1,0
2002,Never treated,3.13549421592915,9.260082463871,10.5630003870971,13289,0,0,1,0
2003,Never treated,2.89037175789616,9.26312255741515,10.5817494955966,13289,0,0,1,0
2004,Never treated,2.56494935746154,9.25646030758974,10.5578939047796,13289,0,0,1,0
2005,Never treated,2.77258872223978,9.25712853347494,10.4685740630286,13289,0,0,1,0
2006,Never treated,2.77258872223978,9.24203281870867,10.4795108551475,13289,0,0,1,0
2007,Never treated,2.63905732961526,9.23190614989074,10.5145294831772,13289,0,0,1,0
2001,Never treated,5.41164605185504,9.79003886002855,10.0091080343998,13291,0,0,1,0
2002,Never treated,5.22035582507832,9.8199972420371,10.0733990892534,13291,0,0,1,0
2003,Never treated,5.25227342804663,9.86089315490371,10.1109081433851,13291,0,0,1,0
2004,Never treated,5.24174701505964,9.87678416970158,10.1469434051622,13291,0,0,1,0
2005,Never treated,5.55295958492162,9.89459815869021,10.2024062569139,13291,0,0,1,0
2006,Never treated,5.59842195899838,9.92201485715001,10.2402097579125,13291,0,0,1,0
2007,Never treated,5.76832099579377,9.94721731539745,10.2685819531676,13291,0,0,1,0
2001,Never treated,5.66642668811243,10.2330071037295,10.0792459521884,13293,0,0,1,0
2002,Never treated,5.46806014113513,10.2319996194762,10.1028300936644,13293,0,0,1,0
2003,Never treated,5.39816270151775,10.2370985568763,10.1517918995088,13293,0,0,1,0
2004,Never treated,5.34710753071747,10.23523435615,10.1690390400999,13293,0,0,1,0
2005,Never treated,5.37063802812766,10.2212137463363,10.1633486867855,13293,0,0,1,0
2006,Never treated,5.46383180502561,10.2211773555723,10.2131023349875,13293,0,0,1,0
2007,Never treated,5.43372200355424,10.2236489157298,10.2426703978503,13293,0,0,1,0
2001,Never treated,6.18826412308259,11.032726034746,10.0909624745709,13295,0,0,1,0
2002,Never treated,6.16541785423142,11.0365012679216,10.1389153426836,13295,0,0,1,0
2003,Never treated,6.10479323241498,11.0462602569899,10.1906569936149,13295,0,0,1,0
2004,Never treated,6.15697898558556,11.0542810745906,10.2128821918936,13295,0,0,1,0
2005,Never treated,6.04025471127741,11.0544708879414,10.2517824820293,13295,0,0,1,0
2006,Never treated,6.05678401322862,11.0632890095167,10.2693798855245,13295,0,0,1,0
2007,Never treated,5.96100533962327,11.0753193235296,10.3016258852578,13295,0,0,1,0
2001,Never treated,6.54391184556479,11.0727136205322,10.2079161164665,13297,0,0,1,0
2002,Never treated,6.44413125670044,11.1139542259784,10.2447696318674,13297,0,0,1,0
2003,Never treated,6.53233429222235,11.1488661809207,10.2646175579351,13297,0,0,1,0
2004,Never treated,6.4085287910595,11.1850323224569,10.2948199290672,13297,0,0,1,0
2005,Never treated,6.35437004079735,11.2322454872018,10.3217043445695,13297,0,0,1,0
2006,Never treated,6.52649485957079,11.2769499348406,10.3522994651477,13297,0,0,1,0
2007,Never treated,6.62936325343745,11.3294952938905,10.3852035731556,13297,0,0,1,0
2001,Never treated,6.21460809842219,10.4777667340797,10.0636913040765,13299,0,0,1,0
2002,Never treated,6.22257626807137,10.4783296862155,10.0935705777238,13299,0,0,1,0
2003,Never treated,6.24804287450843,10.4817848914171,10.1162574834228,13299,0,0,1,0
2004,Never treated,6.24416690066374,10.4457537021364,10.1384015594493,13299,0,0,1,0
2005,Never treated,6.26720054854136,10.4619312252414,10.1696522784005,13299,0,0,1,0
2006,Never treated,6.2363695902037,10.4761605796282,10.2055901476491,13299,0,0,1,0
2007,Never treated,6.19644412779452,10.4893557116156,10.2396740340475,13299,0,0,1,0
2001,Never treated,3.04452243772342,8.7528975247753,10.1540516994263,13301,0,0,1,0
2002,Never treated,2.70805020110221,8.74161592422883,10.113788995837,13301,0,0,1,0
2003,Never treated,2.83321334405622,8.73294952429643,10.1305434406703,13301,0,0,1,0
2004,Never treated,2.39789527279837,8.72955886955857,10.171680948404,13301,0,0,1,0
2005,Never treated,3.46573590279973,8.71193726820875,10.1839561704696,13301,0,0,1,0
2006,Never treated,3.29583686600433,8.68676717538769,10.1885537064545,13301,0,0,1,0
2007,Never treated,3.09104245335832,8.67675776108758,10.2261868041198,13301,0,0,1,0
2001,Never treated,5.09375020080676,9.95854375828421,10.2814101576379,13303,0,0,1,0
2002,Never treated,5.10594547390058,9.94702585455061,10.3074181505523,13303,0,0,1,0
2003,Never treated,5.11799381241676,9.95361016193934,10.3475321426118,13303,0,0,1,0
2004,Never treated,4.99043258677874,9.95322964443094,10.398945699171,13303,0,0,1,0
2005,Never treated,4.969813299576,9.90063348355322,10.4031106617941,13303,0,0,1,0
2006,Never treated,4.93447393313069,9.92993472255098,10.4087376619689,13303,0,0,1,0
2007,Never treated,5.04342511691925,9.9452531017686,10.3267925787726,13303,0,0,1,0
2001,Never treated,5.72358510195238,10.199063387107,10.1953732772485,13305,0,0,1,0
2002,Never treated,5.65599181081985,10.2078054786393,10.2423497879763,13305,0,0,1,0
2003,Never treated,5.65948221575962,10.2284292819114,10.2678875810257,13305,0,0,1,0
2004,Never treated,5.50533153593236,10.2432401172789,10.2927216475339,13305,0,0,1,0
2005,Never treated,5.64190707093811,10.2506877525123,10.3106512172799,13305,0,0,1,0
2006,Never treated,5.68697535633982,10.2587815433979,10.3711760038244,13305,0,0,1,0
2007,Never treated,5.62040086571715,10.2749131684208,10.4314357448588,13305,0,0,1,0
2001,Never treated,2.19722457733622,7.75147531802146,9.8711193075034,13307,0,0,1,0
2002,Never treated,2.39789527279837,7.73848812249465,9.8063707417564,13307,0,0,1,0
2003,Never treated,2.56494935746154,7.74370325817375,10.0173964266439,13307,0,0,1,0
2004,Never treated,3.09104245335832,7.75405263903576,10.0784067795633,13307,0,0,1,0
2005,Never treated,2.89037175789616,7.71868549519847,10.1641580757411,13307,0,0,1,0
2006,Never treated,2.94443897916644,7.70120018085745,10.1844848314592,13307,0,0,1,0
2007,Never treated,2.94443897916644,7.72577144158795,10.216508370253,13307,0,0,1,0
2001,Never treated,3.04452243772342,8.8065738205036,9.95261099449568,13309,0,0,1,0
2002,Never treated,2.56494935746154,8.79133399330135,10.0031518756491,13309,0,0,1,0
2003,Never treated,2.89037175789616,8.79769958011892,10.126351064643,13309,0,0,1,0
2004,Never treated,2.89037175789616,8.78140190768238,10.1879519538319,13309,0,0,1,0
2005,Never treated,2.56494935746154,8.79072562826358,10.1775903424475,13309,0,0,1,0
2006,Never treated,3.09104245335832,8.82394232658524,10.1717191856663,13309,0,0,1,0
2007,Never treated,2.99573227355399,8.82217476094608,10.2080267420543,13309,0,0,1,0
2001,Never treated,5.74939298590825,9.95227771670556,10.0601493625495,13311,0,0,1,0
2002,Never treated,5.56452040732269,10.0030613574322,10.1128161148166,13311,0,0,1,0
2003,Never treated,5.59098698051086,10.0349543152784,10.1113550162978,13311,0,0,1,0
2004,Never treated,5.55682806169954,10.0683661957184,10.144353136838,13311,0,0,1,0
2005,Never treated,5.42934562895444,10.0769365308265,10.1781223786385,13311,0,0,1,0
2006,Never treated,5.5834963087817,10.1048352914799,10.1985423793173,13311,0,0,1,0
2007,Never treated,5.55295958492162,10.1215381567843,10.1842582966851,13311,0,0,1,0
2001,Never treated,7.34858753092759,11.3574639263429,10.3152328986014,13313,0,0,1,0
2002,Never treated,7.16162200293919,11.3710623166071,10.3256786645599,13313,0,0,1,0
2003,Never treated,7.15148546390474,11.382930668354,10.357584082056,13313,0,0,1,0
2004,Never treated,7.15539630189673,11.3989165483584,10.3899487598495,13313,0,0,1,0
2005,Never treated,7.20042489294496,11.4130277786302,10.4197185409607,13313,0,0,1,0
2006,Never treated,7.27586460054653,11.4220922485929,10.431376761728,13313,0,0,1,0
2007,Never treated,7.18841273649695,11.4371992611086,10.4686308925117,13313,0,0,1,0
2001,Never treated,3.66356164612965,9.07715177773244,9.90143544841,13315,0,0,1,0
2002,Never treated,3.61091791264422,9.06681636189014,9.95346748484115,13315,0,0,1,0
2003,Never treated,3.52636052461616,9.07257144223129,10.0145368563114,13315,0,0,1,0
2004,Never treated,3.68887945411394,9.08068716374931,10.0328038240062,13315,0,0,1,0
2005,Never treated,3.73766961828337,9.06056344665796,10.0405937977541,13315,0,0,1,0
2006,Never treated,3.58351893845611,9.06334734823552,10.0540604110155,13315,0,0,1,0
2007,Never treated,3.76120011569356,9.06739336265625,10.0892614763803,13315,0,0,1,0
2001,Never treated,4.79579054559674,9.27322127001538,10.0065404075922,13317,0,0,1,0
2002,Never treated,5.27299955856375,9.27425369771984,10.0078926118909,13317,0,0,1,0
2003,Never treated,4.92725368515721,9.2767833285249,10.0522954134631,13317,0,0,1,0
2004,Never treated,4.74493212836325,9.26444969762322,10.0942318714037,13317,0,0,1,0
2005,Never treated,4.64439089914137,9.24396855295617,10.1133432095234,13317,0,0,1,0
2006,Never treated,4.59511985013459,9.24183903903555,10.1607619625665,13317,0,0,1,0
2007,Never treated,4.54329478227,9.23415455007544,10.163965423497,13317,0,0,1,0
2001,Never treated,4.38202663467388,9.23951074927596,10.409521715566,13319,0,0,1,0
2002,Never treated,4.00733318523247,9.23669014729897,10.4245406964576,13319,0,0,1,0
2003,Never treated,4.11087386417331,9.23171039771237,10.4508283095959,13319,0,0,1,0
2004,Never treated,4.04305126783455,9.23073106162392,10.4431338421103,13319,0,0,1,0
2005,Never treated,3.87120101090789,9.22118139515406,10.4505679569613,13319,0,0,1,0
2006,Never treated,3.97029191355212,9.2135352628727,10.4835220244644,13319,0,0,1,0
2007,Never treated,3.78418963391826,9.21343557688349,10.5200506209133,13319,0,0,1,0
2001,Never treated,5.13579843705026,10.0019744992508,9.9664154022386,13321,0,0,1,0
2002,Never treated,4.86753445045558,9.99213925013069,10.0081628334743,13321,0,0,1,0
2003,Never treated,4.96284463025991,9.99711449831475,10.040244985891,13321,0,0,1,0
2004,Never treated,4.97673374242057,9.99838855773085,10.0899256248419,13321,0,0,1,0
2005,Never treated,5.08759633523238,9.97287368002114,10.0823029700008,13321,0,0,1,0
2006,Never treated,5.15329159449778,9.97338667991579,10.1486665307109,13321,0,0,1,0
2007,Never treated,4.89034912822175,9.96716632919931,10.2242295726142,13321,0,0,1,0
2001,Never treated,5.15329159449778,9.86146692327352,10.1524937633761,13237,0,0,1,0
2002,Never treated,5.15329159449778,9.8721000792945,10.1551408122961,13237,0,0,1,0
2003,Never treated,5.00394630594546,9.8779133014167,10.1683870620907,13237,0,0,1,0
2004,Never treated,5.03695260241363,9.89030099073195,10.2016272528867,13237,0,0,1,0
2005,Never treated,5.08759633523238,9.88639225710749,10.2378504231511,13237,0,0,1,0
2006,Never treated,5.52545293913178,9.89621114356535,10.2834638978771,13237,0,0,1,0
2007,Never treated,5.4249500174814,9.91660119168151,10.3012564540098,13237,0,0,1,0
2001,Never treated,5.36129216570943,10.0806290492885,10.0108161302887,13131,0,0,1,0
2002,Never treated,5.25227342804663,10.0839740933844,10.0526400479386,13131,0,0,1,0
2003,Never treated,5.26269018890489,10.0894275548528,10.0558222988394,13131,0,0,1,0
2004,Never treated,5.27811465923052,10.0956769285284,10.0873911905127,13131,0,0,1,0
2005,Never treated,5.26269018890489,10.0974906141039,10.1229443159923,13131,0,0,1,0
2006,Never treated,5.46806014113513,10.1116798893971,10.150894355986,13131,0,0,1,0
2007,Never treated,5.36597601502185,10.1230647519707,10.1937288473828,13131,0,0,1,0
2001,Never treated,8.97144846369383,12.6534951033988,10.4067143784268,16001,0,0,0,1
2002,Never treated,8.82541291508557,12.6755730231661,10.424006048273,16001,0,0,0,1
2003,Never treated,8.76201995356159,12.6930624395625,10.4388106479025,16001,0,0,0,1
2004,Never treated,8.71177264560569,12.7145304682665,10.483242045741,16001,0,0,0,1
2005,Never treated,8.81209910895734,12.7579960657796,10.514285200079,16001,0,0,0,1
2006,Never treated,8.94298366598565,12.7962702905714,10.5762279233184,16001,0,0,0,1
2007,Never treated,9.02340820262454,12.8279037222733,10.5997548604323,16001,0,0,0,1
2001,Never treated,7.48829351515943,11.2373827448568,10.1113550162978,16005,0,0,0,1
2002,Never treated,7.38647084882989,11.2359459156516,10.1353529576622,16005,0,0,0,1
2003,Never treated,7.27517231945277,11.231781969358,10.1485100055688,16005,0,0,0,1
2004,Never treated,7.2152399787301,11.2637074091927,10.1928681816235,16005,0,0,0,1
2005,Never treated,7.17395831975679,11.2724958671125,10.2332588162751,16005,0,0,0,1
2006,Never treated,7.24422751560335,11.2820899058706,10.2516412939312,16005,0,0,0,1
2007,Never treated,7.30518821539304,11.2923286679226,10.2798670797492,16005,0,0,0,1
2001,Never treated,4.88280192258637,9.10797536529815,10.1770199893835,16009,0,0,0,1
2002,Never treated,4.72738781871234,9.10620133223504,10.1847867980187,16009,0,0,0,1
2003,Never treated,4.85203026391962,9.1085291058295,10.2032587560852,16009,0,0,0,1
2004,Never treated,4.72738781871234,9.10686696349991,10.2664973886077,16009,0,0,0,1
2005,Never treated,4.77068462446567,9.11085147347544,10.3053127107237,16009,0,0,0,1
2006,Never treated,4.9416424226093,9.12652388588307,10.3433218807238,16009,0,0,0,1
2007,Never treated,4.9416424226093,9.13594004939993,10.375520371583,16009,0,0,0,1
2001,Never treated,3.73766961828337,8.14322675036744,9.99383087243373,16003,0,0,0,1
2002,Never treated,3.46573590279973,8.15421269491423,10.0560798758993,16003,0,0,0,1
2003,Never treated,3.25809653802148,8.15162164696975,10.0539313704321,16003,0,0,0,1
2004,Never treated,3.61091791264422,8.16137502319749,10.0484100692557,16003,0,0,0,1
2005,Never treated,3.98898404656427,8.16820293023605,10.0877239415349,16003,0,0,0,1
2006,Never treated,3.98898404656427,8.14815643992162,10.1562287402893,16003,0,0,0,1
2007,Never treated,3.89182029811063,8.17413934342947,10.169384032916,16003,0,0,0,1
2001,Never treated,6.10924758276437,9.89202207442685,10.3672844598723,16013,0,0,0,1
2002,Never treated,5.87493073085203,9.91817910127912,10.3909319534642,16013,0,0,0,1
2003,Never treated,6.0591231955818,9.93938544353311,10.3281995780067,16013,0,0,0,1
2004,Never treated,6.02102334934953,9.95341992128434,10.3662777272636,16013,0,0,0,1
2005,Never treated,6.23832462503951,9.95807043030642,10.4006502623329,16013,0,0,0,1
2006,Never treated,6.23441072571837,9.96754158132623,10.4693693820502,16013,0,0,0,1
2007,Never treated,6.27287700654617,9.98465270695364,10.499325055628,16013,0,0,0,1
2001,Never treated,4.52178857704904,8.76764057725779,9.81345342983215,16007,0,0,0,1
2002,Never treated,4.56434819146784,8.74878098951311,9.84855606900991,16007,0,0,0,1
2003,Never treated,4.45434729625351,8.75305551513822,9.8568675319009,16007,0,0,0,1
2004,Never treated,4.70048036579242,8.7408166275673,9.86884434659255,16007,0,0,0,1
2005,Never treated,4.72738781871234,8.69148257651293,9.91264549032089,16007,0,0,0,1
2006,Never treated,4.61512051684126,8.68287710705717,9.91368537751257,16007,0,0,0,1
2007,Never treated,4.70048036579242,8.67522205564115,10.0032423856731,16007,0,0,0,1
2001,Never treated,6.36302810354046,10.5271506695655,10.0723860889979,16017,0,0,0,1
2002,Never treated,6.31535800152233,10.5512711913445,10.0941079121448,16017,0,0,0,1
2003,Never treated,6.29710931993394,10.5763554922377,10.1257907508526,16017,0,0,0,1
2004,Never treated,6.29894924685594,10.592425888322,10.1836539529462,16017,0,0,0,1
2005,Never treated,6.4281052726846,10.5947579730832,10.2580101819067,16017,0,0,0,1
2006,Never treated,6.42971947803914,10.6053466736981,10.31281187097,16017,0,0,0,1
2007,Never treated,6.40522845803084,10.6254894040002,10.3273817961127,16017,0,0,0,1
2001,Never treated,6.52941883826223,10.6515726278517,10.0610039904111,16011,0,0,0,1
2002,Never treated,6.46925031679577,10.6540306187374,10.094190553358,16011,0,0,0,1
2003,Never treated,6.46925031679577,10.6667436482412,10.1001639176352,16011,0,0,0,1
2004,Never treated,6.3750248198281,10.673294803019,10.1423863357948,16011,0,0,0,1
2005,Never treated,6.40357419793482,10.6663473455074,10.1633101281088,16011,0,0,0,1
2006,Never treated,6.50128967054039,10.6696295859623,10.2080636145309,16011,0,0,0,1
2007,Never treated,6.52356230614951,10.6795732438816,10.2509350542747,16011,0,0,0,1
2001,Never treated,4.85981240436167,9.19766031881881,10.0571095211917,16021,0,0,0,1
2002,Never treated,4.82028156560504,9.20873909060921,10.102707195731,16021,0,0,0,1
2003,Never treated,4.89783979995091,9.22739412654201,10.127990179888,16021,0,0,0,1
2004,Never treated,4.83628190695148,9.25109836444835,10.1800202005092,16021,0,0,0,1
2005,Never treated,4.96284463025991,9.24840657278264,10.1512456646143,16021,0,0,0,1
2006,Never treated,4.99721227376411,9.26832622117484,10.2149349785382,16021,0,0,0,1
2007,Never treated,4.82028156560504,9.2924732015147,10.2482113653551,16021,0,0,0,1
2001,Never treated,3.97029191355212,8.84260448067803,9.88730735630709,16015,0,0,0,1
2002,Never treated,3.85014760171006,8.86149186428691,9.94034971726869,16015,0,0,0,1
2003,Never treated,3.89182029811063,8.88682384651519,9.94994165690801,16015,0,0,0,1
2004,Never treated,3.91202300542815,8.90639340705837,10.0787425331234,16015,0,0,0,1
2005,Never treated,4.17438726989564,8.88627090207201,10.0802520306635,16015,0,0,0,1
2006,Never treated,4.02535169073515,8.91476052739726,10.1399815882185,16015,0,0,0,1
2007,Never treated,4.14313472639153,8.93656120469339,10.0986019311288,16015,0,0,0,1
2001,Never treated,2.56494935746154,6.91869521902047,9.72734685481725,16025,0,0,0,1
2002,Never treated,2.70805020110221,6.94505106372583,9.82887175915534,16025,0,0,0,1
2003,Never treated,2.63905732961526,6.94215670569947,9.86806760730487,16025,0,0,0,1
2004,Never treated,3.04452243772342,6.92165818415113,9.92730173063538,16025,0,0,0,1
2005,Never treated,2.94443897916644,6.96790920180188,10.1346389552519,16025,0,0,0,1
2006,Never treated,3.04452243772342,6.96885037834195,10.2251361745512,16025,0,0,0,1
2007,Never treated,3.17805383034795,6.99025650049388,10.1926060927739,16025,0,0,0,1
2001,Never treated,7.59689443814454,11.8435017833454,10.1662748044549,16027,0,0,0,1
2002,Never treated,7.5137092478397,11.8882474668312,10.1425438223104,16027,0,0,0,1
2003,Never treated,7.46106551435428,11.9316226418471,10.1703034323065,16027,0,0,0,1
2004,Never treated,7.39141523467536,11.9696095313698,10.206292200258,16027,0,0,0,1
2005,Never treated,7.49720722320332,12.0047517387264,10.2287543853152,16027,0,0,0,1
2006,Never treated,7.58984151218266,12.050096968074,10.2796954795772,16027,0,0,0,1
2007,Never treated,7.70120018085745,12.0939951771247,10.297992820408,16027,0,0,0,1
2001,Never treated,4.83628190695148,8.90774768678865,10.4503943508731,16029,0,0,0,1
2002,Never treated,4.91998092582813,8.88737648537976,10.4405655474462,16029,0,0,0,1
2003,Never treated,4.9416424226093,8.88100262425557,10.4847809595717,16029,0,0,0,1
2004,Never treated,4.79579054559674,8.88516409509682,10.5146108976175,16029,0,0,0,1
2005,Never treated,4.98360662170834,8.84707231256781,10.5201585743855,16029,0,0,0,1
2006,Never treated,4.78749174278205,8.82761475083751,10.571522032281,16029,0,0,0,1
2007,Never treated,5.03695260241363,8.83331693749932,10.5974593929706,16029,0,0,0,1
2001,Never treated,6.3261494731551,9.97831669315678,9.99016970867185,16031,0,0,0,1
2002,Never treated,6.20657592672493,9.97845586877343,10.0135519873984,16031,0,0,0,1
2003,Never treated,6.23441072571837,9.97752766524459,10.0338138142117,16031,0,0,0,1
2004,Never treated,6.15697898558556,9.97025795616998,10.0721749180543,16031,0,0,0,1
2005,Never treated,6.20859002609663,9.94812625415451,10.0968726816861,16031,0,0,0,1
2006,Never treated,6.19236248947487,9.9390959800035,10.1554906325309,16031,0,0,0,1
2007,Never treated,6.24804287450843,9.95032342737316,10.2050725301569,16031,0,0,0,1
2001,Never treated,3.13549421592915,6.87935580446044,9.94362131027577,16033,0,0,0,1
2002,Never treated,3.13549421592915,6.86380339145295,10.020514747061,16033,0,0,0,1
2003,Never treated,3.25809653802148,6.81234509417748,10.0956356701478,16033,0,0,0,1
2004,Never treated,2.94443897916644,6.84268328223842,10.0694256300796,16033,0,0,0,1
2005,Never treated,2.94443897916644,6.79234442747081,10.1517138842178,16033,0,0,0,1
2006,Never treated,2.89037175789616,6.80128303447162,10.3021294352962,16033,0,0,0,1
2007,Never treated,2.89037175789616,6.84054652928869,10.3460557485958,16033,0,0,0,1
2001,Never treated,4.35670882668959,9.06323150693797,10.1122481634829,16035,0,0,0,1
2002,Never treated,4.62497281328427,9.04393153364228,10.1228238655074,16035,0,0,0,1
2003,Never treated,4.44265125649032,9.04168500594604,10.1269910390659,16035,0,0,0,1
2004,Never treated,4.43081679884331,9.03384182848502,10.1585947790557,16035,0,0,0,1
2005,Never treated,4.53259949315326,9.01833204959268,10.1956346419471,16035,0,0,0,1
2006,Never treated,4.65396035015752,9.01869548772134,10.2565359284192,16035,0,0,0,1
2007,Never treated,4.49980967033027,9.01529825077285,10.2830192786178,16035,0,0,0,1
2001,Never treated,4.12713438504509,8.35936910622267,10.0879318547111,16037,0,0,0,1
2002,Never treated,3.95124371858143,8.33471162182092,10.0133728160654,16037,0,0,0,1
2003,Never treated,4.15888308335967,8.32312288758773,10.0746638982251,16037,0,0,0,1
2004,Never treated,4.06044301054642,8.32312288758773,10.1508553140745,16037,0,0,0,1
2005,Never treated,3.87120101090789,8.30028018985266,10.2842842144286,16037,0,0,0,1
2006,Never treated,3.91202300542815,8.31630024903685,10.3900102377789,16037,0,0,0,1
2007,Never treated,4.07753744390572,8.32069157104845,10.4343804744522,16037,0,0,0,1
2001,Never treated,5.6937321388027,10.2784247222753,9.896664327188,16039,0,0,0,1
2002,Never treated,5.67332326717149,10.2828482185582,9.9536577164487,16039,0,0,0,1
2003,Never treated,5.47646355193151,10.2661147466342,9.99016970867185,16039,0,0,0,1
2004,Never treated,5.28826703069454,10.2695185913989,10.0375375606564,16039,0,0,0,1
2005,Never treated,5.48479693349065,10.2625247042639,10.1072851722528,16039,0,0,0,1
2006,Never treated,5.64190707093811,10.2513235478077,10.1488230313568,16039,0,0,0,1
2007,Never treated,5.62401750618734,10.2749131684208,10.1920442423986,16039,0,0,0,1
2001,Never treated,5.66296048013595,9.35010231435134,9.87755417050962,16041,0,0,0,1
2002,Never treated,5.47646355193151,9.37627844951961,9.90283734119454,16041,0,0,0,1
2003,Never treated,5.63835466933375,9.38412559774785,9.93047022386602,16041,0,0,0,1
2004,Never treated,5.53733426701854,9.4054136126953,9.93822708634002,16041,0,0,0,1
2005,Never treated,5.62762111369064,9.39474309497396,10.0220702683631,16041,0,0,0,1
2006,Never treated,5.6937321388027,9.39291189752534,10.0542324392286,16041,0,0,0,1
2007,Never treated,5.74939298590825,9.40771473139643,10.0915426411778,16041,0,0,0,1
2001,Never treated,4.80402104473326,9.37898549795389,10.0127006375094,16043,0,0,0,1
2002,Never treated,4.9416424226093,9.38404154647653,10.0247755497433,16043,0,0,0,1
2003,Never treated,4.83628190695148,9.40713994795079,10.0650535281175,16043,0,0,0,1
2004,Never treated,4.77912349311153,9.41897923708751,10.0739895325247,16043,0,0,0,1
2005,Never treated,4.49980967033027,9.41670392325038,10.1068364765222,16043,0,0,0,1
2006,Never treated,4.67282883446191,9.42399908407918,10.1549464148304,16043,0,0,0,1
2007,Never treated,4.63472898822964,9.44113458222091,10.175383172056,16043,0,0,0,1
2001,Never treated,7.81318726752142,11.3369755659831,10.2069199350791,16019,0,0,0,1
2002,Never treated,7.69666708152646,11.3536131534791,10.2518177759393,16019,0,0,0,1
2003,Never treated,7.71646080017636,11.3763838318288,10.2668451179387,16019,0,0,0,1
2004,Never treated,7.62948991639399,11.4045938733674,10.3016594631502,16019,0,0,0,1
2005,Never treated,7.64060382639363,11.416205291592,10.3326366346484,16019,0,0,0,1
2006,Never treated,7.76726399675731,11.4448714383448,10.3962001208752,16019,0,0,0,1
2007,Never treated,7.75147531802146,11.4767178080007,10.3305184385589,16019,0,0,0,1
2001,Never treated,5.48479693349065,9.56275625899453,9.99030724448869,16047,0,0,0,1
2002,Never treated,5.65248918026865,9.56345899971214,10.027738514874,16047,0,0,0,1
2003,Never treated,5.59098698051086,9.5700407347166,10.0343403609549,16047,0,0,0,1
2004,Never treated,5.57594910314632,9.57484458702925,10.085267295909,16047,0,0,0,1
2005,Never treated,5.61312810638807,9.55817636724771,10.131459428707,16047,0,0,0,1
2006,Never treated,5.75574221358691,9.55421372407771,10.1535845734106,16047,0,0,0,1
2007,Never treated,5.80513496891649,9.56997094374055,10.2215412036333,16047,0,0,0,1
2001,Never treated,3.49650756146648,7.9592759601164,10.9597662881882,16023,0,0,0,1
2002,Never treated,3.40119738166216,7.9820748750812,10.9833416682756,16023,0,0,0,1
2003,Never treated,3.36729582998647,7.95787735848981,11.0185471725828,16023,0,0,0,1
2004,Never treated,3.29583686600433,7.94661756324447,11.0733501627324,16023,0,0,0,1
2005,Never treated,3.29583686600433,7.93307977188041,11.0212159583965,16023,0,0,0,1
2006,Never treated,3.68887945411394,7.91278922069068,11.1226937375027,16023,0,0,0,1
2007,Never treated,3.85014760171006,7.93020620668468,11.1634672746515,16023,0,0,0,1
2001,Never treated,5.68357976733868,9.87044769845793,9.88725653942571,16051,0,0,0,1
2002,Never treated,5.77144112313002,9.89262880920125,9.95208722237219,16051,0,0,0,1
2003,Never treated,5.67675380226828,9.91467474192669,9.98759889515478,16051,0,0,0,1
2004,Never treated,5.85507192220243,9.94400550083902,9.99424191580459,16051,0,0,0,1
2005,Never treated,5.59471137960184,9.96448857409353,10.0041922466578,16051,0,0,0,1
2006,Never treated,6.0137151560428,9.99168156327204,10.0245097807836,16051,0,0,0,1
2007,Never treated,5.96614673912369,10.0330234738852,10.0887215307771,16051,0,0,0,1
2001,Never treated,5.74939298590825,9.8241737458164,10.0171286890252,16053,0,0,0,1
2002,Never treated,5.61677109766657,9.83595789574253,10.0519506601738,16053,0,0,0,1
2003,Never treated,5.74300318780948,9.84802769533176,10.0754220164436,16053,0,0,0,1
2004,Never treated,5.5834963087817,9.86806760730487,10.1227034005124,16053,0,0,0,1
2005,Never treated,5.64544689764324,9.86521439031464,10.1476486790728,16053,0,0,0,1
2006,Never treated,5.8348107370626,9.88343789473042,10.1910696199876,16053,0,0,0,1
2007,Never treated,5.91620206260743,9.90403740134156,10.2245560440055,16053,0,0,0,1
2001,Never treated,7.66669020008009,11.6245920554769,10.1248294819037,16055,0,0,0,1
2002,Never treated,7.57712193087668,11.6467830543868,10.1389943628337,16055,0,0,0,1
2003,Never treated,7.55903825544338,11.6751633549801,10.1777043740343,16055,0,0,0,1
2004,Never treated,7.55485852104068,11.7154335622844,10.2221230853096,16055,0,0,0,1
2005,Never treated,7.66058546170326,11.7507053802174,10.2473609046377,16055,0,0,0,1
2006,Never treated,7.73587031995257,11.7793583643828,10.3021629962849,16055,0,0,0,1
2007,Never treated,7.8578675593318,11.8050128199009,10.3428708788478,16055,0,0,0,1
2001,Never treated,6.26149168432104,10.4637317144318,10.0800844211932,16057,0,0,0,1
2002,Never treated,6.23244801655052,10.4581769399485,10.1049170509436,16057,0,0,0,1
2003,Never treated,6.53378883793334,10.4627032604502,10.1104204178024,16057,0,0,0,1
2004,Never treated,6.05208916892442,10.464131383283,10.1344405307418,16057,0,0,0,1
2005,Never treated,6.02344759296103,10.4913297714506,10.1759544591814,16057,0,0,0,1
2006,Never treated,6.08449941307517,10.4934108221608,10.2057010308338,16057,0,0,0,1
2007,Never treated,5.93753620508243,10.5266145483893,10.251394166783,16057,0,0,0,1
2001,Never treated,4.64439089914137,8.9457235724554,9.95451331113917,16059,0,0,0,1
2002,Never treated,4.45434729625351,8.95583514421896,9.97208034400174,16059,0,0,0,1
2003,Never treated,4.43081679884331,8.95609307561064,9.99460714590361,16059,0,0,0,1
2004,Never treated,4.30406509320417,8.96699411334445,10.0207371125864,16059,0,0,0,1
2005,Never treated,4.47733681447821,8.95131054209756,10.0639894491902,16059,0,0,0,1
2006,Never treated,4.57471097850338,8.95299349932047,10.1071220334621,16059,0,0,0,1
2007,Never treated,4.47733681447821,8.95944014361693,10.1421106746987,16059,0,0,0,1
2001,Never treated,3.49650756146648,8.19478163844336,9.88542540971772,16061,0,0,0,1
2002,Never treated,3.66356164612965,8.22282213081366,9.91398228962877,16061,0,0,0,1
2003,Never treated,3.91202300542815,8.22871079879369,9.92671567865533,16061,0,0,0,1
2004,Never treated,3.76120011569356,8.21959545417708,9.9562697379751,16061,0,0,0,1
2005,Never treated,3.76120011569356,8.18952211074809,10.0405937977541,16061,0,0,0,1
2006,Never treated,3.85014760171006,8.19229373114764,10.0562086395538,16061,0,0,0,1
2007,Never treated,3.80666248977032,8.19422930481982,10.0729771305147,16061,0,0,0,1
2001,Never treated,3.76120011569356,8.33423142973486,10.0219814465839,16063,0,0,0,1
2002,Never treated,3.71357206670431,8.35042997353814,10.0307367534516,16063,0,0,0,1
2003,Never treated,3.68887945411394,8.36683530982767,10.0655213643834,16063,0,0,0,1
2004,Never treated,3.63758615972639,8.37054761107475,10.1258708149039,16063,0,0,0,1
2005,Never treated,3.68887945411394,8.39072252736229,10.1748115583751,16063,0,0,0,1
2006,Never treated,3.61091791264422,8.38389034410182,10.2100159127843,16063,0,0,0,1
2007,Never treated,4.23410650459726,8.42244285487043,10.2332228612189,16063,0,0,0,1
2001,Never treated,6.86484777797086,10.235700732237,9.87142912884224,16065,0,0,0,1
2002,Never treated,6.88448665204278,10.2687901708252,9.94342915962908,16065,0,0,0,1
2003,Never treated,6.55961523749324,10.299743721559,9.99570203652394,16065,0,0,0,1
2004,Never treated,6.70318811324086,10.3164577601301,10.0432494949113,16065,0,0,0,1
2005,Never treated,6.61606518513282,10.4585788346001,10.0536732393,16065,0,0,0,1
2006,Never treated,6.83087423464618,10.5049579445242,10.1068364765222,16065,0,0,0,1
2007,Never treated,6.74051935960622,10.5229881929278,10.1122481634829,16065,0,0,0,1
2001,Never treated,5.81413053182507,9.88103742369854,10.0478043233044,16067,0,0,0,1
2002,Never treated,5.6937321388027,9.87524238709583,10.0669235613881,16067,0,0,0,1
2003,Never treated,5.73334127689775,9.8695687593325,10.0361373066316,16067,0,0,0,1
2004,Never treated,5.73979291217923,9.86209247716974,10.0754220164436,16067,0,0,0,1
2005,Never treated,5.73334127689775,9.82930265434675,10.0959656895395,16067,0,0,0,1
2006,Never treated,5.77455154554441,9.82503940620699,10.1474528195426,16067,0,0,0,1
2007,Never treated,5.80814248998044,9.83494101000102,10.1992865930899,16067,0,0,0,1
2001,Never treated,6.64898455002478,10.5184839845386,10.2558331383136,16069,0,0,0,1
2002,Never treated,6.62671774924902,10.5234724674671,10.2645130192121,16069,0,0,0,1
2003,Never treated,6.61740297797448,10.5374418982833,10.2795925053378,16069,0,0,0,1
2004,Never treated,6.44888939414686,10.5382108129584,10.3075182991061,16069,0,0,0,1
2005,Never treated,6.45990445437753,10.5475495254056,10.3167223979087,16069,0,0,0,1
2006,Never treated,6.52795791762255,10.5582576639751,10.3605009225249,16069,0,0,0,1
2007,Never treated,6.43294009273918,10.5653504430563,10.4029286174355,16069,0,0,0,1
2001,Never treated,5.08759633523238,9.644911105223,10.0259263997287,16045,0,0,0,1
2002,Never treated,5.01727983681492,9.65393585544561,9.95536817441312,16045,0,0,0,1
2003,Never treated,5.01727983681492,9.66668869039892,9.97063205016546,16045,0,0,0,1
2004,Never treated,4.92725368515721,9.67796617643595,10.000841097792,16045,0,0,0,1
2005,Never treated,5.12989871492307,9.68240437718884,10.033286990071,16045,0,0,0,1
2006,Never treated,5.08759633523238,9.69677083890745,10.1255905626751,16045,0,0,0,1
2007,Never treated,5.19849703126583,9.70941724870763,10.1585560366347,16045,0,0,0,1
2001,Never treated,4.64439089914137,9.29880901996379,9.94745658991825,16073,0,0,0,1
2002,Never treated,4.51085950651685,9.29954101743449,9.93391975965633,16073,0,0,0,1
2003,Never treated,4.58496747867057,9.31488055125011,9.93837195438963,16073,0,0,0,1
2004,Never treated,4.55387689160054,9.30746708270691,10.0263244624952,16073,0,0,0,1
2005,Never treated,4.49980967033027,9.28145099943413,10.1149228287182,16073,0,0,0,1
2006,Never treated,4.65396035015752,9.27753162151651,10.1417561415954,16073,0,0,0,1
2007,Never treated,4.81218435537242,9.30082072510456,10.1703034323065,16073,0,0,0,1
2001,Never treated,5.35185813347607,9.94477343944167,10.0234016492015,16075,0,0,0,1
2002,Never treated,5.24702407216049,9.96189796008255,10.0730193344017,16075,0,0,0,1
2003,Never treated,5.30330490805908,9.97469131154246,10.1058568046339,16075,0,0,0,1
2004,Never treated,5.23110861685459,9.97938321153939,10.1040582429979,16075,0,0,0,1
2005,Never treated,5.35658627467201,9.98529792773369,10.1563840619997,16075,0,0,0,1
2006,Never treated,5.44673737166631,10.0029255647422,10.2020724723502,16075,0,0,0,1
2007,Never treated,5.47227067367148,10.0323204243791,10.2354496336795,16075,0,0,0,1
2001,Never treated,4.77068462446567,8.92212482391826,10.3061487333116,16077,0,0,0,1
2002,Never treated,4.64439089914137,8.9126079636709,10.1815358690196,16077,0,0,0,1
2003,Never treated,4.61512051684126,8.90354343566472,10.1882904842371,16077,0,0,0,1
2004,Never treated,4.55387689160054,8.9511809664576,10.2217594489419,16077,0,0,0,1
2005,Never treated,4.31748811353631,8.93155196669452,10.1696905933108,16077,0,0,0,1
2006,Never treated,4.45434729625351,8.94324493313279,10.2893960030951,16077,0,0,0,1
2007,Never treated,4.57471097850338,8.94585385712759,10.3309098279963,16077,0,0,0,1
2001,Never treated,5.34233425196481,9.50680873170858,10.068111764371,16079,0,0,0,1
2002,Never treated,5.19295685089021,9.4786102409065,10.0812152403199,16079,0,0,0,1
2003,Never treated,5.09375020080676,9.47155012409685,10.1210555895172,16079,0,0,0,1
2004,Never treated,5.17614973257383,9.46358626710684,10.1796788582724,16079,0,0,0,1
2005,Never treated,5.14749447681345,9.45821555950958,10.2292959895602,16079,0,0,0,1
2006,Never treated,5.24702407216049,9.46420709593323,10.2931281102973,16079,0,0,0,1
2007,Never treated,5.38449506278909,9.45704418769941,10.3635671005842,16079,0,0,0,1
2001,Never treated,4.34380542185368,8.76966250811227,9.91467474192669,16081,0,0,0,1
2002,Never treated,4.07753744390572,8.82688134413063,9.9617564606601,16081,0,0,0,1
2003,Never treated,4.07753744390572,8.86120833720818,10.0288859619305,16081,0,0,0,1
2004,Never treated,4.12713438504509,8.88294679928817,10.060918560485,16081,0,0,0,1
2005,Never treated,4.18965474202643,8.9130119224726,10.1479228179846,16081,0,0,0,1
2006,Never treated,4.39444915467244,8.95647984799991,10.2003275627727,16081,0,0,0,1
2007,Never treated,4.78749174278205,9.03812754933052,10.3003490891701,16081,0,0,0,1
2001,Never treated,7.32580750259577,11.0757064972438,10.0187340405405,16083,0,0,0,1
2002,Never treated,7.18235211188526,11.0891792714337,10.0339893606003,16083,0,0,0,1
2003,Never treated,7.20489251020467,11.113268457145,10.0714143332124,16083,0,0,0,1
2004,Never treated,7.18311170174328,11.1284828280813,10.1036080966928,16083,0,0,0,1
2005,Never treated,7.14045304310116,11.1457094442938,10.1301050626618,16083,0,0,0,1
2006,Never treated,7.23489842031483,11.1711813564199,10.1856544442998,16083,0,0,0,1
2007,Never treated,7.28961052145117,11.1969262191367,10.2171662650136,16083,0,0,0,1
2001,Never treated,5.08759633523238,8.94819608331224,9.99268819799443,16085,0,0,0,1
2002,Never treated,5.13579843705026,8.93734984826739,10.0139102337862,16085,0,0,0,1
2003,Never treated,4.89034912822175,8.95699531192885,10.0106364680532,16085,0,0,0,1
2004,Never treated,5.23110861685459,8.98054977794018,10.0646705901275,16085,0,0,0,1
2005,Never treated,5.44673737166631,9.00368513816677,10.1721779188063,16085,0,0,0,1
2006,Never treated,5.56068163101553,9.06704720214971,10.2787339740603,16085,0,0,0,1
2007,Never treated,5.4380793089232,9.09627541568821,10.3050784990957,16085,0,0,0,1
2001,Never treated,4.78749174278205,9.20743615882879,9.87313143252123,16087,0,0,0,1
2002,Never treated,4.82028156560504,9.20643274714516,9.91363588358794,16087,0,0,0,1
2003,Never treated,4.63472898822964,9.21114005214675,9.93634188940707,16087,0,0,0,1
2004,Never treated,4.7361984483945,9.21423278669153,9.99907042242986,16087,0,0,0,1
2005,Never treated,4.66343909411207,9.20974019190415,10.066328930042,16087,0,0,0,1
2006,Never treated,4.93447393313069,9.21612361673191,10.0904649208663,16087,0,0,0,1
2007,Never treated,4.77068462446567,9.20773698610607,10.1231450345655,16087,0,0,0,1
2001,Never treated,5.08759633523238,9.64627002088817,10.0616017956298,16049,0,0,0,1
2002,Never treated,4.89034912822175,9.64982035867162,10.0863506293483,16049,0,0,0,1
2003,Never treated,5.00394630594546,9.64794993341091,10.1232253107155,16049,0,0,0,1
2004,Never treated,4.96284463025991,9.65643545617024,10.1671586550264,16049,0,0,0,1
2005,Never treated,4.95582705760126,9.62806337747985,10.2000674219235,16049,0,0,0,1
2006,Never treated,4.96284463025991,9.63135069141981,10.2338339214274,16049,0,0,0,1
2007,Never treated,5.18178355029209,9.63351441386512,10.258466058337,16049,0,0,0,1
2001,Never treated,4.38202663467388,8.33639048059155,9.79579097708075,16071,0,0,0,1
2002,Never treated,4.34380542185368,8.32627478739676,9.82897950036107,16071,0,0,0,1
2003,Never treated,4.44265125649032,8.32579052588609,9.82314479985359,16071,0,0,0,1
2004,Never treated,4.21950770517611,8.32989929299572,9.87344063118383,16071,0,0,0,1
2005,Never treated,4.20469261939097,8.32142158689788,9.9122490582047,16071,0,0,0,1
2006,Never treated,4.30406509320417,8.31409733540581,10.0057282064827,16071,0,0,0,1
2007,Never treated,4.40671924726425,8.32651683023953,10.0308688218632,16071,0,0,0,1
2001,Treated,5.11799381241676,9.77667638566974,10.2193561268325,17005,1,1,0,0
2002,Treated,5.11799381241676,9.78981480804755,10.1849754808246,17005,1,1,0,0
2003,Treated,5.18738580584075,9.79154989929526,10.2076948285701,17005,1,1,0,0
2004,Treated,5.06890420222023,9.8004022244528,10.2465452005157,17005,1,1,0,0
2005,Treated,4.93447393313069,9.79434210527533,10.3026998189785,17005,1,1,0,0
2006,Treated,4.89034912822175,9.8045508046761,10.3129114808315,17005,1,1,0,0
2007,Treated,4.99043258677874,9.8153118616324,10.3671272246954,17005,1,1,0,0
2001,Treated,6.30261897574491,10.6776154622284,10.5051497279738,17007,1,1,0,0
2002,Treated,6.23244801655052,10.7099634184031,10.5622503062342,17007,1,1,0,0
2003,Treated,6.08904487544685,10.7491412048108,10.5440247828238,17007,1,1,0,0
2004,Treated,6.15485809401642,10.7887209599449,10.5386612813206,17007,1,1,0,0
2005,Treated,6.19440539110467,10.8127335282836,10.6267758900081,17007,1,1,0,0
2006,Treated,6.25382881157547,10.8499388473051,10.7631021072167,17007,1,1,0,0
2007,Treated,6.29341927884648,10.8810991343919,10.7218346400802,17007,1,1,0,0
2001,Treated,7.33432935030054,11.1272041588987,10.1624228679484,17001,1,1,0,0
2002,Treated,7.2991214627108,11.1245829254188,10.1828601971168,17001,1,1,0,0
2003,Treated,7.2841348061952,11.1184744781252,10.2048876018161,17001,1,1,0,0
2004,Treated,7.29233717617388,11.1113129261776,10.2565008006419,17001,1,1,0,0
2005,Treated,7.23345541862144,11.1119851047335,10.2918743191095,17001,1,1,0,0
2006,Treated,7.29437729928882,11.1113129261776,10.3297025515629,17001,1,1,0,0
2007,Treated,7.19443685110033,11.1100569827093,10.3836271389698,17001,1,1,0,0
2001,Treated,3.73766961828337,9.15693959524907,10.283908319538,17003,1,1,0,0
2002,Treated,3.63758615972639,9.15440473964588,10.2892940229811,17003,1,1,0,0
2003,Treated,3.55534806148941,9.13572457859539,10.3121475515408,17003,1,1,0,0
2004,Treated,3.2188758248682,9.12999761929365,10.3340029328441,17003,1,1,0,0
2005,Treated,3.55534806148941,9.08421009483197,10.3582506323656,17003,1,1,0,0
2006,Treated,3.29583686600433,9.03753340755081,10.3602476216971,17003,1,1,0,0
2007,Treated,3.13549421592915,9.01262087300213,10.3990370887496,17003,1,1,0,0
2001,Treated,3.97029191355212,8.52991196382401,9.83793518429589,17013,1,1,0,0
2002,Treated,3.78418963391826,8.51959031601596,9.87647600328928,17013,1,1,0,0
2003,Treated,3.80666248977032,8.54110501146255,9.9066326016802,17013,1,1,0,0
2004,Treated,3.93182563272433,8.54791636405908,9.88984491349497,17013,1,1,0,0
2005,Treated,3.8286413964891,8.54208090692402,9.93154036697816,17013,1,1,0,0
2006,Treated,3.80666248977032,8.54169066301663,9.94712158955619,17013,1,1,0,0
2007,Treated,3.95124371858143,8.53640741034004,9.98718511155769,17013,1,1,0,0
2001,Treated,5.57215403217776,9.70795916825489,10.0327159505439,17015,1,1,0,0
2002,Treated,5.59098698051086,9.70381635740706,10.0844331631502,17015,1,1,0,0
2003,Treated,5.42934562895444,9.70387740560463,10.107489058322,17015,1,1,0,0
2004,Treated,5.42053499927229,9.6935069877482,10.1289085085944,17015,1,1,0,0
2005,Treated,5.50125821054473,9.68240437718884,10.1568498824343,17015,1,1,0,0
2006,Treated,5.46806014113513,9.67984387618024,10.1966048274778,17015,1,1,0,0
2007,Treated,5.4553211153577,9.67161854490356,10.2245923120262,17015,1,1,0,0
2001,Treated,4.65396035015752,8.84318209802261,10.2846599680752,17009,1,1,0,0
2002,Treated,4.58496747867057,8.8303968010981,10.3420650120945,17009,1,1,0,0
2003,Treated,4.57471097850338,8.83317113302287,10.3418069975152,17009,1,1,0,0
2004,Treated,4.35670882668959,8.83433697401764,10.419897554596,17009,1,1,0,0
2005,Treated,4.47733681447821,8.80896688177127,10.4209411625923,17009,1,1,0,0
2006,Treated,4.57471097850338,8.79679268767466,10.4393081821914,17009,1,1,0,0
2007,Treated,4.85203026391962,8.78416222227048,10.4740150195482,17009,1,1,0,0
2001,Treated,8.17357548663415,12.1052020351452,10.3250884425537,17019,1,1,0,0
2002,Treated,8.02551638648901,12.1135351183695,10.3733349195736,17019,1,1,0,0
2003,Treated,7.96623977655947,12.122201786493,10.3861914409851,17019,1,1,0,0
2004,Treated,7.9287663216267,12.1241302178641,10.4091900756033,17019,1,1,0,0
2005,Treated,7.88683299895506,12.1373815142294,10.4300782518805,17019,1,1,0,0
2006,Treated,7.92226105835325,12.1586560376003,10.4635318200896,17019,1,1,0,0
2007,Treated,7.94271754057379,12.1703159258181,10.5010870250842,17019,1,1,0,0
2001,Treated,6.44094654063292,10.4693125945207,10.1223419184319,17021,1,1,0,0
2002,Treated,6.47850964220857,10.4692274071795,10.1471393644817,17021,1,1,0,0
2003,Treated,6.43454651878745,10.4674083463363,10.1842582966851,17021,1,1,0,0
2004,Treated,6.38012253689976,10.4695964999254,10.2216503322415,17021,1,1,0,0
2005,Treated,6.24222326545517,10.4588658033512,10.238494430329,17021,1,1,0,0
2006,Treated,6.04500531403601,10.4529375578389,10.2673317359532,17021,1,1,0,0
2007,Treated,6.15485809401642,10.4506258189604,10.3920062157796,17021,1,1,0,0
2001,Treated,5.93753620508243,9.73943804052962,10.0088830675815,17023,1,1,0,0
2002,Treated,5.97888576490112,9.74090979777877,10.0514764302496,17023,1,1,0,0
2003,Treated,5.89989735358249,9.73642892240809,10.083305979112,17023,1,1,0,0
2004,Treated,5.72031177660741,9.73896662036768,10.136383395293,17023,1,1,0,0
2005,Treated,5.64190707093811,9.73222462309891,10.1816873095984,17023,1,1,0,0
2006,Treated,5.64544689764324,9.72955074527657,10.2007733611306,17023,1,1,0,0
2007,Treated,5.55295958492162,9.73097770312617,10.2734981796599,17023,1,1,0,0
2001,Treated,5.27299955856375,9.57220184260222,10.1212566875129,17025,1,1,0,0
2002,Treated,5.35185813347607,9.56759514777992,10.1653132104427,17025,1,1,0,0
2003,Treated,5.08759633523238,9.56626503452421,10.171030691147,17025,1,1,0,0
2004,Treated,5.00394630594546,9.55817636724771,10.2146786105388,17025,1,1,0,0
2005,Treated,4.85203026391962,9.55208440252649,10.2578347894657,17025,1,1,0,0
2006,Treated,4.98360662170834,9.53690656247793,10.2585712310834,17025,1,1,0,0
2007,Treated,4.97673374242057,9.52551600873689,10.2786652597058,17025,1,1,0,0
2001,Treated,6.71901315438526,10.4827939166723,10.0568093174798,17027,1,1,0,0
2002,Treated,6.6052979209482,10.4856752390378,10.086642095634,17027,1,1,0,0
2003,Treated,6.5424719605068,10.4912186603394,10.1255104761816,17027,1,1,0,0
2004,Treated,6.41999492814714,10.4942420313408,10.1627701504662,17027,1,1,0,0
2005,Treated,6.4393503711001,10.4918296187299,10.1839183982737,17027,1,1,0,0
2006,Treated,6.43454651878745,10.4997107518143,10.2316755695696,17027,1,1,0,0
2007,Treated,6.41017488196617,10.4972562891158,10.2858546093983,17027,1,1,0,0
2001,Treated,6.96034772910131,10.864120475761,10.1474919945177,17029,1,1,0,0
2002,Treated,6.65415252018322,10.8562644929807,10.1693457062579,17029,1,1,0,0
2003,Treated,6.70686233660275,10.8536385018984,10.1832004553382,17029,1,1,0,0
2004,Treated,6.68835471394676,10.8485600858357,10.2344086960238,17029,1,1,0,0
2005,Treated,6.50428817353665,10.8444318718489,10.1993237892438,17029,1,1,0,0
2006,Treated,6.58892647753352,10.8651530990983,10.2346600560624,17029,1,1,0,0
2007,Treated,6.49828214947643,10.864177871707,10.2770835249699,17029,1,1,0,0
2001,Treated,11.3878836479893,15.4979325397814,10.6943964508786,17031,1,1,0,0
2002,Treated,11.2499229968941,15.495250351425,10.7042327436941,17031,1,1,0,0
2003,Treated,11.1730514488525,15.4921610380845,10.7243680996056,17031,1,1,0,0
2004,Treated,11.0780263968274,15.4883297597014,10.7733154099999,17031,1,1,0,0
2005,Treated,11.0634771208791,15.4830420801396,10.8094652878018,17031,1,1,0,0
2006,Treated,11.0748235223358,15.4775686241186,10.8519550161055,17031,1,1,0,0
2007,Treated,11.0743429803992,15.4710229504334,10.8977203256899,17031,1,1,0,0
2001,Treated,5.66642668811243,9.91857318995417,10.3226254275649,17033,1,1,0,0
2002,Treated,5.6021188208797,9.91170370730747,10.3520760050264,17033,1,1,0,0
2003,Treated,5.50125821054473,9.9066326016802,10.3337428294515,17033,1,1,0,0
2004,Treated,5.35185813347607,9.90258714729296,10.3910854901828,17033,1,1,0,0
2005,Treated,5.36129216570943,9.89308361882074,10.4343804744522,17033,1,1,0,0
2006,Treated,5.33271879326537,9.88715489791523,10.4958747299449,17033,1,1,0,0
2007,Treated,5.47646355193151,9.87827230339506,10.5482057536916,17033,1,1,0,0
2001,Treated,4.68213122712422,9.32179229727033,10.0552639875019,17035,1,1,0,0
2002,Treated,4.80402104473326,9.31479047333265,9.98294547387084,17035,1,1,0,0
2003,Treated,4.92725368515721,9.31000469508913,9.92544471988817,17035,1,1,0,0
2004,Treated,4.59511985013459,9.31009520511317,9.97320016494743,17035,1,1,0,0
2005,Treated,4.44265125649032,9.29293367028004,10.0268549664864,17035,1,1,0,0
2006,Treated,4.30406509320417,9.29514097366865,10.0857674417953,17035,1,1,0,0
2007,Treated,4.46590811865458,9.28683834294891,10.1480402830878,17035,1,1,0,0
2001,Treated,6.38687931936265,10.4713832529071,10.1660441062072,17011,1,1,0,0
2002,Treated,6.24610676548156,10.4708163755359,10.2091691570963,17011,1,1,0,0
2003,Treated,6.16331480403464,10.4716948985402,10.2397097579021,17011,1,1,0,0
2004,Treated,6.03548143252476,10.4683182903806,10.2937036498816,17011,1,1,0,0
2005,Treated,5.96870755998537,10.4579184937828,10.3316921476138,17011,1,1,0,0
2006,Treated,5.89715386763674,10.4611585935336,10.3638511152917,17011,1,1,0,0
2007,Treated,5.93489419561959,10.4587797213724,10.3879178649426,17011,1,1,0,0
2001,Treated,5.59098698051086,9.72597441673448,10.4628461645475,17039,1,1,0,0
2002,Treated,5.50938833662798,9.72040570679576,10.4656999663188,17039,1,1,0,0
2003,Treated,5.4249500174814,9.71908382953785,10.4705044559519,17039,1,1,0,0
2004,Treated,5.28320372873799,9.7152887585693,10.5276061466856,17039,1,1,0,0
2005,Treated,5.19295685089021,9.70625538300642,10.4865966278871,17039,1,1,0,0
2006,Treated,5.15905529921453,9.71032747056118,10.5483631844224,17039,1,1,0,0
2007,Treated,5.30826769740121,9.70057545812617,10.5682866975806,17039,1,1,0,0
2001,Treated,6.40025744530882,9.90123501748283,10.2705236340245,17041,1,1,0,0
2002,Treated,6.36475075685191,9.90108466791982,10.2751200721078,17041,1,1,0,0
2003,Treated,6.36818718635049,9.8973185633906,10.3055468675095,17041,1,1,0,0
2004,Treated,6.32076829425058,9.90143544841,10.217860240241,17041,1,1,0,0
2005,Treated,6.17586727010576,9.88852618739597,10.2321796018384,17041,1,1,0,0
2006,Treated,6.21260609575152,9.88506896701211,10.2790431302381,17041,1,1,0,0
2007,Treated,6.2841341610708,9.87642463298644,10.3216714330521,17041,1,1,0,0
2001,Treated,5.19849703126583,9.52449396163376,10.0606622269081,17017,1,1,0,0
2002,Treated,5.18178355029209,9.52171455668475,10.0906307996093,17017,1,1,0,0
2003,Treated,5.19849703126583,9.53343784964892,10.1316584455644,17017,1,1,0,0
2004,Treated,5.2040066870768,9.53336545669996,10.1444710219787,17017,1,1,0,0
2005,Treated,5.14166355650266,9.52390946537981,10.1552185607023,17017,1,1,0,0
2006,Treated,5.18738580584075,9.51133345848764,10.1693457062579,17017,1,1,0,0
2007,Treated,4.99043258677874,9.51848661756032,10.2224502450209,17017,1,1,0,0
2001,Treated,5.5683445037611,9.88144642165925,10.0629242367926,17045,1,1,0,0
2002,Treated,5.33271879326537,9.87385274740644,10.1057342781374,17045,1,1,0,0
2003,Treated,5.35185813347607,9.87091270660395,10.1505429238967,17045,1,1,0,0
2004,Treated,5.29831736654804,9.86521439031464,10.2247011081967,17045,1,1,0,0
2005,Treated,5.31811999384422,9.85224688834253,10.2576944533605,17045,1,1,0,0
2006,Treated,5.19849703126583,9.84649383101601,10.2770146971084,17045,1,1,0,0
2007,Treated,5.29831736654804,9.84219708409302,10.3271854289054,17045,1,1,0,0
2001,Treated,4.30406509320417,8.83695515733143,10.1212969022596,17047,1,1,0,0
2002,Treated,4.49980967033027,8.82995804423548,10.1938036528886,17047,1,1,0,0
2003,Treated,4.35670882668959,8.82966543267524,10.2235400050184,17047,1,1,0,0
2004,Treated,4.39444915467244,8.82246957226897,10.2640598917536,17047,1,1,0,0
2005,Treated,4.20469261939097,8.80327398250104,10.2693452060495,17047,1,1,0,0
2006,Treated,4.00733318523247,8.78339623219089,10.2867752156996,17047,1,1,0,0
2007,Treated,4.12713438504509,8.78339623219089,10.3342954683161,17047,1,1,0,0
2001,Treated,7.03702761468628,10.4449102742795,10.1353926095189,17049,1,1,0,0
2002,Treated,6.97166860472579,10.4462187373131,10.1709158959606,17049,1,1,0,0
2003,Treated,6.99025650049388,10.4487435881066,10.1858806630543,17049,1,1,0,0
2004,Treated,6.90975328164481,10.4527643626764,10.2275979816015,17049,1,1,0,0
2005,Treated,6.87523208727658,10.4466835563326,10.2585011171482,17049,1,1,0,0
2006,Treated,6.8330317327862,10.4422882007576,10.2839766745741,17049,1,1,0,0
2007,Treated,6.87626461189077,10.4413250485489,10.3243009375911,17049,1,1,0,0
2001,Treated,5.59471137960184,9.9791978117706,10.0538453341247,17051,1,1,0,0
2002,Treated,5.4971682252932,9.9791978117706,10.0924950419207,17051,1,1,0,0
2003,Treated,5.54126354515843,9.97933686481957,10.1080597182649,17051,1,1,0,0
2004,Treated,5.44673737166631,9.9818827499635,10.1271109886872,17051,1,1,0,0
2005,Treated,5.64897423816121,9.97715614246133,10.1556072120869,17051,1,1,0,0
2006,Treated,5.62401750618734,9.95664910065036,10.1855413157291,17051,1,1,0,0
2007,Treated,5.40267738187228,9.95032342737316,10.2274895001607,17051,1,1,0,0
2001,Treated,5.6970934865054,9.56170122109115,10.0788684116508,17053,1,1,0,0
2002,Treated,5.66988092298052,9.55831760021172,10.1234661005072,17053,1,1,0,0
2003,Treated,5.61677109766657,9.55746990307138,10.1479619745522,17053,1,1,0,0
2004,Treated,5.48893772615669,9.56282655529346,10.187199253484,17053,1,1,0,0
2005,Treated,5.48893772615669,9.54652685348758,10.2085428330453,17053,1,1,0,0
2006,Treated,5.51342874616498,9.54731248363905,10.2662539061112,17053,1,1,0,0
2007,Treated,5.31320597904179,9.55080462986693,10.3168546905401,17053,1,1,0,0
2001,Treated,6.07993319509559,10.5679265689593,10.0563802986393,17055,1,1,0,0
2002,Treated,6.04263283368238,10.5726237631346,10.077902937759,17055,1,1,0,0
2003,Treated,6.04025471127741,10.5771460565122,10.1049988037232,17055,1,1,0,0
2004,Treated,6.01859321449623,10.5840053166959,10.1240277179802,17055,1,1,0,0
2005,Treated,5.98896141688986,10.5822822268717,10.1571991054168,17055,1,1,0,0
2006,Treated,5.92425579741453,10.5818002441376,10.1913321117862,17055,1,1,0,0
2007,Treated,5.86078622346587,10.5768656052388,10.2757749848383,17055,1,1,0,0
2001,Treated,6.07993319509559,10.5437348857352,10.0097826313537,17057,1,1,0,0
2002,Treated,6.01859321449623,10.534785924769,10.0175302685768,17057,1,1,0,0
2003,Treated,5.96614673912369,10.5377866572869,10.053242872621,17057,1,1,0,0
2004,Treated,5.89989735358249,10.5370704863832,10.066838635698,17057,1,1,0,0
2005,Treated,5.84643877505772,10.5228805445074,10.1053666085456,17057,1,1,0,0
2006,Treated,5.88887795833288,10.5172397322818,10.1437635025906,17057,1,1,0,0
2007,Treated,5.92157841964382,10.5140951608489,10.1745446934643,17057,1,1,0,0
2001,Treated,2.99573227355399,8.75494945509829,10.1531172290862,17059,1,1,0,0
2002,Treated,3.55534806148941,8.73391617492752,10.1404945605095,17059,1,1,0,0
2003,Treated,3.2188758248682,8.73568594451502,10.1953732772485,17059,1,1,0,0
2004,Treated,3.13549421592915,8.72939712269206,10.2515353897743,17059,1,1,0,0
2005,Treated,2.83321334405622,8.71391062849392,10.2441296546003,17059,1,1,0,0
2006,Treated,3.3322045101752,8.71275997496021,10.3215397761498,17059,1,1,0,0
2007,Treated,3.17805383034795,8.68946441235669,10.6130738670478,17059,1,1,0,0
2001,Treated,5.2040066870768,9.59117119912599,9.91852393736224,17061,1,1,0,0
2002,Treated,5.14749447681345,9.59560277276683,9.92510226250854,17061,1,1,0,0
2003,Treated,5.31811999384422,9.59376434920747,9.92554254331696,17061,1,1,0,0
2004,Treated,5.09375020080676,9.5869257805337,9.98695515777739,17061,1,1,0,0
2005,Treated,5.08140436498446,9.56598478510039,10.0537162657828,17061,1,1,0,0
2006,Treated,4.99043258677874,9.53806013145949,10.083347749334,17061,1,1,0,0
2007,Treated,4.89783979995091,9.52369019117654,10.0894275548528,17061,1,1,0,0
2001,Treated,7.30518821539304,11.4134586583496,10.276980281401,17037,1,1,0,0
2002,Treated,7.20414929203594,11.4295438560312,10.288885998494,17037,1,1,0,0
2003,Treated,7.15929190479756,11.4473303858718,10.3069840575494,17037,1,1,0,0
2004,Treated,7.11720550316434,11.4648480467371,10.3729285235194,17037,1,1,0,0
2005,Treated,7.13409372119287,11.4998807514494,10.3985800573131,17037,1,1,0,0
2006,Treated,7.21229446850034,11.538330019192,10.4261725748146,17037,1,1,0,0
2007,Treated,7.2152399787301,11.5647681084379,10.4583779074642,17037,1,1,0,0
2001,Treated,4.46590811865458,9.04876217632013,9.92949637171718,17065,1,1,0,0
2002,Treated,4.61512051684126,9.03836510723637,9.9635002224423,17065,1,1,0,0
2003,Treated,4.59511985013459,9.03037603475591,10.0124316395253,17065,1,1,0,0
2004,Treated,4.20469261939097,9.03527244389354,10.0670509364015,17065,1,1,0,0
2005,Treated,4.61512051684126,9.02304647355567,10.1031577476647,17065,1,1,0,0
2006,Treated,4.44265125649032,9.02376980089281,10.1473744649882,17065,1,1,0,0
2007,Treated,4.38202663467388,9.0055277773467,10.1344008411147,17065,1,1,0,0
2001,Treated,5.50938833662798,9.90253710100013,10.0164143713913,17067,1,1,0,0
2002,Treated,5.4510384535657,9.88796774087809,10.0625404823907,17067,1,1,0,0
2003,Treated,5.30826769740121,9.8793485366828,10.0960481773725,17067,1,1,0,0
2004,Treated,5.17048399503815,9.87127423017148,10.147256921644,17067,1,1,0,0
2005,Treated,5.15905529921453,9.85602900137643,10.10981042612,17067,1,1,0,0
2006,Treated,5.18738580584075,9.84940088663236,10.1117204911146,17067,1,1,0,0
2007,Treated,5.25227342804663,9.83953552604361,10.1807025356381,17067,1,1,0,0
2001,Treated,2.94443897916644,8.47261414801827,9.97245375700085,17069,1,1,0,0
2002,Treated,3.68887945411394,8.46189187563115,9.95451331113917,17069,1,1,0,0
2003,Treated,3.66356164612965,8.46231452990625,9.9958844018021,17069,1,1,0,0
2004,Treated,2.77258872223978,8.46019946989612,10.0506136174264,17069,1,1,0,0
2005,Treated,2.83321334405622,8.4368504387337,10.0645854728785,17069,1,1,0,0
2006,Treated,2.70805020110221,8.41338702269065,10.1137079585598,17069,1,1,0,0
2007,Treated,2.63905732961526,8.40335237499248,10.1495269813272,17069,1,1,0,0
2001,Treated,3.95124371858143,9.01481198769495,9.90518610917171,17071,1,1,0,0
2002,Treated,4.00733318523247,9.00724451596575,9.89822372286103,17071,1,1,0,0
2003,Treated,4.06044301054642,8.99317889233952,9.89847501071258,17071,1,1,0,0
2004,Treated,3.85014760171006,8.9956608990741,9.93401675757095,17071,1,1,0,0
2005,Treated,3.61091791264422,8.96085284532237,9.9664154022386,17071,1,1,0,0
2006,Treated,3.46573590279973,8.93787526532926,10.0100073959138,17071,1,1,0,0
2007,Treated,3.3322045101752,8.92943528380342,10.0522523258012,17071,1,1,0,0
2001,Treated,6.73340189183736,10.8344501246422,10.0552639875019,17073,1,1,0,0
2002,Treated,6.57507584059962,10.8294315414384,10.1102171285821,17073,1,1,0,0
2003,Treated,6.54678541076052,10.8345880760638,10.1089965246385,17073,1,1,0,0
2004,Treated,6.51767127291227,10.8310742441521,10.128988323424,17073,1,1,0,0
2005,Treated,6.56667242980324,10.8177562414586,10.1712219871782,17073,1,1,0,0
2006,Treated,6.53087762772588,10.8106971756741,10.1947756155819,17073,1,1,0,0
2007,Treated,6.5206211275587,10.8101521010157,10.2596223506224,17073,1,1,0,0
2001,Treated,6.05678401322862,10.3417747410115,10.0213150316493,17075,1,1,0,0
2002,Treated,5.99645208861902,10.3357568633963,10.0373626360922,17075,1,1,0,0
2003,Treated,6.01615715969835,10.3341654631157,10.0695103363606,17075,1,1,0,0
2004,Treated,5.82304589548302,10.3280033713351,10.1016414471467,17075,1,1,0,0
2005,Treated,5.87773578177964,10.3223294576859,10.1216587622238,17075,1,1,0,0
2006,Treated,5.88610403145016,10.3151997734048,10.1545575064912,17075,1,1,0,0
2007,Treated,5.93489419561959,10.3095524807163,10.1780843854393,17075,1,1,0,0
2001,Treated,6.78671695060508,10.9843940140853,10.1731711192852,17077,1,1,0,0
2002,Treated,6.63200177739563,10.9707811579468,10.2183712824131,17077,1,1,0,0
2003,Treated,6.6052979209482,10.9706951697271,10.2264764388201,17077,1,1,0,0
2004,Treated,6.68710860786651,10.9714000549546,10.2615115860442,17077,1,1,0,0
2005,Treated,6.5792512120101,10.9863938113826,10.2862638723896,17077,1,1,0,0
2006,Treated,6.55250788703459,10.9853774650598,10.314006534947,17077,1,1,0,0
2007,Treated,6.50578406012823,10.9719155100269,10.3532565862008,17077,1,1,0,0
2001,Treated,4.89034912822175,9.21681933807389,10.1517138842178,17079,1,1,0,0
2002,Treated,4.92725368515721,9.2179116374725,10.1702651408704,17079,1,1,0,0
2003,Treated,4.82028156560504,9.21133987230927,10.1668897397139,17079,1,1,0,0
2004,Treated,4.52178857704904,9.21572584425252,10.2167277166018,17079,1,1,0,0
2005,Treated,4.59511985013459,9.19034172546949,10.2529465238546,17079,1,1,0,0
2006,Treated,4.46590811865458,9.18091156128537,10.3226583077004,17079,1,1,0,0
2007,Treated,4.69134788222914,9.17149558815261,10.3329295700257,17079,1,1,0,0
2001,Treated,6.52356230614951,10.601298839223,10.2583258107999,17081,1,1,0,0
2002,Treated,6.5206211275587,10.6038585781854,10.2977568878836,17081,1,1,0,0
2003,Treated,6.46302945692067,10.6039330355772,10.2983297703404,17081,1,1,0,0
2004,Treated,6.43454651878745,10.6046773047393,10.3320505063347,17081,1,1,0,0
2005,Treated,6.38350663488401,10.6000538811417,10.3668126801533,17081,1,1,0,0
2006,Treated,6.29894924685594,10.5998545439373,10.3923436028731,17081,1,1,0,0
2007,Treated,6.36818718635049,10.5990318576958,10.405292613081,17081,1,1,0,0
2001,Treated,5.77765232322266,9.98667914342289,9.99392223000734,17083,1,1,0,0
2002,Treated,5.84354441703136,9.99838855773085,10.0120280068256,17083,1,1,0,0
2003,Treated,5.78689738136671,10.0042374556363,10.0496204614841,17083,1,1,0,0
2004,Treated,5.8111409929767,10.014313107625,10.0985607932552,17083,1,1,0,0
2005,Treated,5.6937321388027,10.0078926118909,10.0851422203424,17083,1,1,0,0
2006,Treated,5.66988092298052,10.0137311266349,10.1200092275415,17083,1,1,0,0
2007,Treated,5.71373280550937,10.0158782981152,10.1886289000782,17083,1,1,0,0
2001,Treated,6.12468339089421,10.0192240510187,10.0238893783884,17085,1,1,0,0
2002,Treated,5.87493073085203,10.0190013487485,10.0558222988394,17085,1,1,0,0
2003,Treated,6.05208916892442,10.0244211754318,10.0967490493684,17085,1,1,0,0
2004,Treated,5.96100533962327,10.0223810824765,10.123265446374,17085,1,1,0,0
2005,Treated,5.94017125272043,10.0128351093714,10.1256706427552,17085,1,1,0,0
2006,Treated,6.00881318544259,10.0154760544842,10.1821414937779,17085,1,1,0,0
2007,Treated,5.91079664404053,10.006450195594,10.2266574179175,17085,1,1,0,0
2001,Treated,4.47733681447821,9.48265496729684,10.2617212809389,17087,1,1,0,0
2002,Treated,4.58496747867057,9.46016480187172,10.3077519400678,17087,1,1,0,0
2003,Treated,4.54329478227,9.47262771040802,10.3027333608304,17087,1,1,0,0
2004,Treated,4.46590811865458,9.47493292120293,10.3153322676083,17087,1,1,0,0
2005,Treated,4.55387689160054,9.46606727318641,10.3593288679694,17087,1,1,0,0
2006,Treated,4.44265125649032,9.52478608169718,10.3706433806427,17087,1,1,0,0
2007,Treated,4.77068462446567,9.52427481557203,10.4089789747114,17087,1,1,0,0
2001,Treated,9.10420177591451,12.9596985549117,10.415172806714,17089,1,1,0,0
2002,Treated,9.04026354159867,13.0000465797634,10.4433378553427,17089,1,1,0,0
2003,Treated,9.0067543198775,13.0355912445208,10.4604713082832,17089,1,1,0,0
2004,Treated,8.96763166516713,13.0663452543621,10.4993801641918,17089,1,1,0,0
2005,Treated,8.99118884193151,13.0788565318951,10.534040986325,17089,1,1,0,0
2006,Treated,8.97802993283716,13.0965921333001,10.5686981144031,17089,1,1,0,0
2007,Treated,9.02509454366498,13.1131530926495,10.5859781529075,17089,1,1,0,0
2001,Treated,7.70481192293259,11.5583767278741,10.2786309007579,17091,1,1,0,0
2002,Treated,7.62168499872461,11.5646541645552,10.3094525356859,17091,1,1,0,0
2003,Treated,7.55903825544338,11.5737006636847,10.3269562850839,17091,1,1,0,0
2004,Treated,7.46106551435428,11.5809391905836,10.3520760050264,17091,1,1,0,0
2005,Treated,7.43897159239586,11.5889694190439,10.3672844598723,17091,1,1,0,0
2006,Treated,7.48773376143644,11.6077264242347,10.3855741379623,17091,1,1,0,0
2007,Treated,7.44249272279444,11.6237957738017,10.4145131563048,17091,1,1,0,0
2001,Treated,7.02108396428914,10.9700242077318,10.4198378869448,17093,1,1,0,0
2002,Treated,6.89365635460264,11.0315291852282,10.4200168792188,17093,1,1,0,0
2003,Treated,6.880384082186,11.1127165190078,10.4612158459883,17093,1,1,0,0
2004,Treated,6.93147180559945,11.1941516826408,10.4962341189874,17093,1,1,0,0
2005,Treated,6.93147180559945,11.2779496881494,10.5351847707799,17093,1,1,0,0
2006,Treated,7.02553831463852,11.3788567851757,10.5433921717004,17093,1,1,0,0
2007,Treated,7.06561336359772,11.4836202305776,10.5505646162415,17093,1,1,0,0
2001,Treated,6.89871453432999,10.9207813200266,10.144353136838,17095,1,1,0,0
2002,Treated,6.79794041297493,10.9137056904416,10.1642351262477,17095,1,1,0,0
2003,Treated,6.67959918584438,10.9042297208797,10.1799822793473,17095,1,1,0,0
2004,Treated,6.67329796776765,10.8930101586165,10.1831248524048,17095,1,1,0,0
2005,Treated,6.65286302935335,10.8737360260037,10.198616825623,17095,1,1,0,0
2006,Treated,6.70196036600254,10.8647325294113,10.1879143322672,17095,1,1,0,0
2007,Treated,6.65801104587075,10.8576904494801,10.228826616165,17095,1,1,0,0
2001,Treated,9.45383541953829,13.4034844736457,10.6912628621749,17097,1,1,0,0
2002,Treated,9.32856775334083,13.4223257375179,10.7298535768823,17097,1,1,0,0
2003,Treated,9.27369068747694,13.4330224452751,10.7429620327916,17097,1,1,0,0
2004,Treated,9.22147811638664,13.448596227114,10.7824709395998,17097,1,1,0,0
2005,Treated,9.2072355570227,13.4540943921753,10.8039537340633,17097,1,1,0,0
2006,Treated,9.24599704918422,13.4613381942435,10.864617797883,17097,1,1,0,0
2007,Treated,9.23824732522919,13.4623707865048,10.9557068016345,17097,1,1,0,0
2001,Treated,7.79564653633459,11.6270395560511,10.2502283154913,17099,1,1,0,0
2002,Treated,7.69621263934641,11.6240821503351,10.2694145637968,17099,1,1,0,0
2003,Treated,7.58781721999343,11.6265487497357,10.2880354123889,17099,1,1,0,0
2004,Treated,7.51207124583547,11.6282610636501,10.3275126861652,17099,1,1,0,0
2005,Treated,7.52671756135271,11.6230167727639,10.3580919702046,17099,1,1,0,0
2006,Treated,7.55013534248843,11.6229003181788,10.3927115317444,17099,1,1,0,0
2007,Treated,7.56992765524265,11.6306907226908,10.4152926964156,17099,1,1,0,0
2001,Treated,5.39816270151775,9.63560810738053,10.046721720622,17101,1,1,0,0
2002,Treated,5.30826769740121,9.68526935174441,10.1302644950828,17101,1,1,0,0
2003,Treated,5.29831736654804,9.68371331869152,10.1404551104434,17101,1,1,0,0
2004,Treated,5.14749447681345,9.67802882326448,10.224954919906,17101,1,1,0,0
2005,Treated,4.92725368515721,9.67357111693449,10.2529112697607,17101,1,1,0,0
2006,Treated,4.81218435537242,9.71697723512072,10.3049781058889,17101,1,1,0,0
2007,Treated,4.97673374242057,9.71703748515839,10.3256786645599,17101,1,1,0,0
2001,Treated,6.27476202124194,10.4913575472996,10.2229589474773,17103,1,1,0,0
2002,Treated,6.13556489108174,10.4808871245518,10.2444852480896,17103,1,1,0,0
2003,Treated,6.02102334934953,10.4803536938781,10.2677833836062,17103,1,1,0,0
2004,Treated,6.14846829591765,10.4822615024415,10.3519482911054,17103,1,1,0,0
2005,Treated,6.12686918411419,10.4719781284965,10.388318216025,17103,1,1,0,0
2006,Treated,6.00141487796115,10.4609295509307,10.4127719892833,17103,1,1,0,0
2007,Treated,6.04500531403601,10.4673798972388,10.4450848349689,17103,1,1,0,0
2001,Treated,6.74405918631135,10.5886277626942,10.3212434847285,17105,1,1,0,0
2002,Treated,6.62007320653036,10.5791833394823,10.354595018523,17105,1,1,0,0
2003,Treated,6.63200177739563,10.575002432969,10.3489423088605,17105,1,1,0,0
2004,Treated,6.56103066589657,10.5724701060968,10.3915459589481,17105,1,1,0,0
2005,Treated,6.56103066589657,10.5630262419222,10.4253421331499,17105,1,1,0,0
2006,Treated,6.60665018619822,10.5433394360378,10.4378734407111,17105,1,1,0,0
2007,Treated,6.56526497003536,10.5448939701884,10.4961235514997,17105,1,1,0,0
2001,Treated,6.20455776256869,10.3403544237838,10.1776283544212,17107,1,1,0,0
2002,Treated,6.03787091992214,10.3351076181211,10.1939158506559,17107,1,1,0,0
2003,Treated,5.89164421182577,10.3336127523807,10.2063291367457,17107,1,1,0,0
2004,Treated,5.95064255258773,10.332506413598,10.2378862122104,17107,1,1,0,0
2005,Treated,5.86078622346587,10.3213422582902,10.2753614056492,17107,1,1,0,0
2006,Treated,5.78996017089725,10.3061153058241,10.2914334244254,17107,1,1,0,0
2007,Treated,5.70044357339069,10.3049446392468,10.3303879413644,17107,1,1,0,0
2001,Treated,6.1779441140506,10.3999505254663,10.0533289607753,17109,1,1,0,0
2002,Treated,6.00388706710654,10.3999809589919,10.1514798018197,17109,1,1,0,0
2003,Treated,5.90808293816893,10.3932631713538,10.1742777573177,17109,1,1,0,0
2004,Treated,5.95064255258773,10.3828534684838,10.1917444597388,17109,1,1,0,0
2005,Treated,5.97380961186926,10.3759880619805,10.2212865238917,17109,1,1,0,0
2006,Treated,5.87493073085203,10.4024126450437,10.2744302266059,17109,1,1,0,0
2007,Treated,5.90808293816893,10.4066841491376,10.3111169834737,17109,1,1,0,0
2001,Treated,8.5167931113949,12.5066845167003,10.3851109104939,17111,1,1,0,0
2002,Treated,8.43988008831357,12.5390674141909,10.4056558092109,17111,1,1,0,0
2003,Treated,8.39231000926955,12.5731780030837,10.4324673868822,17111,1,1,0,0
2004,Treated,8.36869318309779,12.598992726136,10.467635909984,17111,1,1,0,0
2005,Treated,8.35443894011481,12.6202364764744,10.4867361582282,17111,1,1,0,0
2006,Treated,8.39705739017626,12.641177458756,10.5219111869001,17111,1,1,0,0
2007,Treated,8.39750834847026,12.6593623724538,10.5481532712732,17111,1,1,0,0
2001,Treated,8.04430540699064,11.9345001148115,10.4662697506709,17113,1,1,0,0
2002,Treated,7.93379687481541,11.9529723378012,10.4949618541848,17113,1,1,0,0
2003,Treated,7.89095671613892,11.9631280919185,10.5332155852264,17113,1,1,0,0
2004,Treated,7.77653502818524,11.9693814884207,10.5667681334898,17113,1,1,0,0
2005,Treated,7.755767170103,11.9817659179887,10.5816226129756,17113,1,1,0,0
2006,Treated,7.74022952476318,11.9930650514039,10.6300453309403,17113,1,1,0,0
2007,Treated,7.8188324438034,12.0075180428968,10.6473753747993,17113,1,1,0,0
2001,Treated,7.66762609158499,11.6412131332717,10.4149329841815,17115,1,1,0,0
2002,Treated,7.54908271081229,11.6315792325406,10.4107568600993,17115,1,1,0,0
2003,Treated,7.47873482556787,11.6202540427228,10.4399516828571,17115,1,1,0,0
2004,Treated,7.43661726523423,11.6127888993237,10.5047113117454,17115,1,1,0,0
2005,Treated,7.38461038317697,11.6037802798143,10.5569579159432,17115,1,1,0,0
2006,Treated,7.41517510961329,11.5998551719583,10.5808863761279,17115,1,1,0,0
2007,Treated,7.35564110297425,11.5965494445351,10.622278113076,17115,1,1,0,0
2001,Treated,6.45519856334012,10.7994327097449,10.0600638595782,17117,1,1,0,0
2002,Treated,6.30627528694802,10.8001060486128,10.0934465364593,17117,1,1,0,0
2003,Treated,6.37331978957701,10.8011865237192,10.1107455946201,17117,1,1,0,0
2004,Treated,6.24027584517077,10.8010642643662,10.1587497337318,17117,1,1,0,0
2005,Treated,6.13772705408623,10.7883082569408,10.1914445871823,17117,1,1,0,0
2006,Treated,6.10924758276437,10.7816609622972,10.2349831404441,17117,1,1,0,0
2007,Treated,6.1779441140506,10.783819445556,10.2780122377377,17117,1,1,0,0
2001,Treated,8.49678638163858,12.4705577363778,10.2940758814139,17119,1,1,0,0
2002,Treated,8.45382731579442,12.4742086827632,10.3188039766947,17119,1,1,0,0
2003,Treated,8.38526052015541,12.480658080192,10.3582506323656,17119,1,1,0,0
2004,Treated,8.33206770728955,12.4815923047777,10.4080133741536,17119,1,1,0,0
2005,Treated,8.28273588020175,12.487145424642,10.4439787689579,17119,1,1,0,0
2006,Treated,8.21500643276157,12.4911914355788,10.464131383283,17119,1,1,0,0
2007,Treated,8.27944348771267,12.4953971185035,10.4797075810668,17119,1,1,0,0
2001,Treated,6.49072353450251,10.6328220038578,10.119082686093,17121,1,1,0,0
2002,Treated,6.41673228251233,10.6233496896136,10.1623842735562,17121,1,1,0,0
2003,Treated,6.35957386867238,10.6178579195476,10.1680033469561,17121,1,1,0,0
2004,Treated,6.31173480915291,10.6072778931946,10.2006247837587,17121,1,1,0,0
2005,Treated,6.27287700654617,10.5899373556483,10.233150947228,17121,1,1,0,0
2006,Treated,6.22059017009974,10.5902896455362,10.2816499781163,17121,1,1,0,0
2007,Treated,6.14203740558736,10.5861802751922,10.3071510386977,17121,1,1,0,0
2001,Treated,10.0755062163342,13.726892436306,10.6798263239828,17043,1,1,0,0
2002,Treated,9.96227519401922,13.7331262776146,10.6909671623308,17043,1,1,0,0
2003,Treated,9.88491616695069,13.7366762032715,10.7174132777323,17043,1,1,0,0
2004,Treated,9.79087860815347,13.7409227784137,10.7451840401993,17043,1,1,0,0
2005,Treated,9.80361196710887,13.7400421223381,10.7745298409371,17043,1,1,0,0
2006,Treated,9.82244017368281,13.7380602371504,10.8261181449565,17043,1,1,0,0
2007,Treated,9.80994580812776,13.7353281738698,10.8666809540965,17043,1,1,0,0
2001,Treated,5.26785815906333,9.68121861863258,10.0574096348084,17125,1,1,0,0
2002,Treated,5.32300997913841,9.679718805828,10.0572810257155,17125,1,1,0,0
2003,Treated,5.24702407216049,9.67407438820832,10.0739473695649,17125,1,1,0,0
2004,Treated,5.25227342804663,9.67338232488837,10.1108268723054,17125,1,1,0,0
2005,Treated,4.97673374242057,9.64633468511917,10.1435668805565,17125,1,1,0,0
2006,Treated,4.99043258677874,9.62747051161485,10.1913321117862,17125,1,1,0,0
2007,Treated,5.05624580534831,9.61900037098087,10.217421996132,17125,1,1,0,0
2001,Treated,5.24174701505964,9.61900037098087,10.2620706747442,17127,1,1,0,0
2002,Treated,5.02388052084628,9.62747051161485,10.3120146346801,17127,1,1,0,0
2003,Treated,5.11198778835654,9.62674542012268,10.3381554124524,17127,1,1,0,0
2004,Treated,4.92725368515721,9.63521587360417,10.3699223209673,17127,1,1,0,0
2005,Treated,4.84418708645859,9.63128505093273,10.4109073831673,17127,1,1,0,0
2006,Treated,4.75359019110636,9.62165500487324,10.4521290569863,17127,1,1,0,0
2007,Treated,4.70048036579242,9.62331057957012,10.4889381576407,17127,1,1,0,0
2001,Treated,5.18738580584075,9.44018144473811,10.0190904356082,17129,1,1,0,0
2002,Treated,5.03043792139244,9.44113458222091,10.0199363651794,17129,1,1,0,0
2003,Treated,5.09375020080676,9.44541249415567,10.0604913013458,17129,1,1,0,0
2004,Treated,4.96284463025991,9.45258041898138,10.0774828755836,17129,1,1,0,0
2005,Treated,4.93447393313069,9.42649958951595,10.0695103363606,17129,1,1,0,0
2006,Treated,4.89034912822175,9.42043920976958,10.0767263187217,17129,1,1,0,0
2007,Treated,4.92725368515721,9.43492288748465,10.1252301229347,17129,1,1,0,0
2001,Treated,4.98360662170834,9.73820008829795,9.96580485860099,17131,1,1,0,0
2002,Treated,4.94875989037817,9.74167425637352,9.98842594905232,17131,1,1,0,0
2003,Treated,4.71849887129509,9.73684247512718,9.99551963798262,17131,1,1,0,0
2004,Treated,4.79579054559674,9.74043907108576,10.0373626360922,17131,1,1,0,0
2005,Treated,5.04342511691925,9.71625395138115,10.0575810878735,17131,1,1,0,0
2006,Treated,5.05624580534831,9.71250862865099,10.0726394352814,17131,1,1,0,0
2007,Treated,5.01727983681492,9.70680334490634,10.1678114341607,17131,1,1,0,0
2001,Treated,6.29156913955832,10.2512882364498,10.1410861248199,17133,1,1,0,0
2002,Treated,6.38687931936265,10.2771867578806,10.1609938824778,17133,1,1,0,0
2003,Treated,6.3491389913798,10.2998446416136,10.1910696199876,17133,1,1,0,0
2004,Treated,6.31354804627709,10.325186837083,10.2135424758396,17133,1,1,0,0
2005,Treated,6.30078579466324,10.3515011638902,10.2300898122186,17133,1,1,0,0
2006,Treated,6.27476202124194,10.369671395679,10.2766360591677,17133,1,1,0,0
2007,Treated,6.361302477573,10.3871783338948,10.2724615520619,17133,1,1,0,0
2001,Treated,6.29894924685594,10.3264323305249,10.1032805902421,17135,1,1,0,0
2002,Treated,6.24027584517077,10.3280033713351,10.1337655927509,17135,1,1,0,0
2003,Treated,6.07764224334903,10.3220662997897,10.1889296180446,17135,1,1,0,0
2004,Treated,6.10255859461357,10.3235456629472,10.2238667015746,17135,1,1,0,0
2005,Treated,6.15485809401642,10.3078854246839,10.2482467855269,17135,1,1,0,0
2006,Treated,6.0137151560428,10.3079521603107,10.2799357115738,17135,1,1,0,0
2007,Treated,6.01615715969835,10.3018944768324,10.3022972289774,17135,1,1,0,0
2001,Treated,6.53378883793334,10.5015820201443,10.175611726072,17137,1,1,0,0
2002,Treated,6.46458830368996,10.4943528070478,10.219939280984,17137,1,1,0,0
2003,Treated,6.4118182677099,10.4926898815794,10.2331869048699,17137,1,1,0,0
2004,Treated,6.4150969591716,10.4901624885856,10.3056137593788,17137,1,1,0,0
2005,Treated,6.30627528694802,10.4779919529653,10.2909923352673,17137,1,1,0,0
2006,Treated,6.2841341610708,10.4757939021451,10.3420972592366,17137,1,1,0,0
2007,Treated,6.30627528694802,10.4733365167516,10.3694831603843,17137,1,1,0,0
2001,Treated,5.39816270151775,9.57234110867026,10.0627110580841,17139,1,1,0,0
2002,Treated,5.40717177146012,9.57289797907307,10.1070812446056,17139,1,1,0,0
2003,Treated,5.20948615284142,9.57567768899357,10.1527276085716,17139,1,1,0,0
2004,Treated,5.37989735354046,9.57657943358351,10.2580452567037,17139,1,1,0,0
2005,Treated,5.33753807970132,9.57178392799002,10.2773587890531,17139,1,1,0,0
2006,Treated,5.23644196282995,9.5643718249695,10.3067836433595,17139,1,1,0,0
2007,Treated,5.14749447681345,9.57122643668638,10.3409034218761,17139,1,1,0,0
2001,Treated,6.6052979209482,10.8541024134542,10.3074181505523,17141,1,1,0,0
2002,Treated,6.49526555593701,10.8630676325087,10.338446735872,17141,1,1,0,0
2003,Treated,6.42324696353352,10.8779339785786,10.3777944096017,17141,1,1,0,0
2004,Treated,6.33859407820318,10.8879041134579,10.4359083137387,17141,1,1,0,0
2005,Treated,6.42162226780652,10.896276255383,10.4739302318706,17141,1,1,0,0
2006,Treated,6.35437004079735,10.9069096542005,10.480409857877,17141,1,1,0,0
2007,Treated,6.38687931936265,10.9155065586191,10.5495431255622,17141,1,1,0,0
2001,Treated,8.25009775257285,12.1134528434121,10.4129522506628,17143,1,1,0,0
2002,Treated,8.09101504171053,12.1152832316474,10.4433669966929,17143,1,1,0,0
2003,Treated,7.96935774201635,12.1125254108245,10.4779638033784,17143,1,1,0,0
2004,Treated,7.93844555116479,12.1124705061939,10.5321228782696,17143,1,1,0,0
2005,Treated,7.93773177526011,12.1116465747862,10.5797428654259,17143,1,1,0,0
2006,Treated,7.94413749111411,12.1147519969524,10.616412850288,17143,1,1,0,0
2007,Treated,7.9820748750812,12.1177221905575,10.6328220038578,17143,1,1,0,0
2001,Treated,5.69035945432406,10.0457680597929,10.1128972243957,17145,1,1,0,0
2002,Treated,5.61677109766657,10.0345596736298,10.1492923863934,17145,1,1,0,0
2003,Treated,5.51745289646471,10.0316608662591,10.1725218306154,17145,1,1,0,0
2004,Treated,5.33271879326537,10.0297236490813,10.2178237272332,17145,1,1,0,0
2005,Treated,5.56068163101553,10.0282682694334,10.229043277416,17145,1,1,0,0
2006,Treated,5.37063802812766,10.0270759267807,10.2717698695166,17145,1,1,0,0
2007,Treated,4.97673374242057,10.0249084077405,10.3013572215225,17145,1,1,0,0
2001,Treated,5.52545293913178,9.70149375994465,10.1318574228219,17147,1,1,0,0
2002,Treated,5.39816270151775,9.69634037430652,10.1505429238967,17147,1,1,0,0
2003,Treated,5.32300997913841,9.7053414453952,10.1636185559006,17147,1,1,0,0
2004,Treated,5.33753807970132,9.71099444042068,10.1640810192972,17147,1,1,0,0
2005,Treated,5.32787616878958,9.71153981234754,10.1824063393178,17147,1,1,0,0
2006,Treated,5.33753807970132,9.71093382517592,10.1870862995503,17147,1,1,0,0
2007,Treated,5.11799381241676,9.70844543133279,10.2453026335678,17147,1,1,0,0
2001,Treated,5.29330482472449,9.7544653661431,9.88649397615956,17149,1,1,0,0
2002,Treated,5.39362754635236,9.74572201363806,9.91660119168151,17149,1,1,0,0
2003,Treated,5.36129216570943,9.7407333012347,9.96904118327557,17149,1,1,0,0
2004,Treated,5.3890717298165,9.747652120978,9.99323684467974,17149,1,1,0,0
2005,Treated,5.18738580584075,9.73210593578051,10.0145816000417,17149,1,1,0,0
2006,Treated,5.35658627467201,9.71172153691417,10.0247312598215,17149,1,1,0,0
2007,Treated,5.25749537202778,9.71571114505921,10.0675178393578,17149,1,1,0,0
2001,Treated,2.94443897916644,8.37724123098879,9.90523602307024,17151,1,1,0,0
2002,Treated,2.70805020110221,8.37539918579835,9.94078333727983,17151,1,1,0,0
2003,Treated,2.83321334405622,8.372398606513,9.93614833477568,17151,1,1,0,0
2004,Treated,2.89037175789616,8.36287583103188,9.99602115393906,17151,1,1,0,0
2005,Treated,2.19722457733622,8.33615081612066,10.0513901824596,17151,1,1,0,0
2006,Treated,2.39789527279837,8.31971738685061,10.057238152342,17151,1,1,0,0
2007,Treated,2.484906649788,8.32069157104845,10.1464337311465,17151,1,1,0,0
2001,Treated,3.43398720448515,8.88433318520273,10.0501387528618,17153,1,1,0,0
2002,Treated,3.73766961828337,8.88030735898387,10.0373626360922,17153,1,1,0,0
2003,Treated,4.46590811865458,8.86106654351776,10.0861007334703,17153,1,1,0,0
2004,Treated,2.99573227355399,8.84649693855884,10.1333286252981,17153,1,1,0,0
2005,Treated,3.04452243772342,8.80582481290361,10.2230315981367,17153,1,1,0,0
2006,Treated,3.49650756146648,8.78752562553291,10.3049111714846,17153,1,1,0,0
2007,Treated,3.3322045101752,8.77090474429687,10.3179124020158,17153,1,1,0,0
2001,Treated,3.89182029811063,8.71259548774872,10.4276241903618,17155,1,1,0,0
2002,Treated,3.68887945411394,8.71768205216564,10.3100853522402,17155,1,1,0,0
2003,Treated,4.02535169073515,8.72029728739272,10.3823580050606,17155,1,1,0,0
2004,Treated,3.73766961828337,8.7157161275482,10.5088685258392,17155,1,1,0,0
2005,Treated,3.91202300542815,8.69701161799207,10.4963446742514,17155,1,1,0,0
2006,Treated,3.78418963391826,8.68592279469073,10.5308420925461,17155,1,1,0,0
2007,Treated,4.24849524204936,8.69717868841264,10.8090206277573,17155,1,1,0,0
2001,Treated,6.38519439899773,10.4335862516457,10.2212865238917,17157,1,1,0,0
2002,Treated,6.32793678372919,10.4132826454876,10.2477862254068,17157,1,1,0,0
2003,Treated,6.21460809842219,10.4129522506628,10.2684431173061,17157,1,1,0,0
2004,Treated,6.18414889093748,10.4115694156311,10.3084191850381,17157,1,1,0,0
2005,Treated,6.22059017009974,10.4042022325514,10.3516928143205,17157,1,1,0,0
2006,Treated,6.07993319509559,10.4033533360658,10.3720839420844,17157,1,1,0,0
2007,Treated,6.11589212548303,10.3989761632919,10.3880410669633,17157,1,1,0,0
2001,Treated,6.04737217904628,9.68053148364599,10.0585663729362,17159,1,1,0,0
2002,Treated,5.90808293816893,9.68464722904175,10.0715834020661,17159,1,1,0,0
2003,Treated,5.79605775076537,9.67495450393748,10.1121264176475,17159,1,1,0,0
2004,Treated,5.85793315448346,9.6711771133971,10.1507381791936,17159,1,1,0,0
2005,Treated,5.59098698051086,9.66300708156864,10.1633101281088,17159,1,1,0,0
2006,Treated,5.55295958492162,9.66058762285624,10.1808541024604,17159,1,1,0,0
2007,Treated,5.67332326717149,9.65560294995841,10.2210317792718,17159,1,1,0,0
2001,Treated,8.06902932877496,11.910304636495,10.4419672530839,17161,1,1,0,0
2002,Treated,7.9251575122247,11.908084312223,10.472629253125,17161,1,1,0,0
2003,Treated,7.87663846097546,11.9036964749988,10.505670097722,17161,1,1,0,0
2004,Treated,7.82404601085629,11.9023221648993,10.578088815809,17161,1,1,0,0
2005,Treated,7.86557175768479,11.89598816929,10.6035606931668,17161,1,1,0,0
2006,Treated,7.85166117788927,11.8939544275975,10.6851262641171,17161,1,1,0,0
2007,Treated,7.82923253754359,11.8986707423545,10.7355920039839,17161,1,1,0,0
2001,Treated,8.46863300080086,12.4533115579449,10.2399240742339,17163,1,1,0,0
2002,Treated,8.41161042884117,12.4585574997065,10.2875587679566,17163,1,1,0,0
2003,Treated,8.40200678160712,12.4625929441677,10.309519166816,17163,1,1,0,0
2004,Treated,8.41205487329293,12.4650581314256,10.3598675501124,17163,1,1,0,0
2005,Treated,8.33399124719497,12.4638301613604,10.3920062157796,17163,1,1,0,0
2006,Treated,8.28475659319044,12.470242970396,10.4330564191193,17163,1,1,0,0
2007,Treated,8.30745932701195,12.4731871481919,10.4712132234349,17163,1,1,0,0
2001,Treated,5.83188247728352,10.1785781844731,10.1606846439752,17165,1,1,0,0
2002,Treated,5.77144112313002,10.1754974555936,10.2006619301713,17165,1,1,0,0
2003,Treated,5.68697535633982,10.171030691147,10.2228136303224,17165,1,1,0,0
2004,Treated,5.66988092298052,10.1737818296367,10.2760850570187,17165,1,1,0,0
2005,Treated,5.59842195899838,10.1653132104427,10.3225596640505,17165,1,1,0,0
2006,Treated,5.64897423816121,10.1648128158904,10.3197607093609,17165,1,1,0,0
2007,Treated,5.80513496891649,10.1661594619837,10.3255147489433,17165,1,1,0,0
2001,Treated,8.35585004100747,12.1562834825275,10.4984429053295,17167,1,1,0,0
2002,Treated,8.2602342916073,12.1627997332967,10.5335351761528,17167,1,1,0,0
2003,Treated,8.16876982367527,12.1648755806798,10.5507216760817,17167,1,1,0,0
2004,Treated,8.1285852003745,12.1668899316549,10.5579718643187,17167,1,1,0,0
2005,Treated,8.06211758275474,12.1690247700544,10.5851945429535,17167,1,1,0,0
2006,Treated,8.07496035911586,12.1720814346628,10.6201070892812,17167,1,1,0,0
2007,Treated,8.06934236681164,12.1748141496274,10.6621181202072,17167,1,1,0,0
2001,Treated,4.59511985013459,8.86007342433278,10.1010260751349,17169,1,1,0,0
2002,Treated,4.55387689160054,8.8538082749772,10.1930179158455,17169,1,1,0,0
2003,Treated,4.52178857704904,8.85280791762332,10.213872454394,17169,1,1,0,0
2004,Treated,4.53259949315326,8.859647499715,10.2346600560624,17169,1,1,0,0
2005,Treated,4.31748811353631,8.86389860431748,10.3188039766947,17169,1,1,0,0
2006,Treated,4.38202663467388,8.85509298002864,10.4137029901764,17169,1,1,0,0
2007,Treated,4.43081679884331,8.84548923675327,10.4633033204742,17169,1,1,0,0
2001,Treated,4.21950770517611,8.61830469278465,10.248707133629,17171,1,1,0,0
2002,Treated,4.23410650459726,8.61341204915678,10.2256797414505,17171,1,1,0,0
2003,Treated,3.71357206670431,8.61031916940572,10.2603924700289,17171,1,1,0,0
2004,Treated,3.46573590279973,8.59840444684106,10.2723232538215,17171,1,1,0,0
2005,Treated,3.58351893845611,8.58279364850019,10.4427840082778,17171,1,1,0,0
2006,Treated,3.29583686600433,8.56598335558567,10.3504784074728,17171,1,1,0,0
2007,Treated,3.25809653802148,8.56006109164341,10.3965055576522,17171,1,1,0,0
2001,Treated,5.30826769740121,10.0285771633749,10.0408989083591,17173,1,1,0,0
2002,Treated,5.41610040220442,10.0248198377037,10.0317048503369,17173,1,1,0,0
2003,Treated,5.43372200355424,10.0216705082138,10.0451607108523,17173,1,1,0,0
2004,Treated,5.32787616878958,10.0155654559415,10.079623350243,17173,1,1,0,0
2005,Treated,5.37989735354046,10.0013852908126,10.1114768560787,17173,1,1,0,0
2006,Treated,5.61312810638807,9.99337395933065,10.124548937646,17173,1,1,0,0
2007,Treated,5.68017260901707,9.9875069580397,10.1531172290862,17173,1,1,0,0
2001,Treated,3.68887945411394,8.75084137537553,10.055607600597,17175,1,1,0,0
2002,Treated,3.3322045101752,8.74113642290101,10.0014306268661,17175,1,1,0,0
2003,Treated,3.52636052461616,8.73214326770192,10.0543614409703,17175,1,1,0,0
2004,Treated,3.58351893845611,8.73004395324502,10.1359871987744,17175,1,1,0,0
2005,Treated,3.3322045101752,8.71620797115185,10.1454921114913,17175,1,1,0,0
2006,Treated,3.36729582998647,8.72176535714501,10.1689240160406,17175,1,1,0,0
2007,Treated,3.55534806148941,8.71407489954152,10.1800202005092,17175,1,1,0,0
2001,Treated,6.80903930604298,10.7901846815632,10.323184242891,17177,1,1,0,0
2002,Treated,6.7093043402583,10.7831557929538,10.3317573132976,17177,1,1,0,0
2003,Treated,6.67456139181443,10.7838816404125,10.3643873675324,17177,1,1,0,0
2004,Treated,6.55393340402581,10.7815570715901,10.3750524623488,17177,1,1,0,0
2005,Treated,6.55393340402581,10.7659976887256,10.4207921423998,17177,1,1,0,0
2006,Treated,6.65801104587075,10.7563271718297,10.4463640164673,17177,1,1,0,0
2007,Treated,6.5510803350434,10.7519918277694,10.5041355985992,17177,1,1,0,0
2001,Treated,7.87054784450771,11.7617211683695,10.4648732019138,17179,1,1,0,0
2002,Treated,7.78613643778307,11.7629368224007,10.4904683372485,17179,1,1,0,0
2003,Treated,7.77443551030296,11.7625863046045,10.5257293195803,17179,1,1,0,0
2004,Treated,7.75362354655975,11.7676219454375,10.5867863970413,17179,1,1,0,0
2005,Treated,7.71289096149013,11.7692561795121,10.6977010418309,17179,1,1,0,0
2006,Treated,7.69666708152646,11.7734804012826,10.7888034801109,17179,1,1,0,0
2007,Treated,7.68845535654994,11.7827388388795,10.8294711563812,17179,1,1,0,0
2001,Treated,5.47646355193151,9.80620542972957,10.0382369530877,17181,1,1,0,0
2002,Treated,5.27811465923052,9.80802236071806,10.0824284011706,17181,1,1,0,0
2003,Treated,5.46383180502561,9.81104326214485,10.1089150980446,17181,1,1,0,0
2004,Treated,5.32787616878958,9.80890211004626,10.1691157154565,17181,1,1,0,0
2005,Treated,5.28320372873799,9.80581959535797,10.2068830204074,17181,1,1,0,0
2006,Treated,5.12396397940326,9.80675636357636,10.2329351742204,17181,1,1,0,0
2007,Treated,5.15329159449778,9.80493712880685,10.2535104203945,17181,1,1,0,0
2001,Treated,7.23056315340929,11.3335116765173,10.2476444719159,17183,1,1,0,0
2002,Treated,7.10414409298753,11.3296514547365,10.2582556796546,17183,1,1,0,0
2003,Treated,7.07242190053737,11.325197318877,10.2998782793686,17183,1,1,0,0
2004,Treated,7.04315991598834,11.3223338049497,10.3487501305184,17183,1,1,0,0
2005,Treated,7.02019070831193,11.3122036570907,10.369137970291,17183,1,1,0,0
2006,Treated,6.9555926083963,11.3100868657464,10.4085264655404,17183,1,1,0,0
2007,Treated,6.94408720822953,11.3010927048019,10.4366420217852,17183,1,1,0,0
2001,Treated,5.35185813347607,9.45774717542607,10.1433308830728,17185,1,1,0,0
2002,Treated,5.31320597904179,9.45053767785622,10.1655056032324,17185,1,1,0,0
2003,Treated,5.39816270151775,9.44841194387463,10.1857298562375,17185,1,1,0,0
2004,Treated,5.27811465923052,9.44153145486969,10.2153743136847,17185,1,1,0,0
2005,Treated,5.11799381241676,9.42770727051294,10.2108987201689,17185,1,1,0,0
2006,Treated,5.07517381523383,9.41499403397655,10.2860251560006,17185,1,1,0,0
2007,Treated,5.01063529409626,9.40763263969996,10.3456702435795,17185,1,1,0,0
2001,Treated,5.69035945432406,9.82574220391128,10.0125213135603,17187,1,1,0,0
2002,Treated,5.57972982598622,9.81977980346264,10.0489722192781,17187,1,1,0,0
2003,Treated,5.56068163101553,9.81202994204729,10.088222860554,17187,1,1,0,0
2004,Treated,5.6937321388027,9.78211056636953,10.1309417994374,17187,1,1,0,0
2005,Treated,5.59098698051086,9.77161193122255,10.1578584162669,17187,1,1,0,0
2006,Treated,5.6021188208797,9.7788875843028,10.1833894376689,17187,1,1,0,0
2007,Treated,5.55682806169954,9.7751426865989,10.2302340759329,17187,1,1,0,0
2001,Treated,5.75257263882563,9.63141632759849,10.1751926704648,17189,1,1,0,0
2002,Treated,5.55295958492162,9.6260857894919,10.2345164294913,17189,1,1,0,0
2003,Treated,5.63835466933375,9.62674542012268,10.2716660758583,17189,1,1,0,0
2004,Treated,5.5683445037611,9.62390591611821,10.3193319423892,17189,1,1,0,0
2005,Treated,5.46383180502561,9.60501412900613,10.3210788404421,17189,1,1,0,0
2006,Treated,5.35185813347607,9.60447486374196,10.3609756887114,17189,1,1,0,0
2007,Treated,5.22035582507832,9.59730200851979,10.3940900606131,17189,1,1,0,0
2001,Treated,5.26785815906333,9.74507781578849,10.0002966084642,17191,1,1,0,0
2002,Treated,5.27299955856375,9.74326011321524,10.0268107685681,17191,1,1,0,0
2003,Treated,5.18178355029209,9.73831805455974,10.0564661171332,17191,1,1,0,0
2004,Treated,5.14166355650266,9.72996715169524,10.1064283965328,17191,1,1,0,0
2005,Treated,5.15905529921453,9.72106599074184,10.1273908151966,17191,1,1,0,0
2006,Treated,5.03043792139244,9.70947795594698,10.1528055448198,17191,1,1,0,0
2007,Treated,5.01063529409626,9.71679646322423,10.1993609840142,17191,1,1,0,0
2001,Treated,5.33271879326537,9.63926155612069,10.0386301464784,17193,1,1,0,0
2002,Treated,5.40717177146012,9.6310881036155,10.0463750400847,17193,1,1,0,0
2003,Treated,5.4510384535657,9.62383978511267,10.0986430673102,17193,1,1,0,0
2004,Treated,5.3890717298165,9.63043133227967,10.1634257996788,17193,1,1,0,0
2005,Treated,5.25227342804663,9.61560546008168,10.1897185727206,17193,1,1,0,0
2006,Treated,5.17614973257383,9.6029903830375,10.2441652196399,17193,1,1,0,0
2007,Treated,5.27299955856375,9.59383249927394,10.2894979728102,17193,1,1,0,0
2001,Treated,6.98564181763921,11.0126440550799,10.1730947542604,17195,1,1,0,0
2002,Treated,6.89365635460264,11.0078996563801,10.1622684814415,17195,1,1,0,0
2003,Treated,6.71780469502369,11.0016330656148,10.1651977569992,17195,1,1,0,0
2004,Treated,6.6682282484174,11.0013495598135,10.207325906556,17195,1,1,0,0
2005,Treated,6.76849321164863,10.9897235701362,10.2581154026072,17195,1,1,0,0
2006,Treated,6.68959926917897,10.9881868359842,10.2631879152765,17195,1,1,0,0
2007,Treated,6.73221070646721,10.9848180339697,10.3121807779957,17195,1,1,0,0
2001,Treated,9.01091334727929,13.1849587618741,10.4423173727117,17197,1,1,0,0
2002,Treated,8.923591197573,13.2312249571786,10.4617595808881,17197,1,1,0,0
2003,Treated,8.94441979130591,13.2801907185926,10.4821493791057,17197,1,1,0,0
2004,Treated,8.98481899587601,13.3334246308379,10.5114035887334,17197,1,1,0,0
2005,Treated,9.04911472347696,13.3575271949844,10.5367785659427,17197,1,1,0,0
2006,Treated,9.05532264970957,13.3942056601367,10.555057244929,17197,1,1,0,0
2007,Treated,9.14686794902061,13.415052394164,10.5708039730616,17197,1,1,0,0
2001,Treated,6.8330317327862,11.0316424620851,10.1340832673754,17199,1,1,0,0
2002,Treated,6.83947643822884,11.037322186914,10.1668897397139,17199,1,1,0,0
2003,Treated,6.81014245011514,11.0421695528307,10.1884409054167,17199,1,1,0,0
2004,Treated,6.8596149036542,11.052856324868,10.2220503686138,17199,1,1,0,0
2005,Treated,6.77764659363512,11.0583226323005,10.2583608745282,17199,1,1,0,0
2006,Treated,6.72982407048948,11.0589841434049,10.3024985442378,17199,1,1,0,0
2007,Treated,6.77878489768518,11.0705058738683,10.3560270680302,17199,1,1,0,0
2001,Treated,8.63994165667529,12.543844037883,10.3719587582204,17201,1,1,0,0
2002,Treated,8.50228257868048,12.5498148205655,10.3899487598495,17201,1,1,0,0
2003,Treated,8.4471998195957,12.5592228849899,10.4123211936213,17201,1,1,0,0
2004,Treated,8.39389497507174,12.5647361110487,10.4288667573096,17201,1,1,0,0
2005,Treated,8.35396813031327,12.5778672097611,10.4669246015733,17201,1,1,0,0
2006,Treated,8.37885024179449,12.5882793620611,10.5007568922027,17201,1,1,0,0
2007,Treated,8.45680604140114,12.6035156625354,10.5307085829799,17201,1,1,0,0
2001,Treated,5.41164605185504,9.47124202889299,10.0826792163212,17123,1,1,0,0
2002,Treated,5.35185813347607,9.47439551379681,10.1475311679581,17123,1,1,0,0
2003,Treated,5.34710753071747,9.47570014542347,10.170226847968,17123,1,1,0,0
2004,Treated,5.24174701505964,9.48721424571136,10.1903943245202,17123,1,1,0,0
2005,Treated,5.32300997913841,9.46861938005865,10.228357022355,17123,1,1,0,0
2006,Treated,5.12989871492307,9.45922963970881,10.2599724784226,17123,1,1,0,0
2007,Treated,5.06259503302697,9.46459491831544,10.2903133564254,17123,1,1,0,0
2001,Treated,6.59304453414244,10.4828499437895,10.0892614763803,17203,1,1,0,0
2002,Treated,6.63331843328038,10.4912186603394,10.1196870496159,17203,1,1,0,0
2003,Treated,6.5191472879404,10.5019118807812,10.1797926519646,17203,1,1,0,0
2004,Treated,6.44094654063292,10.517023182461,10.2258246427367,17203,1,1,0,0
2005,Treated,6.41673228251233,10.5199426557859,10.2576944533605,17203,1,1,0,0
2006,Treated,6.46925031679577,10.5284897163644,10.3045094709469,17203,1,1,0,0
2007,Treated,6.48616078894409,10.5446043250017,10.347050949243,17203,1,1,0,0
2001,Treated,6.71901315438526,10.5533618208626,10.5787253125525,17063,1,1,0,0
2002,Treated,6.63725803128446,10.5649892552605,10.6371286738126,17063,1,1,0,0
2003,Treated,6.58063913728495,10.5861550121407,10.6110552557573,17063,1,1,0,0
2004,Treated,6.47697236288968,10.6256594121367,10.6139588011043,17063,1,1,0,0
2005,Treated,6.49375383985169,10.6804472491813,10.6587171153926,17063,1,1,0,0
2006,Treated,6.4831073514572,10.7257313064305,10.6885984105114,17063,1,1,0,0
2007,Treated,6.5694814204143,10.7599008833549,10.723487624092,17063,1,1,0,0
2001,Never treated,8.92119055624937,12.7223603250732,10.3990980104956,18003,0,1,0,0
2002,Never treated,8.77043908654689,12.7295577982429,10.4152327533615,18003,0,1,0,0
2003,Never treated,8.75115798136203,12.737864924731,10.4345568827792,18003,0,1,0,0
2004,Never treated,8.69801362208393,12.7420278595686,10.4579184937828,18003,0,1,0,0
2005,Never treated,8.68372406230387,12.7458122034608,10.4707313162069,18003,0,1,0,0
2006,Never treated,8.66267785815822,12.7528318549916,10.4980015381877,18003,0,1,0,0
2007,Never treated,8.62443194208584,12.7637494119206,10.5247627208583,18003,0,1,0,0
2001,Never treated,7.43543801981455,11.1847824439244,10.4378734407111,18005,0,1,0,0
2002,Never treated,7.14991683613211,11.1823915614955,10.4612158459883,18005,0,1,0,0
2003,Never treated,7.15305163493748,11.189091033814,10.505505799685,18005,0,1,0,0
2004,Never treated,7.11720550316434,11.1961989912833,10.5473394413712,18005,0,1,0,0
2005,Never treated,7.16626597413364,11.2011009618836,10.5570099383128,18005,0,1,0,0
2006,Never treated,7.10002716662926,11.21031924606,10.5993061616512,18005,0,1,0,0
2007,Never treated,7.08170858610557,11.2209140343572,10.6232279773656,18005,0,1,0,0
2001,Never treated,5.18178355029209,9.53654579909871,10.1305035960642,18009,0,1,0,0
2002,Never treated,4.9416424226093,9.53748351330888,10.1620754647835,18009,0,1,0,0
2003,Never treated,4.92725368515721,9.53935630792094,10.186898014637,18009,0,1,0,0
2004,Never treated,4.89034912822175,9.53553496868773,10.2230679214871,18009,0,1,0,0
2005,Never treated,4.82028156560504,9.51192534959696,10.2248824088481,18009,0,1,0,0
2006,Never treated,4.86753445045558,9.49303502791692,10.2611969612316,18009,0,1,0,0
2007,Never treated,4.83628190695148,9.49137540170617,10.2827455684751,18009,0,1,0,0
2001,Never treated,6.60394382460047,10.7607711038303,10.2170931869662,18011,0,1,0,0
2002,Never treated,6.66440902035041,10.7886590653514,10.2460838558653,18011,0,1,0,0
2003,Never treated,6.59030104819669,10.8107375397581,10.2798327620704,18011,0,1,0,0
2004,Never treated,6.56103066589657,10.8360452568742,10.3289186732852,18011,0,1,0,0
2005,Never treated,6.52502965784346,10.8481519185981,10.3695772824607,18011,0,1,0,0
2006,Never treated,6.46769872610435,10.8761964243151,10.4601847999582,18011,0,1,0,0
2007,Never treated,6.56807791141198,10.8969059783257,10.4621314397576,18011,0,1,0,0
2001,Never treated,5.52545293913178,9.62535969288916,9.88557813199256,18013,0,1,0,0
2002,Never treated,5.27299955856375,9.63344891525694,9.90248705220255,18013,0,1,0,0
2003,Never treated,5.32787616878958,9.63593485137951,9.92534688688902,18013,0,1,0,0
2004,Never treated,5.11799381241676,9.62997133555725,9.94270826568941,18013,0,1,0,0
2005,Never treated,5.20948615284142,9.60951909544164,9.95479834677056,18013,0,1,0,0
2006,Never treated,5.22035582507832,9.60326045258205,9.98686316145718,18013,0,1,0,0
2007,Never treated,5.2257466737132,9.59669061622466,9.99997885272489,18013,0,1,0,0
2001,Never treated,4.97673374242057,9.14163317396639,10.0476744728486,18007,0,1,0,0
2002,Never treated,4.8283137373023,9.1345386585599,10.0764319475175,18007,0,1,0,0
2003,Never treated,4.83628190695148,9.13086417047439,10.0917497619922,18007,0,1,0,0
2004,Never treated,4.66343909411207,9.11701821474481,10.147178551738,18007,0,1,0,0
2005,Never treated,4.66343909411207,9.08862461329209,10.1512066364164,18007,0,1,0,0
2006,Never treated,4.69134788222914,9.0860235374688,10.1799064327092,18007,0,1,0,0
2007,Never treated,4.75359019110636,9.07073341758977,10.1985051540861,18007,0,1,0,0
2001,Never treated,6.5424719605068,10.6215468337923,10.1604139818179,18017,0,1,0,0
2002,Never treated,6.32256523992728,10.6094522368067,10.1853150201861,18017,0,1,0,0
2003,Never treated,6.29156913955832,10.6085633039613,10.2145320850248,18017,0,1,0,0
2004,Never treated,6.20455776256869,10.6047021041738,10.2383155810449,18017,0,1,0,0
2005,Never treated,6.10255859461357,10.5915216837093,10.245657810272,18017,0,1,0,0
2006,Never treated,6.0913098820777,10.5788780115068,10.2932635611797,18017,0,1,0,0
2007,Never treated,6.06145691892802,10.5742868694322,10.298834982456,18017,0,1,0,0
2001,Never treated,7.61233683716775,11.4847831590239,10.2216867057979,18019,0,1,0,0
2002,Never treated,7.454719949364,11.4926003011756,10.2535456533726,18019,0,1,0,0
2003,Never treated,7.40610338123702,11.5077923128585,10.2829508581053,18019,0,1,0,0
2004,Never treated,7.31388683163346,11.5175447794901,10.3107510425857,18019,0,1,0,0
2005,Never treated,7.27931883541462,11.5278830406032,10.3422584793508,18019,0,1,0,0
2006,Never treated,7.40974195408092,11.5485724924164,10.3848019729277,18019,0,1,0,0
2007,Never treated,7.36897040219479,11.5652237541813,10.429576102968,18019,0,1,0,0
2001,Never treated,5.77455154554441,10.1893805255034,10.0453776635357,18021,0,1,0,0
2002,Never treated,5.61677109766657,10.1871239522792,10.0603630879986,18021,0,1,0,0
2003,Never treated,5.47227067367148,10.1979466092669,10.1063875793733,18021,0,1,0,0
2004,Never treated,5.73657229747919,10.2061074973521,10.1183972989232,18021,0,1,0,0
2005,Never treated,5.75574221358691,10.198021099937,10.1324541171531,18021,0,1,0,0
2006,Never treated,5.60947179518496,10.1941775965022,10.159446732792,18021,0,1,0,0
2007,Never treated,5.56068163101553,10.1893053883782,10.1791856025852,18021,0,1,0,0
2001,Never treated,5.54907608489522,9.91921325299761,10.0774828755836,18015,0,1,0,0
2002,Never treated,5.46806014113513,9.92034466960255,10.0953880841104,18015,0,1,0,0
2003,Never treated,5.37063802812766,9.93134588066452,10.1300652005846,18015,0,1,0,0
2004,Never treated,5.28826703069454,9.91817910127912,10.1352736492317,18015,0,1,0,0
2005,Never treated,5.27811465923052,9.90737996725147,10.1603753098145,18015,0,1,0,0
2006,Never treated,5.4510384535657,9.90233689077873,10.1895307828194,18015,0,1,0,0
2007,Never treated,5.24702407216049,9.89419450562453,10.2058119017248,18015,0,1,0,0
2001,Never treated,4.68213122712422,9.30054663986233,9.96368855522688,18025,0,1,0,0
2002,Never treated,4.64439089914137,9.31253588429085,9.9572178749571,18025,0,1,0,0
2003,Never treated,4.57471097850338,9.31811796414961,10.0598073067911,18025,0,1,0,0
2004,Never treated,4.4188406077966,9.31668040774751,10.1198481515535,18025,0,1,0,0
2005,Never treated,4.02535169073515,9.30164253038297,10.1491359591904,18025,0,1,0,0
2006,Never treated,4.30406509320417,9.29642632088931,10.0773988419701,18025,0,1,0,0
2007,Never treated,4.35670882668959,9.29219681844602,10.1105017219205,18025,0,1,0,0
2001,Never treated,6.26530121273771,10.2991379872559,10.0161463706751,18027,0,1,0,0
2002,Never treated,6.20859002609663,10.3028339796361,10.052553900454,18027,0,1,0,0
2003,Never treated,6.20455776256869,10.3107843154733,10.0785327003593,18027,0,1,0,0
2004,Never treated,6.27287700654617,10.3184738565279,10.1056525854651,18027,0,1,0,0
2005,Never treated,6.26149168432104,10.310884127494,10.1512066364164,18027,0,1,0,0
2006,Never treated,6.08677472691231,10.3031022469661,10.2110090163142,18027,0,1,0,0
2007,Never treated,6.1779441140506,10.3129446819138,10.2481759439287,18027,0,1,0,0
2001,Never treated,6.90675477864855,10.755943515581,10.237062739616,18029,0,1,0,0
2002,Never treated,6.65286302935335,10.7644558312215,10.2702464817622,18029,0,1,0,0
2003,Never treated,6.80239476332431,10.7793728697752,10.3013236334798,18029,0,1,0,0
2004,Never treated,6.74405918631135,10.7915639779291,10.3019616134554,18029,0,1,0,0
2005,Never treated,6.75693238924755,10.7925715139721,10.3342304678286,18029,0,1,0,0
2006,Never treated,6.64898455002478,10.8015124756034,10.3552635635075,18029,0,1,0,0
2007,Never treated,6.81014245011514,10.8136394804509,10.3916994014305,18029,0,1,0,0
2001,Never treated,6.33327962813969,10.1067956760162,10.1714897401586,18031,0,1,0,0
2002,Never treated,6.20253551718792,10.1127755575599,10.1982817735937,18031,0,1,0,0
2003,Never treated,6.13988455222626,10.1171462646391,10.2608472619694,18031,0,1,0,0
2004,Never treated,6.0591231955818,10.1243885912976,10.2971162188683,18031,0,1,0,0
2005,Never treated,6.07993319509559,10.1290282284501,10.3246947675929,18031,0,1,0,0
2006,Never treated,6.00635315960173,10.1253102318829,10.3480772153283,18031,0,1,0,0
2007,Never treated,5.9427993751267,10.1281499498196,10.3997983439439,18031,0,1,0,0
2001,Never treated,6.54534966033442,10.6082421061378,10.3738348727134,18033,0,1,0,0
2002,Never treated,6.42324696353352,10.6149656897808,10.4084661155102,18033,0,1,0,0
2003,Never treated,6.50727771238501,10.6247361632069,10.43831286595,18033,0,1,0,0
2004,Never treated,6.42162226780652,10.6315191349496,10.4688581781539,18033,0,1,0,0
2005,Never treated,6.43615036836943,10.6315191349496,10.4892165463288,18033,0,1,0,0
2006,Never treated,6.51174532964473,10.632653209172,10.5219111869001,18033,0,1,0,0
2007,Never treated,6.37842618365159,10.6414646850139,10.5337481800409,18033,0,1,0,0
2001,Never treated,7.56060116276856,11.6919750078938,10.2532285118719,18035,0,1,0,0
2002,Never treated,7.38025578842646,11.6862399126042,10.275637144113,18035,0,1,0,0
2003,Never treated,7.34729970074316,11.6820857914864,10.3048442325997,18035,0,1,0,0
2004,Never treated,7.22766249872865,11.6742021231684,10.3333850767849,18035,0,1,0,0
2005,Never treated,7.1929342212158,11.667524615648,10.378851788024,18035,0,1,0,0
2006,Never treated,7.18992217074581,11.6570084927767,10.3317247309865,18035,0,1,0,0
2007,Never treated,7.17472430983638,11.6552319932259,10.3522037026386,18035,0,1,0,0
2001,Never treated,7.20042489294496,10.5951586442127,10.2287182679337,18037,0,1,0,0
2002,Never treated,7.12608727329912,10.5973844519866,10.2674707261894,18037,0,1,0,0
2003,Never treated,7.10332206252611,10.6053466736981,10.3064161129923,18037,0,1,0,0
2004,Never treated,7.08170858610557,10.6115233455898,10.3510857952446,18037,0,1,0,0
2005,Never treated,7.06219163228656,10.6155546179486,10.3647342011031,18037,0,1,0,0
2006,Never treated,7.05617528410041,10.6204733225759,10.3939676016367,18037,0,1,0,0
2007,Never treated,7.08086789669078,10.6273579057389,10.4281864952346,18037,0,1,0,0
2001,Never treated,8.25062008217469,12.130686164124,10.3351725616203,18039,0,1,0,0
2002,Never treated,8.12088602109284,12.1329641737095,10.3867466880843,18039,0,1,0,0
2003,Never treated,8.17075142375753,12.1494123429064,10.4073791916992,18039,0,1,0,0
2004,Never treated,8.14467918344776,12.1633164900593,10.452360123939,18039,0,1,0,0
2005,Never treated,8.22790983759748,12.1733118222867,10.4793422021226,18039,0,1,0,0
2006,Never treated,8.22309055116153,12.1876082224392,10.487879573259,18039,0,1,0,0
2007,Never treated,8.13064796816058,12.1980102314401,10.5068741258884,18039,0,1,0,0
2001,Never treated,5.96870755998537,10.1396657821208,10.4072281365789,18041,0,1,0,0
2002,Never treated,5.75257263882563,10.1321359244848,10.4411206242217,18041,0,1,0,0
2003,Never treated,5.65948221575962,10.127670563425,10.4578610522296,18041,0,1,0,0
2004,Never treated,5.55682806169954,10.1253102318829,10.4690854121491,18041,0,1,0,0
2005,Never treated,5.46806014113513,10.1106236657045,10.4273281133796,18041,0,1,0,0
2006,Never treated,5.48479693349065,10.1008208669505,10.4096121437435,18041,0,1,0,0
2007,Never treated,5.30330490805908,10.0972846790551,10.4223111074132,18041,0,1,0,0
2001,Never treated,7.10906213568717,11.1762352045836,10.2563251432436,18043,0,1,0,0
2002,Never treated,6.98100574072173,11.1768091649961,10.2717006749414,18043,0,1,0,0
2003,Never treated,6.97634807044775,11.1752965596656,10.2932974210337,18043,0,1,0,0
2004,Never treated,6.92362862813843,11.177634530337,10.3363408239632,18043,0,1,0,0
2005,Never treated,6.91174730025167,11.1820574950688,10.3663721515118,18043,0,1,0,0
2006,Never treated,6.93537044601511,11.1888006838019,10.4006806745708,18043,0,1,0,0
2007,Never treated,6.8001700683022,11.1957596541262,10.4101545411533,18043,0,1,0,0
2001,Never treated,5.63121178182137,9.78397176653456,10.1367794349022,18045,0,1,0,0
2002,Never treated,5.42934562895444,9.78818892817267,10.1344802187937,18045,0,1,0,0
2003,Never treated,5.49306144334055,9.78312619586494,10.1293075190537,18045,0,1,0,0
2004,Never treated,5.47646355193151,9.77440339912459,10.2001417547861,18045,0,1,0,0
2005,Never treated,5.48063892334199,9.75440732952197,10.2139824230531,18045,0,1,0,0
2006,Never treated,5.56452040732269,9.75382677798172,10.21771418021,18045,0,1,0,0
2007,Never treated,5.53338948872752,9.74630728814851,10.2592370683984,18045,0,1,0,0
2001,Never treated,5.75574221358691,10.0136863448342,9.9777133748881,18047,0,1,0,0
2002,Never treated,5.79301360838414,10.0233572983865,10.0134624057447,18047,0,1,0,0
2003,Never treated,5.81413053182507,10.0344719543315,10.0185557953638,18047,0,1,0,0
2004,Never treated,5.65599181081985,10.0378436050352,10.0450305166457,18047,0,1,0,0
2005,Never treated,5.70711026474888,10.0411603576612,10.0820938830826,18047,0,1,0,0
2006,Never treated,5.39816270151775,10.0440317975284,10.10671407001,18047,0,1,0,0
2007,Never treated,5.50533153593236,10.048583072154,10.1865213384234,18047,0,1,0,0
2001,Never treated,5.82008293035236,9.93474394218668,10.1711072139509,18049,0,1,0,0
2002,Never treated,5.6937321388027,9.93522843832019,10.2077685966433,18049,0,1,0,0
2003,Never treated,5.6970934865054,9.92959379962061,10.2287182679337,18049,0,1,0,0
2004,Never treated,5.51342874616498,9.93479240236454,10.2675402140637,18049,0,1,0,0
2005,Never treated,5.51745289646471,9.91739045770512,10.2967113742219,18049,0,1,0,0
2006,Never treated,5.50938833662798,9.91561373233397,10.3107843154733,18049,0,1,0,0
2007,Never treated,5.51745289646471,9.91427911361433,10.3459272634357,18049,0,1,0,0
2001,Never treated,6.37331978957701,10.3945797466117,10.4086471546755,18051,0,1,0,0
2002,Never treated,6.21860011969173,10.3943043277438,10.4944912594274,18051,0,1,0,0
2003,Never treated,6.27664348934164,10.4047778593188,10.5501456693631,18051,0,1,0,0
2004,Never treated,6.29894924685594,10.4115393327527,10.6475892200949,18051,0,1,0,0
2005,Never treated,6.22257626807137,10.4025340742658,10.6741511755239,18051,0,1,0,0
2006,Never treated,6.04500531403601,10.4025340742658,10.6790899130323,18051,0,1,0,0
2007,Never treated,6.10479323241498,10.3976653673292,10.6941923854409,18051,0,1,0,0
2001,Never treated,6.98100574072173,11.1973650441896,10.2938051813141,18053,0,1,0,0
2002,Never treated,6.82979373751242,11.1898234472872,10.3324412967132,18053,0,1,0,0
2003,Never treated,6.87109129461055,11.1859618775168,10.3648918129684,18053,0,1,0,0
2004,Never treated,6.78105762593618,11.1740343051117,10.3736474195761,18053,0,1,0,0
2005,Never treated,6.75809450442773,11.1571215701295,10.3668441390601,18053,0,1,0,0
2006,Never treated,6.67076632084587,11.1482327501522,10.4076812335041,18053,0,1,0,0
2007,Never treated,6.66568371778241,11.1398888240814,10.411810046084,18053,0,1,0,0
2001,Never treated,5.99146454710798,10.4108170720454,10.0245540805156,18055,0,1,0,0
2002,Never treated,5.93753620508243,10.4087074937813,10.0647982524184,18055,0,1,0,0
2003,Never treated,5.81413053182507,10.4147830658867,10.1159745236618,18055,0,1,0,0
2004,Never treated,5.72358510195238,10.4182553955347,10.1678114341607,18055,0,1,0,0
2005,Never treated,5.65599181081985,10.4061096189514,10.2272725019682,18055,0,1,0,0
2006,Never treated,5.59471137960184,10.4010759495201,10.2796268312625,18055,0,1,0,0
2007,Never treated,5.63478960316925,10.3936307621069,10.3443519789962,18055,0,1,0,0
2001,Never treated,8.25556865328375,12.1899483448882,10.56710293049,18057,0,1,0,0
2002,Never treated,8.23509549725836,12.2483080407289,10.5665105210405,18057,0,1,0,0
2003,Never treated,8.22416351263786,12.3053024064577,10.5707270075549,18057,0,1,0,0
2004,Never treated,8.21527695893663,12.3451386936532,10.6120158351344,18057,0,1,0,0
2005,Never treated,8.24879073369641,12.396606224514,10.6163883395829,18057,0,1,0,0
2006,Never treated,8.28248300373056,12.4356395230435,10.6350859194703,18057,0,1,0,0
2007,Never treated,8.33014046024638,12.4757562122793,10.6749143489748,18057,0,1,0,0
2001,Never treated,6.71538338633468,10.9457234744269,10.3787274485771,18059,0,1,0,0
2002,Never treated,6.67456139181443,10.9728941432807,10.3839364396434,18059,0,1,0,0
2003,Never treated,6.5510803350434,10.995696047281,10.3738973492847,18059,0,1,0,0
2004,Never treated,6.62273632394984,11.0180552079944,10.4310817938774,18059,0,1,0,0
2005,Never treated,6.72623340235875,11.0421375282358,10.4397177305238,18059,0,1,0,0
2006,Never treated,6.66695679242921,11.0741879175985,10.4536011948826,18059,0,1,0,0
2007,Never treated,6.6631326959908,11.1008435137598,10.4974771615629,18059,0,1,0,0
2001,Never treated,6.26149168432104,10.45823436336,10.1301050626618,18061,0,1,0,0
2002,Never treated,6.06610809010375,10.4707313162069,10.1611871079919,18061,0,1,0,0
2003,Never treated,5.97635090929793,10.483829910549,10.183880624651,18061,0,1,0,0
2004,Never treated,5.97888576490112,10.5007568922027,10.2094269412587,18061,0,1,0,0
2005,Never treated,6.02586597382531,10.5039984751741,10.1910696199876,18061,0,1,0,0
2006,Never treated,6.00141487796115,10.508185959911,10.2145320850248,18061,0,1,0,0
2007,Never treated,5.90263333340137,10.516237796024,10.2579049501336,18061,0,1,0,0
2001,Never treated,7.62851762657506,11.6071896433603,10.232863239537,18063,0,1,0,0
2002,Never treated,7.64969262371151,11.6523308220373,10.238387124597,18063,0,1,0,0
2003,Never treated,7.56060116276856,11.6858698599516,10.2731873041975,18063,0,1,0,0
2004,Never treated,7.59789795052178,11.7237291928664,10.3069506579736,18063,0,1,0,0
2005,Never treated,7.64444076155657,11.7478552845351,10.3133761957041,18063,0,1,0,0
2006,Never treated,7.70616297019958,11.7737963071453,10.3474679968726,18063,0,1,0,0
2007,Never treated,7.74066440191724,11.8114658717568,10.3510218770599,18063,0,1,0,0
2001,Never treated,6.35088571671474,10.7864903375441,10.3224610106691,18065,0,1,0,0
2002,Never treated,6.23832462503951,10.7805383710727,10.3826986625328,18065,0,1,0,0
2003,Never treated,6.12029741895095,10.7744461344121,10.3969330124706,18065,0,1,0,0
2004,Never treated,5.91889385427315,10.7718897136833,10.3303226863805,18065,0,1,0,0
2005,Never treated,5.82304589548302,10.7646671851556,10.3051788822247,18065,0,1,0,0
2006,Never treated,5.8406416573734,10.7670102188716,10.3271526972882,18065,0,1,0,0
2007,Never treated,5.78074351579233,10.7554317448431,10.3707687292688,18065,0,1,0,0
2001,Never treated,7.43366654016617,11.3505241756114,10.6183473000017,18067,0,1,0,0
2002,Never treated,7.21229446850034,11.3471659964753,10.6457581750556,18067,0,1,0,0
2003,Never treated,7.22475340576797,11.3481687393557,10.679895334714,18067,0,1,0,0
2004,Never treated,7.15773548424991,11.3455240472667,10.7341986093189,18067,0,1,0,0
2005,Never treated,7.1608459066643,11.3432515880096,10.7339371315322,18067,0,1,0,0
2006,Never treated,7.07072410726028,11.336128618819,10.7633560700972,18067,0,1,0,0
2007,Never treated,7.04838640872188,11.3356511493978,10.7963868249529,18067,0,1,0,0
2001,Never treated,6.53233429222235,10.5458413137502,10.1435275515101,18069,0,1,0,0
2002,Never treated,6.49828214947643,10.5524477082064,10.1813844055031,18069,0,1,0,0
2003,Never treated,6.4831073514572,10.5524999657315,10.2229952734667,18069,0,1,0,0
2004,Never treated,6.44730586254121,10.5482319938679,10.26336237141,18069,0,1,0,0
2005,Never treated,6.3750248198281,10.5454993209813,10.2828140030346,18069,0,1,0,0
2006,Never treated,6.3578422665081,10.5416240113136,10.3063158539898,18069,0,1,0,0
2007,Never treated,6.33327962813969,10.5431548393152,10.3212434847285,18069,0,1,0,0
2001,Never treated,6.77878489768518,10.6330389837398,10.2637460678062,18071,0,1,0,0
2002,Never treated,6.62273632394984,10.6345805955108,10.2830876944492,18071,0,1,0,0
2003,Never treated,6.5694814204143,10.6383523264479,10.3031022469661,18071,0,1,0,0
2004,Never treated,6.4393503711001,10.6417992850504,10.3492625240478,18071,0,1,0,0
2005,Never treated,6.42971947803914,10.6438522327052,10.3682587665417,18071,0,1,0,0
2006,Never treated,6.39024066706535,10.643399037072,10.3827915489792,18071,0,1,0,0
2007,Never treated,6.42162226780652,10.6482779662479,10.3985495811226,18071,0,1,0,0
2001,Never treated,6.35088571671474,10.3229541802801,10.2218685537372,18073,0,1,0,0
2002,Never treated,6.23441072571837,10.3326691872616,10.2227046285964,18073,0,1,0,0
2003,Never treated,6.20859002609663,10.3474679968726,10.2586763927696,18073,0,1,0,0
2004,Never treated,6.24610676548156,10.3610706149064,10.2754992843851,18073,0,1,0,0
2005,Never treated,6.2363695902037,10.3515331081794,10.288307678667,18073,0,1,0,0
2006,Never treated,6.26720054854136,10.3675674209042,10.3211117714681,18073,0,1,0,0
2007,Never treated,6.33150184989369,10.3846783711724,10.3606908560487,18073,0,1,0,0
2001,Never treated,6.19644412779452,9.98773678498103,10.1286690258759,18075,0,1,0,0
2002,Never treated,6.09356977004514,9.9849753693824,10.189493220607,18075,0,1,0,0
2003,Never treated,6.0591231955818,9.9849753693824,10.2151912808298,18075,0,1,0,0
2004,Never treated,5.98645200528444,9.98363794671896,10.2107884118571,18075,0,1,0,0
2005,Never treated,5.96357934361845,9.97161338158373,10.2074365974518,18075,0,1,0,0
2006,Never treated,6.00141487796115,9.97203365757114,10.2401026360971,18075,0,1,0,0
2007,Never treated,5.91620206260743,9.96763537235988,10.2774963926861,18075,0,1,0,0
2001,Never treated,6.21460809842219,10.3743657991925,10.2049615772563,18077,0,1,0,0
2002,Never treated,6.12686918411419,10.3760815738176,10.2247373709567,18077,0,1,0,0
2003,Never treated,6.11589212548303,10.3746467638397,10.2601124952248,18077,0,1,0,0
2004,Never treated,6.09582456243222,10.3798459474199,10.2946170618769,18077,0,1,0,0
2005,Never treated,6.14846829591765,10.38671584911,10.3285265036014,18077,0,1,0,0
2006,Never treated,6.03068526026126,10.3905940896815,10.3626513929782,18077,0,1,0,0
2007,Never treated,5.93224518744801,10.3868391993014,10.3764555337459,18077,0,1,0,0
2001,Never treated,5.7037824746562,10.240352569152,10.1532730347968,18079,0,1,0,0
2002,Never treated,5.53338948872752,10.2477153511731,10.2025174936815,18079,0,1,0,0
2003,Never treated,5.48893772615669,10.2458353513288,10.2173854671188,18079,0,1,0,0
2004,Never treated,5.46806014113513,10.2509703781059,10.2546724537312,18079,0,1,0,0
2005,Never treated,5.4971682252932,10.2426703978503,10.2969475535169,18079,0,1,0,0
2006,Never treated,5.41610040220442,10.2374924620935,10.3422907202548,18079,0,1,0,0
2007,Never treated,5.37063802812766,10.2446274500877,10.3560588680716,18079,0,1,0,0
2001,Never treated,6.56103066589657,10.4208219482149,10.1563840619997,18001,0,1,0,0
2002,Never treated,6.43454651878745,10.4204940353772,10.1889296180446,18001,0,1,0,0
2003,Never treated,6.41345895716736,10.4265282673814,10.2304864873649,18001,0,1,0,0
2004,Never treated,6.39359075395063,10.4275649819779,10.2641993374571,18001,0,1,0,0
2005,Never treated,6.35437004079735,10.4255498082281,10.2588866829708,18001,0,1,0,0
2006,Never treated,6.33150184989369,10.4262022206945,10.2933989937175,18001,0,1,0,0
2007,Never treated,6.2803958389602,10.4296056481204,10.3136084721805,18001,0,1,0,0
2001,Never treated,6.74523634948436,10.5719833696549,10.0879318547111,18083,0,1,0,0
2002,Never treated,6.49072353450251,10.571111775865,10.1207739843659,18083,0,1,0,0
2003,Never treated,6.33150184989369,10.5575300132153,10.1365418299589,18083,0,1,0,0
2004,Never treated,6.24997524225948,10.5587511256184,10.1850509439797,18083,0,1,0,0
2005,Never treated,6.24804287450843,10.5490975336384,10.19895176543,18083,0,1,0,0
2006,Never treated,6.29341927884648,10.5463409390416,10.2333666736877,18083,0,1,0,0
2007,Never treated,6.18208490671663,10.5414919335989,10.2501222615804,18083,0,1,0,0
2001,Never treated,7.29505641646263,11.2231745873493,10.3799701478796,18085,0,1,0,0
2002,Never treated,7.14440718032114,11.2246298710193,10.4123211936213,18085,0,1,0,0
2003,Never treated,7.09423484592476,11.2297133871899,10.4718648461401,18085,0,1,0,0
2004,Never treated,7.11963563801764,11.2322984469921,10.5462357755122,18085,0,1,0,0
2005,Never treated,7.17165682276851,11.2313844972752,10.548730426439,18085,0,1,0,0
2006,Never treated,7.12367278520461,11.2349296621079,10.5216417540546,18085,0,1,0,0
2007,Never treated,7.07665381544395,11.2419038334116,10.6151129543418,18085,0,1,0,0
2001,Never treated,6.62804137617953,10.4751730645589,10.2383155810449,18087,0,1,0,0
2002,Never treated,6.53524127101366,10.4826538351446,10.2864002561738,18087,0,1,0,0
2003,Never treated,6.53233429222235,10.493189049643,10.3078186846031,18087,0,1,0,0
2004,Never treated,6.58202513889283,10.5044372039645,10.3469867726289,18087,0,1,0,0
2005,Never treated,6.54965074223381,10.5008669486067,10.4003460890735,18087,0,1,0,0
2006,Never treated,6.5875500148248,10.5094687987085,10.3995548053266,18087,0,1,0,0
2007,Never treated,6.56667242980324,10.5168065857362,10.3986410069078,18087,0,1,0,0
2001,Never treated,9.03169206054852,13.0927120908862,10.3740222907185,18089,0,1,0,0
2002,Never treated,8.88253050843362,13.09417992893,10.3874249050164,18089,0,1,0,0
2003,Never treated,8.81581520390635,13.0982858256253,10.4288076224526,18089,0,1,0,0
2004,Never treated,8.72469504674049,13.1023422862467,10.4738454370035,18089,0,1,0,0
2005,Never treated,8.75384509275524,13.0985848968679,10.4933276632301,18089,0,1,0,0
2006,Never treated,8.78247626892454,13.1006677194557,10.5198886688508,18089,0,1,0,0
2007,Never treated,8.82246957226897,13.1048753493554,10.5521863796103,18089,0,1,0,0
2001,Never treated,7.66809370908241,11.6111314478866,10.2384586630311,18091,0,1,0,0
2002,Never treated,7.49720722320332,11.6103515864085,10.2530522786797,18091,0,1,0,0
2003,Never treated,7.43543801981455,11.606014999147,10.2682001081573,18091,0,1,0,0
2004,Never treated,7.37337430991005,11.6058783230191,10.3111169834737,18091,0,1,0,0
2005,Never treated,7.39510754656249,11.601439878501,10.3327993871186,18091,0,1,0,0
2006,Never treated,7.3790081276283,11.6006340988198,10.3540216240119,18091,0,1,0,0
2007,Never treated,7.37148929521428,11.6115664550982,10.3911468982703,18091,0,1,0,0
2001,Never treated,6.4281052726846,10.7381559965232,10.2588165911505,18093,0,1,0,0
2002,Never treated,6.2803958389602,10.7390236567151,10.3135421129781,18093,0,1,0,0
2003,Never treated,6.21060007702465,10.7443648451204,10.3265960958169,18093,0,1,0,0
2004,Never treated,6.15485809401642,10.7414491078035,10.3373457351455,18093,0,1,0,0
2005,Never treated,6.15697898558556,10.7360052945439,10.3442232747262,18093,0,1,0,0
2006,Never treated,6.15909538849193,10.7334793808239,10.3734599312936,18093,0,1,0,0
2007,Never treated,6.20253551718792,10.7353744140096,10.3920675673548,18093,0,1,0,0
2001,Never treated,7.60339933974067,11.7938321361417,10.3192329700518,18095,0,1,0,0
2002,Never treated,7.4593388952203,11.7903753668558,10.3513733765282,18095,0,1,0,0
2003,Never treated,7.39878627541995,11.7840054828244,10.3544039235482,18095,0,1,0,0
2004,Never treated,7.34083555412327,11.778990565197,10.3646711494006,18095,0,1,0,0
2005,Never treated,7.25205395185281,11.7810270854431,10.3551362560599,18095,0,1,0,0
2006,Never treated,7.28892769452126,11.7830442010414,10.3792247136296,18095,0,1,0,0
2007,Never treated,7.20934025660291,11.782303536624,10.3997070239128,18095,0,1,0,0
2001,Never treated,10.0187785968709,13.6685094257696,10.5423105343655,18097,0,1,0,0
2002,Never treated,9.81803859070365,13.6675336146796,10.5615514489668,18097,0,1,0,0
2003,Never treated,9.75857738074032,13.669167155214,10.5820285807067,18097,0,1,0,0
2004,Never treated,9.68196768233802,13.6668330396923,10.6284724899448,18097,0,1,0,0
2005,Never treated,9.66230731373577,13.674793409525,10.6540778286326,18097,0,1,0,0
2006,Never treated,9.65669147255669,13.678623828201,10.6966836672476,18097,0,1,0,0
2007,Never treated,9.60797490096916,13.6856182501171,10.717612659649,18097,0,1,0,0
2001,Never treated,6.7719355558396,10.7284740700014,10.1815358690196,18099,0,1,0,0
2002,Never treated,6.59304453414244,10.7321267025332,10.2126987022877,18099,0,1,0,0
2003,Never treated,6.57368016696065,10.7430700113256,10.2328272702548,18099,0,1,0,0
2004,Never treated,6.51471269087253,10.7485829893681,10.268095943299,18099,0,1,0,0
2005,Never treated,6.48004456192665,10.7447098511614,10.2813758928741,18099,0,1,0,0
2006,Never treated,6.52356230614951,10.7487762530556,10.312280450737,18099,0,1,0,0
2007,Never treated,6.45833828334479,10.7480674368563,10.3334501322447,18099,0,1,0,0
2001,Never treated,5.04342511691925,9.24358170575598,10.595358919592,18101,0,1,0,0
2002,Never treated,4.98360662170834,9.24782881638717,10.663592201221,18101,0,1,0,0
2003,Never treated,5.04342511691925,9.24850283307053,10.7123266950921,18101,0,1,0,0
2004,Never treated,4.9416424226093,9.24927258197797,10.7743833499199,18101,0,1,0,0
2005,Never treated,5.15905529921453,9.22650895313777,10.8277662951325,18101,0,1,0,0
2006,Never treated,5.12989871492307,9.2237500588861,10.8501522882653,18101,0,1,0,0
2007,Never treated,5.08140436498446,9.219894584781,10.9198045984774,18101,0,1,0,0
2001,Never treated,6.28599809450886,10.4371113125781,10.2197570818398,18023,0,1,0,0
2002,Never treated,6.24222326545517,10.4364659809433,10.2374566589392,18023,0,1,0,0
2003,Never treated,6.12029741895095,10.4353797104138,10.2506524186961,18023,0,1,0,0
2004,Never treated,6.07073772800249,10.4352328265546,10.3195628397563,18023,0,1,0,0
2005,Never treated,6.04263283368238,10.4246594683563,10.3310728617284,18023,0,1,0,0
2006,Never treated,6.00141487796115,10.4288076224526,10.3530333398795,18023,0,1,0,0
2007,Never treated,6.02344759296103,10.4337628001234,10.3844311218202,18023,0,1,0,0
2001,Never treated,7.66949525100769,11.6963880372251,10.2404239671244,18105,0,1,0,0
2002,Never treated,7.53689712956617,11.6947218839034,10.2700385671451,18105,0,1,0,0
2003,Never treated,7.44249272279444,11.7000521254072,10.2826429078539,18105,0,1,0,0
2004,Never treated,7.43425738213314,11.7028017461683,10.3014915624127,18105,0,1,0,0
2005,Never treated,7.434847875212,11.7394871677429,10.3269235459655,18105,0,1,0,0
2006,Never treated,7.42595365707754,11.7467952836448,10.3522994651477,18105,0,1,0,0
2007,Never treated,7.38025578842646,11.7590274431167,10.3839982882998,18105,0,1,0,0
2001,Never treated,6.49072353450251,10.5401966479924,10.3213422582902,18107,0,1,0,0
2002,Never treated,6.40357419793482,10.5430493401723,10.3536391782667,18107,0,1,0,0
2003,Never treated,6.32256523992728,10.5404611282901,10.3588850293925,18107,0,1,0,0
2004,Never treated,6.22653666928747,10.5427063910705,10.4132225818201,18107,0,1,0,0
2005,Never treated,6.2363695902037,10.5414390976281,10.416071629317,18107,0,1,0,0
2006,Never treated,6.3297209055227,10.5354240020512,10.4651013431342,18107,0,1,0,0
2007,Never treated,6.19440539110467,10.5411220231658,10.4768935314835,18107,0,1,0,0
2001,Never treated,6.93731408122368,11.1158897296645,10.1385201482428,18109,0,1,0,0
2002,Never treated,6.7719355558396,11.1269835333508,10.1721396990811,18109,0,1,0,0
2003,Never treated,6.68085467879022,11.1393368595093,10.2053683443877,18109,0,1,0,0
2004,Never treated,6.63068338564237,11.1445827161638,10.2509703781059,18109,0,1,0,0
2005,Never treated,6.65929391968364,11.1448139434034,10.2732909400902,18109,0,1,0,0
2006,Never treated,6.61606518513282,11.1494560623141,10.3059147174308,18109,0,1,0,0
2007,Never treated,6.59714570188665,11.1570502012021,10.3207494705238,18109,0,1,0,0
2001,Never treated,5.42934562895444,9.57421930476342,10.1112331616702,18111,0,1,0,0
2002,Never treated,5.36129216570943,9.57254997141339,10.1480794350562,18111,0,1,0,0
2003,Never treated,5.24174701505964,9.57831127565677,10.1754974555936,18111,0,1,0,0
2004,Never treated,5.25227342804663,9.57296756607425,10.2141290291228,18111,0,1,0,0
2005,Never treated,5.34233425196481,9.56134929428829,10.202332092194,18111,0,1,0,0
2006,Never treated,5.31320597904179,9.54595509818327,10.234480519625,18111,0,1,0,0
2007,Never treated,5.28826703069454,9.54745525919611,10.2651749132984,18111,0,1,0,0
2001,Never treated,6.63331843328038,10.7600282800045,10.2445919014839,18113,0,1,0,0
2002,Never treated,6.5366915975913,10.7567532839888,10.2728417736319,18113,0,1,0,0
2003,Never treated,6.49072353450251,10.7580730789736,10.295968733086,18113,0,1,0,0
2004,Never treated,6.45676965557216,10.7611741200942,10.3136416501304,18113,0,1,0,0
2005,Never treated,6.3919171133926,10.7643501375007,10.3214081019116,18113,0,1,0,0
2006,Never treated,6.41999492814714,10.7665462698133,10.3321807867635,18113,0,1,0,0
2007,Never treated,6.39692965521615,10.7725818495793,10.3430319742972,18113,0,1,0,0
2001,Never treated,4.0943445622221,8.64488255255713,10.0748324186165,18115,0,1,0,0
2002,Never treated,4.52178857704904,8.65938695711941,10.1800202005092,18115,0,1,0,0
2003,Never treated,4.29045944114839,8.65556286068101,10.2359876248335,18115,0,1,0,0
2004,Never treated,4.26267987704132,8.66509582133973,10.2260057398234,18115,0,1,0,0
2005,Never treated,4.17438726989564,8.67453876214002,10.2005504867937,18115,0,1,0,0
2006,Never treated,4.04305126783455,8.66957087183712,10.245799845639,18115,0,1,0,0
2007,Never treated,4.07753744390572,8.67128672675364,10.2381724785832,18115,0,1,0,0
2001,Never treated,6.01859321449623,9.87220326249636,10.0353926234161,18117,0,1,0,0
2002,Never treated,5.30826769740121,9.87627050624257,10.0739052048273,18117,0,1,0,0
2003,Never treated,5.68017260901707,9.88730735630709,10.1192841811873,18117,0,1,0,0
2004,Never treated,5.26785815906333,9.88547631973428,10.1587884686494,18117,0,1,0,0
2005,Never treated,5.68697535633982,9.88231498730333,10.1688089787492,18117,0,1,0,0
2006,Never treated,5.59842195899838,9.87663009836625,10.222195796718,18117,0,1,0,0
2007,Never treated,5.76519110278484,9.88374392349952,10.2061074973521,18117,0,1,0,0
2001,Never treated,5.48893772615669,10.0042374556363,10.0623698775963,18119,0,1,0,0
2002,Never treated,5.36129216570943,10.0207371125864,10.1010260751349,18119,0,1,0,0
2003,Never treated,5.28320372873799,10.0400705343227,10.1648128158904,18119,0,1,0,0
2004,Never treated,5.30330490805908,10.0398524270566,10.2310992214394,18119,0,1,0,0
2005,Never treated,5.35185813347607,10.0160570211396,10.2305946441924,18119,0,1,0,0
2006,Never treated,5.30826769740121,10.0123419574482,10.2504050470189,18119,0,1,0,0
2007,Never treated,5.27299955856375,10.0162803800113,10.2945156128465,18119,0,1,0,0
2001,Never treated,5.15905529921453,9.7540590390442,9.93260936610815,18121,0,1,0,0
2002,Never treated,4.69134788222914,9.75579927963652,9.9803559967927,18121,0,1,0,0
2003,Never treated,4.71849887129509,9.76226955062059,9.98585064296125,18121,0,1,0,0
2004,Never treated,4.55387689160054,9.75823053987899,10.0448568979987,18121,0,1,0,0
2005,Never treated,4.75359019110636,9.75423319944637,10.0464183817252,18121,0,1,0,0
2006,Never treated,4.82028156560504,9.74899514766085,10.083305979112,18121,0,1,0,0
2007,Never treated,4.77912349311153,9.74835305558614,10.1308223084688,18121,0,1,0,0
2001,Never treated,5.7037824746562,9.84808054526439,10.2082110908428,18123,0,1,0,0
2002,Never treated,5.50938833662798,9.84522264440415,10.2351625866735,18123,0,1,0,0
2003,Never treated,5.45958551414416,9.84469250602562,10.2855816743211,18123,0,1,0,0
2004,Never treated,5.3890717298165,9.85440234484564,10.3340679481227,18123,0,1,0,0
2005,Never treated,5.4553211153577,9.84903136674007,10.3664665668449,18123,0,1,0,0
2006,Never treated,5.37527840768417,9.84182489214402,10.364324293957,18123,0,1,0,0
2007,Never treated,5.4510384535657,9.84903136674007,10.3684158239151,18123,0,1,0,0
2001,Never treated,4.51085950651685,9.46343099965834,10.431376761728,18125,0,1,0,0
2002,Never treated,4.4188406077966,9.46923709299621,10.4265875371775,18125,0,1,0,0
2003,Never treated,4.12713438504509,9.46877384406884,10.4729405107497,18125,0,1,0,0
2004,Never treated,4.27666611901606,9.46707342628395,10.5037241719027,18125,0,1,0,0
2005,Never treated,4.39444915467244,9.43715716865669,10.5126279287631,18125,0,1,0,0
2006,Never treated,4.39444915467244,9.44295889365291,10.5880984020738,18125,0,1,0,0
2007,Never treated,4.44265125649032,9.43914785291483,10.5901638419658,18125,0,1,0,0
2001,Never treated,7.90507284949867,11.9104592027521,10.3640404136265,18127,0,1,0,0
2002,Never treated,7.77064523412918,11.9229999336353,10.3849564536411,18127,0,1,0,0
2003,Never treated,7.66152708135852,11.9370291244082,10.4069561798485,18127,0,1,0,0
2004,Never treated,7.60787807327851,11.9500571846906,10.4597548834987,18127,0,1,0,0
2005,Never treated,7.65539064482615,11.955943229131,10.4774569752667,18127,0,1,0,0
2006,Never treated,7.69120009752286,11.9707236600276,10.5115124796792,18127,0,1,0,0
2007,Never treated,7.69666708152646,11.9861052947464,10.5382108129584,18127,0,1,0,0
2001,Never treated,5.59471137960184,10.2018869883291,10.6150393247722,18129,0,1,0,0
2002,Never treated,5.62762111369064,10.2051095117216,10.6293197117134,18129,0,1,0,0
2003,Never treated,5.48063892334199,10.2010333184248,10.6233010064921,18129,0,1,0,0
2004,Never treated,5.50533153593236,10.1995469371174,10.6812745501592,18129,0,1,0,0
2005,Never treated,5.42934562895444,10.1856544442998,10.6991461940492,18129,0,1,0,0
2006,Never treated,5.34710753071747,10.1788439752973,10.7258191914769,18129,0,1,0,0
2007,Never treated,5.41610040220442,10.1753450746409,10.7542579481166,18129,0,1,0,0
2001,Never treated,5.49306144334055,9.53235140475156,10.2181157939725,18131,0,1,0,0
2002,Never treated,5.28826703069454,9.52835764422404,10.2514294744006,18131,0,1,0,0
2003,Never treated,5.26785815906333,9.53495689222103,10.2755682166247,18131,0,1,0,0
2004,Never treated,5.06259503302697,9.5302475917227,10.3178463278144,18131,0,1,0,0
2005,Never treated,4.9416424226093,9.53177148447434,10.357361799852,18131,0,1,0,0
2006,Never treated,5.08759633523238,9.52995706295831,10.3801874615727,18131,0,1,0,0
2007,Never treated,4.9416424226093,9.53206148665139,10.375395617193,18131,0,1,0,0
2001,Never treated,6.55961523749324,10.4999035441363,10.1558403304343,18133,0,1,0,0
2002,Never treated,6.45990445437753,10.5025163428284,10.1877262032101,18133,0,1,0,0
2003,Never treated,6.4425401664682,10.5099869263704,10.1915570499292,18133,0,1,0,0
2004,Never treated,6.47697236288968,10.5099869263704,10.2191373563219,18133,0,1,0,0
2005,Never treated,6.43294009273918,10.5164003403855,10.24277724497,18133,0,1,0,0
2006,Never treated,6.28785856016178,10.5146651702288,10.2601474963624,18133,0,1,0,0
2007,Never treated,6.24610676548156,10.5226113727473,10.2873884827285,18133,0,1,0,0
2001,Never treated,5.62040086571715,10.213322429629,10.1931676276506,18135,0,1,0,0
2002,Never treated,5.50533153593236,10.2076210550547,10.2090586578236,18135,0,1,0,0
2003,Never treated,5.52942908751142,10.19898897404,10.2332947700386,18135,0,1,0,0
2004,Never treated,5.29831736654804,10.1917444597388,10.2606373836981,18135,0,1,0,0
2005,Never treated,5.17614973257383,10.1752688754562,10.2592721001897,18135,0,1,0,0
2006,Never treated,5.27299955856375,10.1685788644581,10.2797641231796,18135,0,1,0,0
2007,Never treated,5.17048399503815,10.1586722593951,10.2906189539558,18135,0,1,0,0
2001,Never treated,6.49978704065585,10.2041845620654,10.3795664399723,18137,0,1,0,0
2002,Never treated,6.27287700654617,10.213872454394,10.5172397322818,18137,0,1,0,0
2003,Never treated,6.35957386867238,10.2171297266574,10.4148730195606,18137,0,1,0,0
2004,Never treated,6.3491389913798,10.2233584608028,10.4033836662094,18137,0,1,0,0
2005,Never treated,6.35088571671474,10.2149349785382,10.4148430359017,18137,0,1,0,0
2006,Never treated,6.09807428216624,10.2178237272332,10.4836339940088,18137,0,1,0,0
2007,Never treated,6.18001665365257,10.2153011045628,10.4990770295013,18137,0,1,0,0
2001,Never treated,5.52942908751142,9.80438519149292,10.1683870620907,18139,0,1,0,0
2002,Never treated,5.33271879326537,9.79695968912629,10.1952238953159,18139,0,1,0,0
2003,Never treated,5.2257466737132,9.80156556281074,10.2239755767131,18139,0,1,0,0
2004,Never treated,5.18178355029209,9.79160581988804,10.2706968151898,18139,0,1,0,0
2005,Never treated,5.19849703126583,9.77990649076477,10.2822321599447,18139,0,1,0,0
2006,Never treated,5.26269018890489,9.77292318251501,10.2778403189517,18139,0,1,0,0
2007,Never treated,5.19849703126583,9.77138371190279,10.3077185661295,18139,0,1,0,0
2001,Never treated,8.58429093494873,12.4911124803445,10.3342629686005,18141,0,1,0,0
2002,Never treated,8.41338702269065,12.4911012005164,10.3678817281736,18141,0,1,0,0
2003,Never treated,8.35019365072007,12.4910071970006,10.399859219332,18141,0,1,0,0
2004,Never treated,8.3354314778808,12.490190875031,10.4380492339787,18141,0,1,0,0
2005,Never treated,8.33782726244791,12.4872095953209,10.4454629452943,18141,0,1,0,0
2006,Never treated,8.3654396361887,12.4882847851389,10.4756528365353,18141,0,1,0,0
2007,Never treated,8.3221510702129,12.4924538722489,10.5080767061143,18141,0,1,0,0
2001,Never treated,5.94017125272043,10.0564661171332,10.0746217636895,18143,0,1,0,0
2002,Never treated,5.83773044716594,10.0602348582107,10.1221812177767,18143,0,1,0,0
2003,Never treated,5.79909265446053,10.0680693528521,10.1451387754061,18143,0,1,0,0
2004,Never treated,5.71702770140622,10.0685781724017,10.1951118442205,18143,0,1,0,0
2005,Never treated,5.71042701737487,10.0698490897514,10.2143855380379,18143,0,1,0,0
2006,Never treated,5.6937321388027,10.0703146883714,10.2181157939725,18143,0,1,0,0
2007,Never treated,5.67675380226828,10.0753799138395,10.2453736790014,18143,0,1,0,0
2001,Never treated,6.62804137617953,10.6900339973546,10.2962050878218,18145,0,1,0,0
2002,Never treated,6.50428817353665,10.6868638442886,10.3401282781127,18145,0,1,0,0
2003,Never treated,6.48768401848461,10.6822388703882,10.3404190274404,18145,0,1,0,0
2004,Never treated,6.4723462945009,10.6853550656556,10.3503824704074,18145,0,1,0,0
2005,Never treated,6.31173480915291,10.6805621930314,10.3728347163556,18145,0,1,0,0
2006,Never treated,6.18826412308259,10.6830188300534,10.3982447681231,18145,0,1,0,0
2007,Never treated,6.13556489108174,10.6909444125668,10.4311702933685,18145,0,1,0,0
2001,Never treated,5.84354441703136,9.92044299318554,10.2683042621665,18147,0,1,0,0
2002,Never treated,5.73334127689775,9.91778485723695,10.2930603779754,18147,0,1,0,0
2003,Never treated,5.88610403145016,9.91773556580133,10.2779778563449,18147,0,1,0,0
2004,Never treated,5.65948221575962,9.91941011307994,10.2881375209304,18147,0,1,0,0
2005,Never treated,5.66988092298052,9.91867168786117,10.3059147174308,18147,0,1,0,0
2006,Never treated,5.52146091786225,9.91734114682466,10.3452202998148,18147,0,1,0,0
2007,Never treated,5.54126354515843,9.9140317664118,10.3646711494006,18147,0,1,0,0
2001,Never treated,5.57215403217776,10.0184220906282,10.0045086665949,18149,0,1,0,0
2002,Never treated,5.48893772615669,10.0254396632869,10.0345596736298,18149,0,1,0,0
2003,Never treated,5.52545293913178,10.0289300682266,10.0451173146668,18149,0,1,0,0
2004,Never treated,5.33753807970132,10.0341210001713,10.0820102360729,18149,0,1,0,0
2005,Never treated,5.34710753071747,10.061516416761,10.103239644393,18149,0,1,0,0
2006,Never treated,5.40717177146012,10.0634782888451,10.1216185620268,18149,0,1,0,0
2007,Never treated,5.37527840768417,10.0553928562493,10.1708776279699,18149,0,1,0,0
2001,Never treated,6.62804137617953,10.4215370213914,10.1454921114913,18151,0,1,0,0
2002,Never treated,6.4425401664682,10.4188229917799,10.2088007786939,18151,0,1,0,0
2003,Never treated,6.38687931936265,10.4239169124448,10.1949997805683,18151,0,1,0,0
2004,Never treated,6.35088571671474,10.4239763372131,10.2021095650262,18151,0,1,0,0
2005,Never treated,6.42162226780652,10.4211795487194,10.2278872079231,18151,0,1,0,0
2006,Never treated,6.33327962813969,10.4193604175236,10.2323235644084,18151,0,1,0,0
2007,Never treated,6.30078579466324,10.419181307699,10.2452315830864,18151,0,1,0,0
2001,Never treated,5.56068163101553,9.99067391421504,10.1210958123517,18153,0,1,0,0
2002,Never treated,5.38449506278909,9.99195620052374,10.1421106746987,18153,0,1,0,0
2003,Never treated,5.31811999384422,9.99291683736255,10.1570051077053,18153,0,1,0,0
2004,Never treated,5.41164605185504,9.99250524885378,10.1781223786385,18153,0,1,0,0
2005,Never treated,5.25227342804663,9.97762052437736,10.173858142213,18153,0,1,0,0
2006,Never treated,5.20948615284142,9.9692284754988,10.189793678808,18153,0,1,0,0
2007,Never treated,5.26785815906333,9.96707249416124,10.2149715971734,18153,0,1,0,0
2001,Never treated,3.8286413964891,9.14013247693269,10.0851839139362,18155,0,1,0,0
2002,Never treated,4.34380542185368,9.15809926013049,10.1471393644817,18155,0,1,0,0
2003,Never treated,4.53259949315326,9.15218145780265,10.118114944082,18155,0,1,0,0
2004,Never treated,3.87120101090789,9.16209505934819,10.1658518170036,18155,0,1,0,0
2005,Never treated,3.97029191355212,9.17843682296317,10.2006619301713,18155,0,1,0,0
2006,Never treated,4.12713438504509,9.17055950196434,10.2529817767056,18155,0,1,0,0
2007,Never treated,4.15888308335967,9.16972668909089,10.2732218506885,18155,0,1,0,0
2001,Never treated,7.95120715647297,11.9159810057346,10.3761439101846,18157,0,1,0,0
2002,Never treated,7.75276480885133,11.9179438066265,10.3815833516792,18157,0,1,0,0
2003,Never treated,7.70616297019958,11.9265901974213,10.4201958394603,18157,0,1,0,0
2004,Never treated,7.6425241342329,11.9317805261972,10.462588922467,18157,0,1,0,0
2005,Never treated,7.70751219460034,11.9658210831783,10.4954875510911,18157,0,1,0,0
2006,Never treated,7.73587031995257,11.9796738014953,10.4992148293885,18157,0,1,0,0
2007,Never treated,7.74196789982069,12.0006891957995,10.5292655427252,18157,0,1,0,0
2001,Never treated,5.49306144334055,9.71262966471989,10.207584166256,18159,0,1,0,0
2002,Never treated,5.29831736654804,9.7152887585693,10.2698652719362,18159,0,1,0,0
2003,Never treated,5.21493575760899,9.71153981234754,10.2820952064744,18159,0,1,0,0
2004,Never treated,5.26785815906333,9.71371833060702,10.3148021854332,18159,0,1,0,0
2005,Never treated,5.15329159449778,9.69584818775788,10.3446415030528,18159,0,1,0,0
2006,Never treated,5.0998664278242,9.68769193888446,10.374178445562,18159,0,1,0,0
2007,Never treated,5.12989871492307,9.68377560652361,10.3906248092883,18159,0,1,0,0
2001,Never treated,7.88908440703551,11.6841607960266,10.1749259072536,18081,0,1,0,0
2002,Never treated,7.79358680337158,11.7084758010105,10.2093164704689,18081,0,1,0,0
2003,Never treated,7.74975340627444,11.7249757124865,10.2343368672635,18081,0,1,0,0
2004,Never treated,7.73805229768932,11.7415101862338,10.263571678604,18081,0,1,0,0
2005,Never treated,7.71868549519847,11.769341303348,10.2901435396572,18081,0,1,0,0
2006,Never treated,7.7106533235012,11.7949038020053,10.3036050543177,18081,0,1,0,0
2007,Never treated,7.71646080017636,11.8252294158035,10.3216385204515,18081,0,1,0,0
2001,Never treated,8.42836197770962,12.0546565566319,10.3252852219319,18163,0,1,0,0
2002,Never treated,8.34069464792507,12.0555520356858,10.3597725096409,18163,0,1,0,0
2003,Never treated,8.34498036877057,12.0589000620579,10.3788828704702,18163,0,1,0,0
2004,Never treated,8.24117615049496,12.0604571042245,10.4161315221089,18163,0,1,0,0
2005,Never treated,8.20412493257404,12.0628660270648,10.4418505192952,18163,0,1,0,0
2006,Never treated,8.18507147753228,12.0683840522805,10.4959576773425,18163,0,1,0,0
2007,Never treated,8.14322675036744,12.0715064319488,10.4986910887659,18163,0,1,0,0
2001,Never treated,5.26269018890489,9.72088595653485,10.431376761728,18165,0,1,0,0
2002,Never treated,5.11198778835654,9.71565081505406,10.4406239910919,18165,0,1,0,0
2003,Never treated,5.08140436498446,9.71190322846299,10.4627604245397,18165,0,1,0,0
2004,Never treated,5.08140436498446,9.71377877730816,10.515533131659,18165,0,1,0,0
2005,Never treated,5.07517381523383,9.70887071764802,10.5093324046933,18165,0,1,0,0
2006,Never treated,4.9416424226093,9.7072293300033,10.5047661242865,18165,0,1,0,0
2007,Never treated,5.05624580534831,9.70118775302651,10.5672059224053,18165,0,1,0,0
2001,Never treated,7.539027055824,11.5601048086552,10.2139091119574,18167,0,1,0,0
2002,Never treated,7.49609734517596,11.5581091335455,10.2597274018349,18167,0,1,0,0
2003,Never treated,7.39510754656249,11.5552663054598,10.2894299941554,18167,0,1,0,0
2004,Never treated,7.2868764117507,11.5425619340985,10.3185729040213,18167,0,1,0,0
2005,Never treated,7.20340552108309,11.5575354758887,10.3507661634577,18167,0,1,0,0
2006,Never treated,7.27031288607902,11.565423033928,10.3785098173368,18167,0,1,0,0
2007,Never treated,7.24351297466548,11.5685304506429,10.4075302240053,18167,0,1,0,0
2001,Never treated,6.51025834052315,10.4550423665162,10.1949997805683,18169,0,1,0,0
2002,Never treated,6.2841341610708,10.4494389782775,10.2212137463363,18169,0,1,0,0
2003,Never treated,6.24610676548156,10.4433669966929,10.2379219999889,18169,0,1,0,0
2004,Never treated,6.17586727010576,10.4374924492495,10.2612668864117,18169,0,1,0,0
2005,Never treated,6.1527326947041,10.4201958394603,10.2811360066475,18169,0,1,0,0
2006,Never treated,6.02586597382531,10.4113287272612,10.3074181505523,18169,0,1,0,0
2007,Never treated,5.99396142730657,10.4021090074632,10.3290493623434,18169,0,1,0,0
2001,Never treated,4.35670882668959,9.06021491339854,10.0515195513552,18171,0,1,0,0
2002,Never treated,4.06044301054642,9.06923753099818,10.0814663598959,18171,0,1,0,0
2003,Never treated,3.80666248977032,9.07257144223129,10.136304168546,18171,0,1,0,0
2004,Never treated,4.06044301054642,9.07566546864958,10.1804372384089,18171,0,1,0,0
2005,Never treated,4.27666611901606,9.06253617720779,10.2162524053554,18171,0,1,0,0
2006,Never treated,3.78418963391826,9.05730573580712,10.2589217270387,18171,0,1,0,0
2007,Never treated,4.07753744390572,9.05345261643904,10.2821979233355,18171,0,1,0,0
2001,Never treated,6.30991827822652,10.8778018794286,10.3969330124706,18173,0,1,0,0
2002,Never treated,6.21260609575152,10.8897147106094,10.3951915170945,18173,0,1,0,0
2003,Never treated,6.3261494731551,10.9096372697786,10.3981533061026,18173,0,1,0,0
2004,Never treated,6.22851100359118,10.9214319381368,10.4136429517518,18173,0,1,0,0
2005,Never treated,6.13988455222626,10.926999068695,10.4382542870735,18173,0,1,0,0
2006,Never treated,6.09356977004514,10.934374023808,10.4811677632874,18173,0,1,0,0
2007,Never treated,6.13988455222626,10.9537670724136,10.5080767061143,18173,0,1,0,0
2001,Never treated,5.65248918026865,10.2205585098817,10.0871831648832,18175,0,1,0,0
2002,Never treated,5.39362754635236,10.2283931527859,10.1025842826918,18175,0,1,0,0
2003,Never treated,5.35185813347607,10.228357022355,10.1339641512171,18175,0,1,0,0
2004,Never treated,5.31811999384422,10.2340495006176,10.1668513173367,18175,0,1,0,0
2005,Never treated,5.22035582507832,10.2267298003865,10.2099791122249,18175,0,1,0,0
2006,Never treated,5.24702407216049,10.2330790280651,10.2217230780314,18175,0,1,0,0
2007,Never treated,5.27299955856375,10.2350908120458,10.2536865728725,18175,0,1,0,0
2001,Never treated,7.20563517641036,11.16525273637,10.2179332622571,18177,0,1,0,0
2002,Never treated,7.04403289727469,11.162573346915,10.2415299843269,18177,0,1,0,0
2003,Never treated,6.98656645940643,11.1593172424023,10.2663930462255,18177,0,1,0,0
2004,Never treated,6.87729607149743,11.1513097641403,10.2998782793686,18177,0,1,0,0
2005,Never treated,6.8134445995109,11.1403243704812,10.3131770586307,18177,0,1,0,0
2006,Never treated,6.88755257166462,11.1348079783803,10.3639142187183,18177,0,1,0,0
2007,Never treated,6.85435450225502,11.1287324921376,10.3928954454281,18177,0,1,0,0
2001,Never treated,6.20657592672493,10.2294764591425,10.1873121946606,18179,0,1,0,0
2002,Never treated,6.10924758276437,10.2361310402724,10.2081373554055,18179,0,1,0,0
2003,Never treated,6.08449941307517,10.238494430329,10.240673819891,18179,0,1,0,0
2004,Never treated,5.94803498918065,10.2408522479404,10.2663582630119,18179,0,1,0,0
2005,Never treated,5.92958914338989,10.2320356185402,10.3220334001828,18179,0,1,0,0
2006,Never treated,6.05208916892442,10.2346241513535,10.3299310670295,18179,0,1,0,0
2007,Never treated,5.83188247728352,10.2317475897353,10.3333525474678,18179,0,1,0,0
2001,Never treated,5.93753620508243,10.1404551104434,10.0893029985843,18181,0,1,0,0
2002,Never treated,5.70044357339069,10.1338450208685,10.1225427579417,18181,0,1,0,0
2003,Never treated,5.53338948872752,10.1234259729014,10.1487839084915,18181,0,1,0,0
2004,Never treated,5.32300997913841,10.1154892634315,10.1788819396488,18181,0,1,0,0
2005,Never treated,5.28826703069454,10.0911282708077,10.2025916446529,18181,0,1,0,0
2006,Never treated,5.25749537202778,10.0845583274284,10.2646872443463,18181,0,1,0,0
2007,Never treated,5.23110861685459,10.0771466987514,10.2640598917536,18181,0,1,0,0
2001,Never treated,6.27664348934164,10.3455738440999,10.2051834707483,18183,0,1,0,0
2002,Never treated,6.09582456243222,10.3554544942957,10.2495210768749,18183,0,1,0,0
2003,Never treated,6.16751649088834,10.3672844598723,10.2754992843851,18183,0,1,0,0
2004,Never treated,6.13988455222626,10.3706433806427,10.2959011928996,18183,0,1,0,0
2005,Never treated,6.15485809401642,10.3739910568235,10.3141060258851,18183,0,1,0,0
2006,Never treated,6.10255859461357,10.3829772959923,10.3401928963803,18183,0,1,0,0
2007,Never treated,6.0282785202307,10.3910240783242,10.3566628768004,18183,0,1,0,0
2001,Never treated,6.17586727010576,10.5005917848825,10.1864459861515,18103,0,1,0,0
2002,Never treated,5.98645200528444,10.5016370044738,10.200699075204,18103,0,1,0,0
2003,Never treated,5.91620206260743,10.4963446742514,10.2190644221814,18103,0,1,0,0
2004,Never treated,5.88332238848828,10.4891052001534,10.278905739292,18103,0,1,0,0
2005,Never treated,5.93489419561959,10.5135791579587,10.2792491812708,18103,0,1,0,0
2006,Never treated,5.86078622346587,10.5168336628925,10.3072846035436,18103,0,1,0,0
2007,Never treated,5.78689738136671,10.5090595608401,10.3346528954941,18103,0,1,0,0
2001,Never treated,3.8286413964891,8.89713534229332,9.97375960552146,18161,0,1,0,0
2002,Never treated,4.24849524204936,8.90231952852887,10.0703993193803,18161,0,1,0,0
2003,Never treated,4.21950770517611,8.89013510781884,10.0834312845441,18161,0,1,0,0
2004,Never treated,4.20469261939097,8.88419463307227,10.1303840527196,18161,0,1,0,0
2005,Never treated,4.20469261939097,8.87206651340834,10.1335272705382,18161,0,1,0,0
2006,Never treated,4.12713438504509,8.87626525995469,10.1459630321498,18161,0,1,0,0
2007,Never treated,4.02535169073515,8.86841328467201,10.1963437162616,18161,0,1,0,0
2001,Never treated,4.18965474202643,8.39276311303806,10.0190904356082,19003,0,1,0,0
2002,Never treated,4.06044301054642,8.38662882139512,10.0430755667432,19003,0,1,0,0
2003,Never treated,4.04305126783455,8.38685668968823,10.0844331631502,19003,0,1,0,0
2004,Never treated,3.98898404656427,8.36637030168165,10.2088744652314,19003,0,1,0,0
2005,Never treated,3.78418963391826,8.33471162182092,10.1370961536981,19003,0,1,0,0
2006,Never treated,3.76120011569356,8.32772616646141,10.1865590124302,19003,0,1,0,0
2007,Never treated,3.8286413964891,8.31849832050434,10.2082479565227,19003,0,1,0,0
2001,Never treated,5.35185813347607,9.51966161953144,10.0333748133705,19007,0,1,0,0
2002,Never treated,5.21493575760899,9.50747760319872,10.0765581172159,19007,0,1,0,0
2003,Never treated,5.26785815906333,9.51863356833207,10.113910539441,19007,0,1,0,0
2004,Never treated,5.32300997913841,9.51995515442751,10.1616506969514,19007,0,1,0,0
2005,Never treated,5.40717177146012,9.49844735414104,10.1689623588638,19007,0,1,0,0
2006,Never treated,5.25749537202778,9.48660754161267,10.2241207251276,19007,0,1,0,0
2007,Never treated,5.22035582507832,9.46699606582284,10.2180062789415,19007,0,1,0,0
2001,Never treated,4.94875989037817,8.80477525886769,9.94898659260735,19009,0,1,0,0
2002,Never treated,5.11198778835654,8.7937637591133,9.98345333417401,19009,0,1,0,0
2003,Never treated,5.09375020080676,8.77786371462117,10.0055024779429,19009,0,1,0,0
2004,Never treated,5.11198778835654,8.77709288285557,10.0465483953768,19009,0,1,0,0
2005,Never treated,5.11198778835654,8.74129628222515,10.0717946979445,19009,0,1,0,0
2006,Never treated,5.04342511691925,8.72371943690701,10.1145990076265,19009,0,1,0,0
2007,Never treated,5.17048399503815,8.7212762399917,10.1760306061451,19009,0,1,0,0
2001,Never treated,5.99645208861902,10.154751979567,10.0829299685792,19011,0,1,0,0
2002,Never treated,5.95064255258773,10.1711072139509,10.0997120144991,19011,0,1,0,0
2003,Never treated,5.70711026474888,10.1767537132535,10.1558791782093,19011,0,1,0,0
2004,Never treated,5.76832099579377,10.1941775965022,10.2141290291228,19011,0,1,0,0
2005,Never treated,5.8171111599632,10.190544429594,10.2266212247182,19011,0,1,0,0
2006,Never treated,5.78382518232974,10.1873121946606,10.2597974298461,19011,0,1,0,0
2007,Never treated,5.76832099579377,10.1868226907442,10.2785621793202,19011,0,1,0,0
2001,Never treated,8.05832730658096,11.7557539896008,10.2791461610616,19013,0,1,0,0
2002,Never treated,7.98548435673382,11.7478473782405,10.3061487333116,19013,0,1,0,0
2003,Never treated,7.9043348420851,11.7435291203822,10.3352050317884,19013,0,1,0,0
2004,Never treated,7.83794891602528,11.7417090811742,10.4047172826287,19013,0,1,0,0
2005,Never treated,7.8407064517494,11.7501770286226,10.4269134582779,19013,0,1,0,0
2006,Never treated,7.85476918349913,11.7519817347445,10.462331614196,19013,0,1,0,0
2007,Never treated,7.87929148508227,11.7498693520908,10.5058891197893,19013,0,1,0,0
2001,Never treated,6.52356230614951,10.1755355472039,10.1322950334748,19015,0,1,0,0
2002,Never treated,6.50428817353665,10.1700736616932,10.1684254255073,19015,0,1,0,0
2003,Never treated,6.36647044773144,10.1754212680198,10.2169470148483,19015,0,1,0,0
2004,Never treated,6.3578422665081,10.1824819965903,10.2669146492974,19015,0,1,0,0
2005,Never treated,6.41017488196617,10.1794891733385,10.2889540141376,19015,0,1,0,0
2006,Never treated,6.42324696353352,10.1778563959258,10.3333200170926,19015,0,1,0,0
2007,Never treated,6.45833828334479,10.1772101432185,10.369012417072,19015,0,1,0,0
2001,Never treated,6.21860011969173,10.0619859103568,10.1697672187275,19017,0,1,0,0
2002,Never treated,6.06610809010375,10.0555646554165,10.2016643620805,19017,0,1,0,0
2003,Never treated,6.06842558824411,10.0617725315018,10.2232858338872,19017,0,1,0,0
2004,Never treated,5.97888576490112,10.0658189644536,10.269033036643,19017,0,1,0,0
2005,Never treated,6.01126717440416,10.0622845642831,10.298834982456,19017,0,1,0,0
2006,Never treated,5.98141421125448,10.0682813924619,10.3385114628858,19017,0,1,0,0
2007,Never treated,6.14418563412565,10.0703993193803,10.3828844267985,19017,0,1,0,0
2001,Never treated,6.01126717440416,9.95046655373012,10.1020924794032,19019,0,1,0,0
2002,Never treated,5.93224518744801,9.94592424273339,10.1050805498199,19019,0,1,0,0
2003,Never treated,5.80211837537706,9.94688223485532,10.1351150134986,19019,0,1,0,0
2004,Never treated,5.75257263882563,9.95270619632363,10.1737055112363,19019,0,1,0,0
2005,Never treated,5.68017260901707,9.94145748378776,10.1863329470964,19019,0,1,0,0
2006,Never treated,5.80211837537706,9.94482141602911,10.2224865894939,19019,0,1,0,0
2007,Never treated,5.77455154554441,9.95108653133541,10.2507230850801,19019,0,1,0,0
2001,Never treated,6.26339826259162,9.91497136047741,10.0477177582074,19021,0,1,0,0
2002,Never treated,6.23048144757848,9.91758767691491,10.0878486946279,19021,0,1,0,0
2003,Never treated,6.14203740558736,9.9162063249439,10.0848503165018,19021,0,1,0,0
2004,Never treated,6.13988455222626,9.91145572218531,10.107489058322,19021,0,1,0,0
2005,Never treated,5.98141421125448,9.8928815067489,10.1500350816294,19021,0,1,0,0
2006,Never treated,6.05678401322862,9.88608703785596,10.2089849848579,19021,0,1,0,0
2007,Never treated,6.0330862217988,9.87585938541865,10.2514294744006,19021,0,1,0,0
2001,Never treated,5.28320372873799,9.62634969396002,9.96777604241849,19023,0,1,0,0
2002,Never treated,5.20948615284142,9.61733763906242,9.99378519051691,19023,0,1,0,0
2003,Never treated,5.07517381523383,9.61919971315236,10.0254839218454,19023,0,1,0,0
2004,Never treated,5.02388052084628,9.61653854466018,10.0793298307323,19023,0,1,0,0
2005,Never treated,4.91998092582813,9.59784515470735,10.0974906141039,19023,0,1,0,0
2006,Never treated,5.03043792139244,9.59301439178353,10.1300652005846,19023,0,1,0,0
2007,Never treated,4.99721227376411,9.5905560458309,10.2005504867937,19023,0,1,0,0
2001,Never treated,5.42053499927229,9.30610499396056,9.92250555837189,19025,0,1,0,0
2002,Never treated,5.42934562895444,9.28905912668757,9.94869989535768,19025,0,1,0,0
2003,Never treated,5.46806014113513,9.27697045427395,9.96000965286045,19025,0,1,0,0
2004,Never treated,5.2257466737132,9.26198360512802,10.0204702680217,19025,0,1,0,0
2005,Never treated,5.18738580584075,9.23610557986221,10.0434233928336,19025,0,1,0,0
2006,Never treated,5.22035582507832,9.2223677521889,10.0652662080988,19025,0,1,0,0
2007,Never treated,5.15329159449778,9.20542832761516,10.1485882712024,19025,0,1,0,0
2001,Never treated,6.79682371827486,9.96161494121274,10.0285330415104,19027,0,1,0,0
2002,Never treated,6.74993119378857,9.96048206405594,10.0476744728486,19027,0,1,0,0
2003,Never treated,6.69332366826995,9.95427571936823,10.0726816534226,19027,0,1,0,0
2004,Never treated,6.74523634948436,9.95194432780432,10.1277504771183,19027,0,1,0,0
2005,Never treated,6.62936325343745,9.94927320768526,10.183880624651,19027,0,1,0,0
2006,Never treated,6.60258789218934,9.94453352197213,10.2224138992271,19027,0,1,0,0
2007,Never treated,6.58063913728495,9.94213117612833,10.2878992514465,19027,0,1,0,0
2001,Never treated,5.98393628068719,9.58720022307401,10.0053218584174,19029,0,1,0,0
2002,Never treated,5.9427993751267,9.5694822704787,10.0653937943791,19029,0,1,0,0
2003,Never treated,5.79301360838414,9.57206255713643,10.0851005250102,19029,0,1,0,0
2004,Never treated,5.63478960316925,9.56654520543029,10.1189617695454,19029,0,1,0,0
2005,Never treated,5.76832099579377,9.54172827668803,10.1196467700759,19029,0,1,0,0
2006,Never treated,5.87493073085203,9.5392843421766,10.1701119604619,19029,0,1,0,0
2007,Never treated,5.83773044716594,9.53748351330888,10.2051464919187,19029,0,1,0,0
2001,Never treated,5.94017125272043,9.57574708283836,9.95256339018272,19005,0,1,0,0
2002,Never treated,5.94542060860658,9.57844969354058,9.98773678498103,19005,0,1,0,0
2003,Never treated,5.79301360838414,9.58925614485081,10.0142235941308,19005,0,1,0,0
2004,Never treated,5.7268477475872,9.59641876628416,10.0769785679453,19005,0,1,0,0
2005,Never treated,5.70711026474888,9.58342001994019,10.0950991562372,19005,0,1,0,0
2006,Never treated,5.68697535633982,9.58114501982072,10.1279502334162,19005,0,1,0,0
2007,Never treated,5.65599181081985,9.57644075656207,10.1678882036985,19005,0,1,0,0
2001,Never treated,7.12286665859908,10.73075033004,10.1616506969514,19033,0,1,0,0
2002,Never treated,7.10249935577465,10.7222095560041,10.1896059030117,19033,0,1,0,0
2003,Never treated,7.0604763659998,10.720731130809,10.2329711396217,19033,0,1,0,0
2004,Never treated,6.96602418710611,10.710766667141,10.2955972055971,19033,0,1,0,0
2005,Never treated,6.98933526597456,10.7003864553395,10.3148353238024,19033,0,1,0,0
2006,Never treated,7.01929665371504,10.694849780593,10.3501265932271,19033,0,1,0,0
2007,Never treated,7.00940893270864,10.6900112263512,10.3842456446797,19033,0,1,0,0
2001,Never treated,5.96100533962327,9.46699606582284,10.0422489945777,19035,0,1,0,0
2002,Never treated,5.89989735358249,9.44793894425998,10.1148014080968,19035,0,1,0,0
2003,Never treated,5.73334127689775,9.43651931183391,10.1442352377987,19035,0,1,0,0
2004,Never treated,5.67675380226828,9.4265801469736,10.1993237892438,19035,0,1,0,0
2005,Never treated,5.68017260901707,9.39615581802439,10.2028881935671,19035,0,1,0,0
2006,Never treated,5.66642668811243,9.37780206586311,10.2408522479404,19035,0,1,0,0
2007,Never treated,5.76205138278018,9.36597566350763,10.2741541551016,19035,0,1,0,0
2001,Never treated,5.5683445037611,9.47937465005548,10.0553928562493,19037,0,1,0,0
2002,Never treated,5.39362754635236,9.46203250669481,10.0984785124307,19037,0,1,0,0
2003,Never treated,5.51342874616498,9.4491997797304,10.0996298283474,19037,0,1,0,0
2004,Never treated,5.28826703069454,9.44280038992774,10.1431735204696,19037,0,1,0,0
2005,Never treated,5.36129216570943,9.41670392325038,10.1542073596204,19037,0,1,0,0
2006,Never treated,5.32787616878958,9.41580863161038,10.2053683443877,19037,0,1,0,0
2007,Never treated,5.45958551414416,9.40705780905387,10.242492293944,19037,0,1,0,0
2001,Never treated,5.48893772615669,9.12314716027381,10.0370564444575,19039,0,1,0,0
2002,Never treated,5.44241771052179,9.12281977444669,10.0839740933844,19039,0,1,0,0
2003,Never treated,5.35185813347607,9.12858787010392,10.1127349986582,19039,0,1,0,0
2004,Never treated,5.18738580584075,9.13378324925403,10.1089558121703,19039,0,1,0,0
2005,Never treated,5.15329159449778,9.11537013438496,10.1248294819037,19039,0,1,0,0
2006,Never treated,5.30826769740121,9.11173476822206,10.1621912792489,19039,0,1,0,0
2007,Never treated,5.22035582507832,9.10686696349991,10.2147152385629,19039,0,1,0,0
2001,Never treated,6.3750248198281,9.75771005292279,10.113951050693,19041,0,1,0,0
2002,Never treated,6.2363695902037,9.74613174175992,10.1582460432196,19041,0,1,0,0
2003,Never treated,6.07534603108868,9.73961476581063,10.1975368113661,19041,0,1,0,0
2004,Never treated,6.04500531403601,9.73831805455974,10.2588165911505,19041,0,1,0,0
2005,Never treated,6.07764224334903,9.72853875007159,10.2715276675536,19041,0,1,0,0
2006,Never treated,6.09582456243222,9.72513809649457,10.2962050878218,19041,0,1,0,0
2007,Never treated,6.16331480403464,9.71890343808791,10.3433218807238,19041,0,1,0,0
2001,Never treated,5.91350300563827,9.82747006611221,10.05461939454,19043,0,1,0,0
2002,Never treated,5.92958914338989,9.81961669349898,10.095016590081,19043,0,1,0,0
2003,Never treated,5.97888576490112,9.81667615554916,10.1086707784733,19043,0,1,0,0
2004,Never treated,5.75574221358691,9.81814750536911,10.1560345542196,19043,0,1,0,0
2005,Never treated,5.74300318780948,9.79210896455274,10.1774382801016,19043,0,1,0,0
2006,Never treated,5.67332326717149,9.78554825467144,10.2150448304213,19043,0,1,0,0
2007,Never treated,5.72031177660741,9.78052864513568,10.2475735876344,19043,0,1,0,0
2001,Never treated,7.05961762829138,10.8190580250858,10.1636185559006,19045,0,1,0,0
2002,Never treated,6.96885037834195,10.8170545784887,10.1854658895712,19045,0,1,0,0
2003,Never treated,6.85856503479136,10.8155694396362,10.2073628048827,19045,0,1,0,0
2004,Never treated,6.7719355558396,10.8155493550802,10.2402811660817,19045,0,1,0,0
2005,Never treated,6.82871207164168,10.8057604926421,10.2808617804778,19045,0,1,0,0
2006,Never treated,6.85118492749374,10.8033033143164,10.2954958559577,19045,0,1,0,0
2007,Never treated,6.88959130835447,10.8012883950964,10.3607541592076,19045,0,1,0,0
2001,Never treated,5.97380961186926,9.73837703247253,10.1183972989232,19047,0,1,0,0
2002,Never treated,5.84932477994686,9.73979145986534,10.1337655927509,19047,0,1,0,0
2003,Never treated,5.79909265446053,9.73489137036065,10.1755355472039,19047,0,1,0,0
2004,Never treated,5.74939298590825,9.73489137036065,10.2174585238108,19047,0,1,0,0
2005,Never treated,5.72031177660741,9.71745913381085,10.2531932677181,19047,0,1,0,0
2006,Never treated,5.75574221358691,9.71002415532333,10.2715622714257,19047,0,1,0,0
2007,Never treated,5.70711026474888,9.71129746154357,10.324957234786,19047,0,1,0,0
2001,Never treated,6.78897174299217,10.6634986733496,10.2475735876344,19049,0,1,0,0
2002,Never treated,6.75227037614174,10.7030422005086,10.273532715413,19049,0,1,0,0
2003,Never treated,6.84481547920826,10.7476161102709,10.3147690459657,19049,0,1,0,0
2004,Never treated,6.72743172485086,10.8088184441739,10.4167601799452,19049,0,1,0,0
2005,Never treated,7.17242457712485,10.8558980407166,10.44123744324,19049,0,1,0,0
2006,Never treated,7.30921236569276,10.9080089178046,10.5108044764909,19049,0,1,0,0
2007,Never treated,7.37462901521894,10.9556718848238,10.6021942503013,19049,0,1,0,0
2001,Never treated,4.84418708645859,9.06357899058078,10.021359473131,19051,0,1,0,0
2002,Never treated,4.85981240436167,9.06195636620992,10.0156995431431,19051,0,1,0,0
2003,Never treated,4.75359019110636,9.05637300867876,10.0544904260727,19051,0,1,0,0
2004,Never treated,4.69134788222914,9.06831587194677,10.0843497115937,19051,0,1,0,0
2005,Never treated,4.63472898822964,9.04981944514108,10.0773148012944,19051,0,1,0,0
2006,Never treated,4.58496747867057,9.05146186690869,10.1152465449837,19051,0,1,0,0
2007,Never treated,4.61512051684126,9.05660627203414,10.1724836240324,19051,0,1,0,0
2001,Never treated,4.80402104473326,9.07061842880105,9.87663009836625,19053,0,1,0,0
2002,Never treated,5.01727983681492,9.06311565221966,9.90203650026881,19053,0,1,0,0
2003,Never treated,4.7361984483945,9.05683948099042,9.9374541020994,19053,0,1,0,0
2004,Never treated,4.62497281328427,9.06242024189956,9.99126946591966,19053,0,1,0,0
2005,Never treated,4.57471097850338,9.04546572878595,10.0249969699333,19053,0,1,0,0
2006,Never treated,4.57471097850338,9.03622505172933,10.0587804369422,19053,0,1,0,0
2007,Never treated,4.48863636973214,9.02905827475689,10.1151656257411,19053,0,1,0,0
2001,Never treated,5.97126183979046,9.81465633882951,10.0838906035075,19055,0,1,0,0
2002,Never treated,5.91620206260743,9.81487489417952,10.1136674374585,19055,0,1,0,0
2003,Never treated,5.77144112313002,9.8070317167185,10.1920817089129,19055,0,1,0,0
2004,Never treated,5.75257263882563,9.80184234877393,10.1904693798735,19055,0,1,0,0
2005,Never treated,5.86078622346587,9.77769754647783,10.2261143823353,19055,0,1,0,0
2006,Never treated,5.85220247977447,9.7705845338719,10.2746372302292,19055,0,1,0,0
2007,Never treated,5.80814248998044,9.77029895829238,10.3174497908982,19055,0,1,0,0
2001,Never treated,5.91620206260743,9.80510265061473,10.0219370327357,19031,0,1,0,0
2002,Never treated,5.73657229747919,9.80829736553238,10.0674329641244,19031,0,1,0,0
2003,Never treated,5.67332326717149,9.81213951307682,10.0907137286635,19031,0,1,0,0
2004,Never treated,5.61312810638807,9.81301564937205,10.1256706427552,19031,0,1,0,0
2005,Never treated,5.54126354515843,9.79590234185619,10.1436455340095,19031,0,1,0,0
2006,Never treated,5.64897423816121,9.79707092383164,10.1676578774019,19031,0,1,0,0
2007,Never treated,5.66296048013595,9.79534539391642,10.2135424758396,19031,0,1,0,0
2001,Never treated,6.12029741895095,9.71014549245871,10.0344280917967,19059,0,1,0,0
2002,Never treated,6.0282785202307,9.70655984335281,10.0638616835973,19059,0,1,0,0
2003,Never treated,5.99396142730657,9.70826311038665,10.1544019007957,19059,0,1,0,0
2004,Never treated,6.03068526026126,9.71595242868929,10.154907530802,19059,0,1,0,0
2005,Never treated,6.03068526026126,9.71830189812752,10.144628180552,19059,0,1,0,0
2006,Never treated,6.06145691892802,9.72124599254234,10.2008847796745,19059,0,1,0,0
2007,Never treated,5.9427993751267,9.71631424501115,10.2378504231511,19059,0,1,0,0
2001,Never treated,7.98104975966596,11.3981317069681,10.254214844205,19061,0,1,0,0
2002,Never treated,7.86901937649902,11.4017480639908,10.2821979233355,19061,0,1,0,0
2003,Never treated,7.82724090175281,11.4131161793507,10.3140728633389,19061,0,1,0,0
2004,Never treated,7.77821147451249,11.4194825407586,10.3607858092843,19061,0,1,0,0
2005,Never treated,7.80220931624712,11.4189663720368,10.3863457072181,19061,0,1,0,0
2006,Never treated,7.86787149039632,11.4229788753648,10.4055952856824,19061,0,1,0,0
2007,Never treated,7.86018505747217,11.4323009213963,10.4411498302557,19061,0,1,0,0
2001,Never treated,5.62040086571715,9.29596745794362,10.1069588680528,19063,0,1,0,0
2002,Never treated,5.46383180502561,9.29035230994557,10.1094035581837,19063,0,1,0,0
2003,Never treated,5.3890717298165,9.28228887128877,10.1303043492166,19063,0,1,0,0
2004,Never treated,5.29330482472449,9.2712473068797,10.1719868055711,19063,0,1,0,0
2005,Never treated,5.48893772615669,9.25741477936211,10.200253243721,19063,0,1,0,0
2006,Never treated,5.30330490805908,9.25119436598445,10.2308469646407,19063,0,1,0,0
2007,Never treated,5.32787616878958,9.24387185518498,10.2862638723896,19063,0,1,0,0
2001,Never treated,6.1779441140506,9.98644907325047,9.97408580138167,19065,0,1,0,0
2002,Never treated,6.11146733950268,9.97850225634157,10.0236677127922,19065,0,1,0,0
2003,Never treated,5.98645200528444,9.97306025588809,10.0444661457957,19065,0,1,0,0
2004,Never treated,5.97635090929793,9.96378270831988,10.0759691890481,19065,0,1,0,0
2005,Never treated,5.96357934361845,9.95099117518009,10.0988898488686,19065,0,1,0,0
2006,Never treated,6.00388706710654,9.93793728726535,10.1240277179802,19065,0,1,0,0
2007,Never treated,6.04737217904628,9.92226023785941,10.1730183834035,19065,0,1,0,0
2001,Never treated,6.04263283368238,9.71980507010283,10.0765160624185,19067,0,1,0,0
2002,Never treated,5.88332238848828,9.71872301409103,10.1107049533001,19067,0,1,0,0
2003,Never treated,5.8406416573734,9.71559048140899,10.1258307836796,19067,0,1,0,0
2004,Never treated,5.7268477475872,9.71238757793059,10.176791757042,19067,0,1,0,0
2005,Never treated,5.72031177660741,9.7005142080113,10.1878014590801,19067,0,1,0,0
2006,Never treated,5.63835466933375,9.70131016703082,10.2545668701177,19067,0,1,0,0
2007,Never treated,5.69035945432406,9.69424690639091,10.29650889042,19067,0,1,0,0
2001,Never treated,5.4249500174814,9.27369068747694,10.1251500075685,19069,0,1,0,0
2002,Never treated,5.19849703126583,9.27659616775325,10.1575869879708,19069,0,1,0,0
2003,Never treated,5.28320372873799,9.27725107725881,10.1711837308994,19069,0,1,0,0
2004,Never treated,5.21493575760899,9.28033274379622,10.2105309784665,19069,0,1,0,0
2005,Never treated,5.31320597904179,9.2729395137327,10.2209225831373,19069,0,1,0,0
2006,Never treated,5.19849703126583,9.2588447810358,10.2928910270969,19069,0,1,0,0
2007,Never treated,5.2040066870768,9.27077674078001,10.3349777184684,19069,0,1,0,0
2001,Never treated,4.85981240436167,8.97676762517143,10.1408101050236,19071,0,1,0,0
2002,Never treated,5.04342511691925,8.96737669321267,10.2042956012068,19071,0,1,0,0
2003,Never treated,4.86753445045558,8.96482339168508,10.2406024397561,19071,0,1,0,0
2004,Never treated,4.72738781871234,8.95622201636254,10.2829166460935,19071,0,1,0,0
2005,Never treated,4.71849887129509,8.93326847863642,10.2825744615842,19071,0,1,0,0
2006,Never treated,4.58496747867057,8.93128762622246,10.3585044394735,19071,0,1,0,0
2007,Never treated,4.63472898822964,8.93181623730917,10.3736474195761,19071,0,1,0,0
2001,Never treated,5.08759633523238,9.22759072538271,10.0321006200041,19073,0,1,0,0
2002,Never treated,5.18738580584075,9.22847494217167,10.0702300501996,19073,0,1,0,0
2003,Never treated,5.23110861685459,9.21423278669153,10.1112737815293,19073,0,1,0,0
2004,Never treated,5.14749447681345,9.21293699782345,10.1518309048721,19073,0,1,0,0
2005,Never treated,5.00394630594546,9.19074972221118,10.1744684332645,19073,0,1,0,0
2006,Never treated,5.01063529409626,9.16628398577926,10.2263678356379,19073,0,1,0,0
2007,Never treated,4.89034912822175,9.15873123824295,10.2930942447098,19073,0,1,0,0
2001,Never treated,5.41164605185504,9.41849210547116,10.1534288162357,19075,0,1,0,0
2002,Never treated,5.25227342804663,9.42173517625584,10.1582460432196,19075,0,1,0,0
2003,Never treated,5.32787616878958,9.42108740295384,10.2077685966433,19075,0,1,0,0
2004,Never treated,5.18178355029209,9.42254430325201,10.238387124597,19075,0,1,0,0
2005,Never treated,5.27299955856375,9.41328121597287,10.2978917132849,19075,0,1,0,0
2006,Never treated,5.30826769740121,9.41221942798567,10.3399667141735,19075,0,1,0,0
2007,Never treated,5.4510384535657,9.39972029313758,10.4098231110293,19075,0,1,0,0
2001,Never treated,5.25227342804663,9.33202689023278,9.94688223485532,19077,0,1,0,0
2002,Never treated,5.30330490805908,9.33423800863242,9.99328255165234,19077,0,1,0,0
2003,Never treated,5.05624580534831,9.34818743866831,10.0578382123661,19077,0,1,0,0
2004,Never treated,4.97673374242057,9.35444071594994,10.1319767901751,19077,0,1,0,0
2005,Never treated,4.9416424226093,9.32625499657254,10.2144588142159,19077,0,1,0,0
2006,Never treated,4.84418708645859,9.31163262345805,10.2526997190935,19077,0,1,0,0
2007,Never treated,4.87519732320115,9.31027620058878,10.2965763895762,19077,0,1,0,0
2001,Never treated,6.03548143252476,9.69707820021308,10.1557626303566,19079,0,1,0,0
2002,Never treated,5.97126183979046,9.69953369561506,10.16485131667,19079,0,1,0,0
2003,Never treated,5.99396142730657,9.70002407198874,10.2203764235358,19079,0,1,0,0
2004,Never treated,5.87773578177964,9.69461666050864,10.2446629974279,19079,0,1,0,0
2005,Never treated,5.84932477994686,9.67733949220162,10.2832929138637,19079,0,1,0,0
2006,Never treated,5.91889385427315,9.66535725891359,10.2848648651152,19079,0,1,0,0
2007,Never treated,5.95064255258773,9.65104391551037,10.3337753460756,19079,0,1,0,0
2001,Never treated,5.53733426701854,8.99924890168611,10.0664988607956,19001,0,1,0,0
2002,Never treated,5.46806014113513,8.98832118832368,10.0592084275329,19001,0,1,0,0
2003,Never treated,5.34233425196481,8.98419231164167,10.127590643345,19001,0,1,0,0
2004,Never treated,5.15329159449778,8.97398492668974,10.1740488981795,19001,0,1,0,0
2005,Never treated,5.23110861685459,8.95299349932047,10.186219895262,19001,0,1,0,0
2006,Never treated,5.17614973257383,8.94624460933054,10.201849887396,19001,0,1,0,0
2007,Never treated,5.19849703126583,8.93379604393486,10.2253898758736,19001,0,1,0,0
2001,Never treated,5.98393628068719,9.83242110410227,10.1088336648198,19083,0,1,0,0
2002,Never treated,6.04263283368238,9.82222326570516,10.1382434191785,19083,0,1,0,0
2003,Never treated,5.87493073085203,9.81296091333657,10.1449031486378,19083,0,1,0,0
2004,Never treated,5.78689738136671,9.80747212410244,10.2153011045628,19083,0,1,0,0
2005,Never treated,5.75257263882563,9.78678518274999,10.244840715177,19083,0,1,0,0
2006,Never treated,5.77144112313002,9.77656285896246,10.3022972289774,19083,0,1,0,0
2007,Never treated,5.75257263882563,9.77024183338877,10.3515969936966,19083,0,1,0,0
2001,Never treated,5.67675380226828,9.6614159913364,9.98294547387084,19085,0,1,0,0
2002,Never treated,5.50125821054473,9.65329392449534,10.0124316395253,19085,0,1,0,0
2003,Never treated,5.46383180502561,9.66179808393482,10.0310888971298,19085,0,1,0,0
2004,Never treated,5.48893772615669,9.66846117931015,10.0816337379196,19085,0,1,0,0
2005,Never treated,5.42053499927229,9.65142999105728,10.1199689609768,19085,0,1,0,0
2006,Never treated,5.45958551414416,9.64904681386415,10.1683870620907,19085,0,1,0,0
2007,Never treated,5.39362754635236,9.6431612100942,10.2040364906947,19085,0,1,0,0
2001,Never treated,6.4118182677099,9.92098360015288,10.2450539347941,19087,0,1,0,0
2002,Never treated,6.30627528694802,9.90862433664128,10.2790087842712,19087,0,1,0,0
2003,Never treated,6.20253551718792,9.91655184186533,10.299743721559,19087,0,1,0,0
2004,Never treated,6.01126717440416,9.91185246886775,10.3135421129781,19087,0,1,0,0
2005,Never treated,6.0137151560428,9.9124472939076,10.3638511152917,19087,0,1,0,0
2006,Never treated,5.98896141688986,9.9085248440534,10.3700791173049,19087,0,1,0,0
2007,Never treated,5.92692602597041,9.91016520728937,10.3857902373689,19087,0,1,0,0
2001,Never treated,5.33753807970132,9.20018902091981,10.0410296415546,19089,0,1,0,0
2002,Never treated,5.38449506278909,9.19634286233233,10.0716679257751,19089,0,1,0,0
2003,Never treated,5.24174701505964,9.19146331620649,10.1165403631402,19089,0,1,0,0
2004,Never treated,5.24702407216049,9.18983149534464,10.1456883553838,19089,0,1,0,0
2005,Never treated,5.29330482472449,9.17346889720028,10.1828223835001,19089,0,1,0,0
2006,Never treated,5.30330490805908,9.16324876444233,10.2539331342235,19089,0,1,0,0
2007,Never treated,5.29330482472449,9.15535606364342,10.2524881236632,19089,0,1,0,0
2001,Never treated,5.45958551414416,9.24222656083851,10.1086300527408,19091,0,1,0,0
2002,Never treated,5.54126354515843,9.2237500588861,10.114639490998,19091,0,1,0,0
2003,Never treated,5.40717177146012,9.22068666403033,10.1239876129049,19091,0,1,0,0
2004,Never treated,5.33271879326537,9.21453157659465,10.1654671276355,19091,0,1,0,0
2005,Never treated,5.34710753071747,9.19299073364107,10.1821036529742,19091,0,1,0,0
2006,Never treated,5.28826703069454,9.18317470390341,10.2129922694984,19091,0,1,0,0
2007,Never treated,5.31811999384422,9.17222304986305,10.2475026983281,19091,0,1,0,0
2001,Never treated,5.23110861685459,8.94806610345893,10.1244687676857,19093,0,1,0,0
2002,Never treated,5.14749447681345,8.93853164868069,10.1686172205174,19093,0,1,0,0
2003,Never treated,5.12396397940326,8.92611897115338,10.1966048274778,19093,0,1,0,0
2004,Never treated,5.07517381523383,8.91099049465672,10.2365611632225,19093,0,1,0,0
2005,Never treated,5.13579843705026,8.87849740373863,10.2711469459084,19093,0,1,0,0
2006,Never treated,5.03695260241363,8.85209276347713,10.29630636561,19093,0,1,0,0
2007,Never treated,5.15905529921453,8.85080419575642,10.385327110016,19093,0,1,0,0
2001,Never treated,6.47389069635227,9.66997795897274,10.2581504737139,19095,0,1,0,0
2002,Never treated,6.30627528694802,9.66959897968574,10.2837374115032,19095,0,1,0,0
2003,Never treated,6.18208490671663,9.6782793713397,10.3117819876545,19095,0,1,0,0
2004,Never treated,6.0282785202307,9.67903063913939,10.3331573493411,19095,0,1,0,0
2005,Never treated,6.08677472691231,9.67664968563365,10.3412584953962,19095,0,1,0,0
2006,Never treated,6.04737217904628,9.67765288341043,10.3660258856706,19095,0,1,0,0
2007,Never treated,6.14846829591765,9.66738540005753,10.3821411625958,19095,0,1,0,0
2001,Never treated,6.18826412308259,9.92034466960255,9.9206887598559,19097,0,1,0,0
2002,Never treated,6.17586727010576,9.91610758389223,9.95022799841994,19097,0,1,0,0
2003,Never treated,6.13339804299665,9.91546552929553,9.99016970867185,19097,0,1,0,0
2004,Never treated,5.98645200528444,9.91615695563679,10.0156101536731,19097,0,1,0,0
2005,Never treated,5.97380961186926,9.90703126615949,10.0572810257155,19097,0,1,0,0
2006,Never treated,5.95842469302978,9.90638335564815,10.0586520040375,19097,0,1,0,0
2007,Never treated,5.92692602597041,9.89877647280601,10.1173077763895,19097,0,1,0,0
2001,Never treated,6.63200177739563,10.530895491382,10.3550725962578,19099,0,1,0,0
2002,Never treated,6.60934924316738,10.5349188911154,10.3595824015956,19099,0,1,0,0
2003,Never treated,6.44730586254121,10.5381047909057,10.3920675673548,19099,0,1,0,0
2004,Never treated,6.36475075685191,10.5373092670113,10.413973118489,19099,0,1,0,0
2005,Never treated,6.31354804627709,10.5203204827457,10.4157121972158,19099,0,1,0,0
2006,Never treated,6.35088571671474,10.5136878122751,10.530067488824,19099,0,1,0,0
2007,Never treated,6.3261494731551,10.5069014733239,10.4572289772789,19099,0,1,0,0
2001,Never treated,5.95324333428778,9.68713340099796,10.2184807574802,19101,0,1,0,0
2002,Never treated,5.73334127689775,9.67802882326448,10.2244835040178,19101,0,1,0,0
2003,Never treated,5.7268477475872,9.67990640549087,10.2414230038507,19101,0,1,0,0
2004,Never treated,5.71042701737487,9.68165564064671,10.28233486274,19101,0,1,0,0
2005,Never treated,5.65948221575962,9.65393585544561,10.3198266571962,19101,0,1,0,0
2006,Never treated,5.6937321388027,9.64865981695529,10.3359839996953,19101,0,1,0,0
2007,Never treated,5.86929691313377,9.65065769085156,10.3555817612383,19101,0,1,0,0
2001,Never treated,7.82564473221999,11.6337438891701,10.3629040857368,19103,0,1,0,0
2002,Never treated,7.74673290775362,11.6422417364403,10.3910547847249,19103,0,1,0,0
2003,Never treated,7.58120982619635,11.6515215105605,10.4175678740226,19103,0,1,0,0
2004,Never treated,7.57044325205737,11.6632918505226,10.4549847595112,19103,0,1,0,0
2005,Never treated,7.53422832627409,11.7075460773512,10.4830180063091,19103,0,1,0,0
2006,Never treated,7.58984151218266,11.7209635002688,10.5179702419124,19103,0,1,0,0
2007,Never treated,7.67693714581808,11.7403478490093,10.5620432883265,19103,0,1,0,0
2001,Never treated,5.86929691313377,9.91328935750839,10.0207371125864,19105,0,1,0,0
2002,Never treated,5.68017260901707,9.91748907217194,10.0603630879986,19105,0,1,0,0
2003,Never treated,5.72031177660741,9.92230930677672,10.1137079585598,19105,0,1,0,0
2004,Never treated,5.65599181081985,9.93081084818502,10.1480794350562,19105,0,1,0,0
2005,Never treated,5.63835466933375,9.91980371702106,10.1740107498971,19105,0,1,0,0
2006,Never treated,5.67675380226828,9.91990209380422,10.2022950077713,19105,0,1,0,0
2007,Never treated,5.73009978297357,9.92343722784375,10.2459773614828,19105,0,1,0,0
2001,Never treated,4.63472898822964,9.33996413976969,10.0571524000803,19107,0,1,0,0
2002,Never treated,4.68213122712422,9.34285875167633,10.1069996619011,19107,0,1,0,0
2003,Never treated,4.70048036579242,9.33714921883988,10.0886384363402,19107,0,1,0,0
2004,Never treated,4.64439089914137,9.32687818822413,10.0704839432273,19107,0,1,0,0
2005,Never treated,4.45434729625351,9.29761838008324,10.0880565818706,19107,0,1,0,0
2006,Never treated,4.49980967033027,9.28489110324048,10.1001228439695,19107,0,1,0,0
2007,Never treated,4.47733681447821,9.28023949935585,10.1590982939878,19107,0,1,0,0
2001,Never treated,6.03787091992214,9.73020502039284,10.0365750966745,19109,0,1,0,0
2002,Never treated,5.87493073085203,9.71739890917293,10.0865171919138,19109,0,1,0,0
2003,Never treated,5.86929691313377,9.70820232935031,10.127990179888,19109,0,1,0,0
2004,Never treated,5.87773578177964,9.70186084468417,10.1742396177651,19109,0,1,0,0
2005,Never treated,5.83773044716594,9.67790352568256,10.190094046761,19109,0,1,0,0
2006,Never treated,5.85507192220243,9.66205273124967,10.2382440323738,19109,0,1,0,0
2007,Never treated,5.79909265446053,9.6457525564523,10.2895999321285,19109,0,1,0,0
2001,Never treated,6.67076632084587,10.5322295364037,10.2197935243245,19111,0,1,0,0
2002,Never treated,6.57786135772105,10.5187812938912,10.2334745194683,19111,0,1,0,0
2003,Never treated,6.40687998606931,10.5114035887334,10.2892940229811,19111,0,1,0,0
2004,Never treated,6.32076829425058,10.511757440963,10.3257770010346,19111,0,1,0,0
2005,Never treated,6.39359075395063,10.4954598897216,10.3556135754433,19111,0,1,0,0
2006,Never treated,6.43615036836943,10.4878517006369,10.3455738440999,19111,0,1,0,0
2007,Never treated,6.43294009273918,10.4863454242015,10.381893285046,19111,0,1,0,0
2001,Never treated,8.64523454129712,12.1749946899593,10.4530241441727,19113,0,1,0,0
2002,Never treated,8.48838210956212,12.1818875291418,10.4553591457381,19113,0,1,0,0
2003,Never treated,8.30992298925832,12.185900549989,10.4913575472996,19113,0,1,0,0
2004,Never treated,8.28702502516506,12.1909843881087,10.5345465407827,19113,0,1,0,0
2005,Never treated,8.25400859056484,12.2077612190871,10.5722395762614,19113,0,1,0,0
2006,Never treated,8.28526113406895,12.2184359045136,10.5999542175064,19113,0,1,0,0
2007,Never treated,8.36985260351753,12.2321447939282,10.652329576439,19113,0,1,0,0
2001,Never treated,5.31320597904179,9.41033811378308,10.0802101309296,19115,0,1,0,0
2002,Never treated,5.26269018890489,9.41099288545486,10.102379394048,19115,0,1,0,0
2003,Never treated,5.08140436498446,9.41377089198037,10.1290681318838,19115,0,1,0,0
2004,Never treated,5.08759633523238,9.39607277189222,10.155101935826,19115,0,1,0,0
2005,Never treated,5.0998664278242,9.37577006109992,10.2227046285964,19115,0,1,0,0
2006,Never treated,4.98360662170834,9.3729692954244,10.2116337981203,19115,0,1,0,0
2007,Never treated,4.97673374242057,9.37313926228127,10.3557408221431,19115,0,1,0,0
2001,Never treated,5.8636311755981,9.1535583578772,10.1208946819984,19117,0,1,0,0
2002,Never treated,5.81413053182507,9.15472194821317,10.1611871079919,19117,0,1,0,0
2003,Never treated,5.86929691313377,9.16178018136081,10.1686555751056,19117,0,1,0,0
2004,Never treated,5.79605775076537,9.17585244151751,10.181308665141,19117,0,1,0,0
2005,Never treated,5.74620319054015,9.16931002241819,10.24277724497,19117,0,1,0,0
2006,Never treated,5.66642668811243,9.15482766204592,10.2560088821499,19117,0,1,0,0
2007,Never treated,5.62762111369064,9.15451048701551,10.3198926006826,19117,0,1,0,0
2001,Never treated,5.71042701737487,9.36469103180611,9.92529796679998,19119,0,1,0,0
2002,Never treated,5.59842195899838,9.36734412078585,9.96048206405594,19119,0,1,0,0
2003,Never treated,5.48479693349065,9.36947859331448,10.0067208071778,19119,0,1,0,0
2004,Never treated,5.4510384535657,9.37160851957231,10.052079956586,19119,0,1,0,0
2005,Never treated,5.39816270151775,9.3482745580655,10.0903819711752,19119,0,1,0,0
2006,Never treated,5.48893772615669,9.33838172185707,10.1607233040181,19119,0,1,0,0
2007,Never treated,5.47227067367148,9.32616593748177,10.2154475174474,19119,0,1,0,0
2001,Never treated,5.50125821054473,9.56064506890707,10.0263244624952,19121,0,1,0,0
2002,Never treated,5.53733426701854,9.57685672994577,10.0777769376328,19121,0,1,0,0
2003,Never treated,5.51745289646471,9.58905074277553,10.1016824584864,19121,0,1,0,0
2004,Never treated,5.40717177146012,9.60945200611217,10.1303043492166,19121,0,1,0,0
2005,Never treated,5.27811465923052,9.60804208946651,10.1660825596113,19121,0,1,0,0
2006,Never treated,5.25227342804663,9.62865589206317,10.1886289000782,19121,0,1,0,0
2007,Never treated,5.26269018890489,9.63841462294521,10.26336237141,19121,0,1,0,0
2001,Never treated,6.20859002609663,10.016012343378,10.0878486946279,19123,0,1,0,0
2002,Never treated,6.0330862217988,10.0149394778303,10.1285093388621,19123,0,1,0,0
2003,Never treated,5.89989735358249,10.0038757265674,10.1787300735943,19123,0,1,0,0
2004,Never treated,5.8406416573734,10.0038305012322,10.2258246427367,19123,0,1,0,0
2005,Never treated,5.73657229747919,10.0104118448576,10.2731873041975,19123,0,1,0,0
2006,Never treated,5.80211837537706,10.0057282064827,10.2992389684567,19123,0,1,0,0
2007,Never treated,5.77455154554441,10.0029708310211,10.3546587087338,19123,0,1,0,0
2001,Never treated,6.83840520084734,10.3917300871019,10.2774963926861,19125,0,1,0,0
2002,Never treated,6.71417052990947,10.3915152676261,10.2984308331847,19125,0,1,0,0
2003,Never treated,6.70318811324086,10.3907476782794,10.3282976669081,19125,0,1,0,0
2004,Never treated,6.62140565176413,10.394855089645,10.3953444012545,19125,0,1,0,0
2005,Never treated,6.56103066589657,10.3840292111935,10.4257574401864,19125,0,1,0,0
2006,Never treated,6.55961523749324,10.3959862596092,10.4428423224161,19125,0,1,0,0
2007,Never treated,6.5792512120101,10.3937226386861,10.5063270200645,19125,0,1,0,0
2001,Never treated,6.94215670569947,10.5798445637886,10.2288988417979,19127,0,1,0,0
2002,Never treated,6.83195356556585,10.5773244845616,10.2482113653551,19127,0,1,0,0
2003,Never treated,6.69703424766648,10.577681245179,10.2868092959586,19127,0,1,0,0
2004,Never treated,6.64639051484773,10.5825611633647,10.3270217601052,19127,0,1,0,0
2005,Never treated,6.6052979209482,10.5747980384869,10.3497426546525,19127,0,1,0,0
2006,Never treated,6.5694814204143,10.5696231838492,10.3701418289567,19127,0,1,0,0
2007,Never treated,6.61873898351722,10.5732381552897,10.4128921671467,19127,0,1,0,0
2001,Never treated,5.51745289646471,9.58809164151683,10.105775121971,19129,0,1,0,0
2002,Never treated,5.34233425196481,9.59784515470735,10.1739726001594,19129,0,1,0,0
2003,Never treated,5.30826769740121,9.60777330838708,10.2041845620654,19129,0,1,0,0
2004,Never treated,5.24174701505964,9.61547209118311,10.2246285787316,19129,0,1,0,0
2005,Never treated,5.50533153593236,9.60743723041383,10.2720465999483,19129,0,1,0,0
2006,Never treated,5.45958551414416,9.62357521734871,10.2995418508901,19129,0,1,0,0
2007,Never treated,5.4971682252932,9.62555777152703,10.3402252039484,19129,0,1,0,0
2001,Never treated,5.22035582507832,9.28266103355581,10.0424665798176,19131,0,1,0,0
2002,Never treated,5.27811465923052,9.29348595306285,10.0888046183099,19131,0,1,0,0
2003,Never treated,5.26785815906333,9.29357797054624,10.1079374614031,19131,0,1,0,0
2004,Never treated,5.18738580584075,9.30036387462377,10.1572379004432,19131,0,1,0,0
2005,Never treated,5.27811465923052,9.28702359674714,10.1899438740621,19131,0,1,0,0
2006,Never treated,5.25749537202778,9.28554060453912,10.2523823091559,19131,0,1,0,0
2007,Never treated,5.31811999384422,9.28600427589717,10.3242024558512,19131,0,1,0,0
2001,Never treated,5.62401750618734,9.19664704484418,9.93343462890408,19133,0,1,0,0
2002,Never treated,5.43372200355424,9.18635500922567,9.96218089887535,19133,0,1,0,0
2003,Never treated,5.20948615284142,9.19095365817599,9.97483099260426,19133,0,1,0,0
2004,Never treated,5.18178355029209,9.17512761622044,10.0075772610605,19133,0,1,0,0
2005,Never treated,5.00394630594546,9.14388000527591,10.0794975667163,19133,0,1,0,0
2006,Never treated,4.98360662170834,9.1248914101437,10.118235963062,19133,0,1,0,0
2007,Never treated,4.84418708645859,9.11855397634547,10.1510895426827,19133,0,1,0,0
2001,Never treated,5.05624580534831,8.97802993283716,10.2706275463226,19135,0,1,0,0
2002,Never treated,4.91265488573605,8.96251983294953,10.2732218506885,19135,0,1,0,0
2003,Never treated,4.82028156560504,8.96916013317582,10.3338078616425,19135,0,1,0,0
2004,Never treated,4.71849887129509,8.9680140012452,10.1662748044549,19135,0,1,0,0
2005,Never treated,4.68213122712422,8.95260537589235,10.1656210211415,19135,0,1,0,0
2006,Never treated,4.56434819146784,8.94167630536016,10.2828824329111,19135,0,1,0,0
2007,Never treated,4.67282883446191,8.93181623730917,10.4920516929036,19135,0,1,0,0
2001,Never treated,5.66642668811243,9.35305447417536,10.0212261427604,19137,0,1,0,0
2002,Never treated,5.35185813347607,9.33829373628664,10.0663714154376,19137,0,1,0,0
2003,Never treated,5.37527840768417,9.33600338997184,10.0857674417953,19137,0,1,0,0
2004,Never treated,5.44673737166631,9.33344256911017,10.1611484658759,19137,0,1,0,0
2005,Never treated,5.37989735354046,9.32286516281803,10.1867096942658,19137,0,1,0,0
2006,Never treated,5.4510384535657,9.3180281773931,10.2332588162751,19137,0,1,0,0
2007,Never treated,5.4553211153577,9.30008966411979,10.2674359804414,19137,0,1,0,0
2001,Never treated,6.89162589705225,10.6439953044559,10.3672844598723,19139,0,1,0,0
2002,Never treated,6.75576892198425,10.6473278474116,10.4087074937813,19139,0,1,0,0
2003,Never treated,6.72262979485545,10.6486814935568,10.4423465438148,19139,0,1,0,0
2004,Never treated,6.66568371778241,10.6539125842475,10.4888546259195,19139,0,1,0,0
2005,Never treated,6.5875500148248,10.646115135187,10.5201045991061,19139,0,1,0,0
2006,Never treated,6.73578001424233,10.6499385051184,10.5433130671637,19139,0,1,0,0
2007,Never treated,6.7900972355139,10.6562235245077,10.6022936909478,19139,0,1,0,0
2001,Never treated,6.24027584517077,9.61032381651511,9.9327550502167,19141,0,1,0,0
2002,Never treated,6.16331480403464,9.59954058761831,9.96246375763643,19141,0,1,0,0
2003,Never treated,6.08904487544685,9.59396878547517,9.98044859367226,19141,0,1,0,0
2004,Never treated,6.00141487796115,9.57692604202343,10.031528902417,19141,0,1,0,0
2005,Never treated,6.0330862217988,9.56584463093058,10.063009495553,19141,0,1,0,0
2006,Never treated,6.05208916892442,9.55986984775404,10.1137484780193,19141,0,1,0,0
2007,Never treated,5.88610403145016,9.5493807367031,10.1644662421534,19141,0,1,0,0
2001,Never treated,4.92725368515721,8.846209127361,9.99888863729938,19143,0,1,0,0
2002,Never treated,4.93447393313069,8.83127373772255,10.0230024210373,19143,0,1,0,0
2003,Never treated,4.8283137373023,8.82511897034506,10.0640746171841,19143,0,1,0,0
2004,Never treated,4.76217393479776,8.82202732268558,10.1233457128588,19143,0,1,0,0
2005,Never treated,4.82028156560504,8.80026465131034,10.1577420988754,19143,0,1,0,0
2006,Never treated,4.77912349311153,8.79194198845612,10.1843338139786,19143,0,1,0,0
2007,Never treated,4.75359019110636,8.77090474429687,10.215850042382,19143,0,1,0,0
2001,Never treated,6.06378520868761,9.73477299914839,10.0586520040375,19145,0,1,0,0
2002,Never treated,5.90536184805457,9.71166096572787,10.0804196120456,19145,0,1,0,0
2003,Never treated,5.86078622346587,9.70290018693528,10.1043036919662,19145,0,1,0,0
2004,Never treated,5.92157841964382,9.69498627795879,10.1897185727206,19145,0,1,0,0
2005,Never treated,5.95842469302978,9.68153079670148,10.1996584923838,19145,0,1,0,0
2006,Never treated,5.99645208861902,9.6832148763136,10.2193925839316,19145,0,1,0,0
2007,Never treated,6.01126717440416,9.67489166421018,10.2774619935529,19145,0,1,0,0
2001,Never treated,5.54126354515843,9.21483027724904,9.96354730896379,19147,0,1,0,0
2002,Never treated,5.41610040220442,9.19948162864131,10.0101422304047,19147,0,1,0,0
2003,Never treated,5.4553211153577,9.18409906077096,10.0356555161135,19147,0,1,0,0
2004,Never treated,5.32300997913841,9.18502256399189,10.0885137817372,19147,0,1,0,0
2005,Never treated,5.33271879326537,9.1689974084418,10.1367794349022,19147,0,1,0,0
2006,Never treated,5.32300997913841,9.15429898109256,10.1515188193581,19147,0,1,0,0
2007,Never treated,5.41610040220442,9.15059036757041,10.1839939412388,19147,0,1,0,0
2001,Never treated,6.58340922215876,10.1210958123517,10.1926809823118,19149,0,1,0,0
2002,Never treated,6.47850964220857,10.113302673639,10.2740851253152,19149,0,1,0,0
2003,Never treated,6.49072353450251,10.1171866450223,10.2783559866668,19149,0,1,0,0
2004,Never treated,6.37331978957701,10.1251900660539,10.3349452409185,19149,0,1,0,0
2005,Never treated,6.34738920965601,10.1102577897324,10.3868391993014,19149,0,1,0,0
2006,Never treated,6.40191719672719,10.1058159641364,10.4055650225444,19149,0,1,0,0
2007,Never treated,6.361302477573,10.0983550784986,10.4402732779717,19149,0,1,0,0
2001,Never treated,5.26785815906333,9.04970202601337,9.96458265189594,19151,0,1,0,0
2002,Never treated,5.25749537202778,9.03503415007613,10.0076223172681,19151,0,1,0,0
2003,Never treated,5.06890420222023,9.01954299670119,10.0579239058405,19151,0,1,0,0
2004,Never treated,5.01727983681492,8.9967757954423,10.0600211053509,19151,0,1,0,0
2005,Never treated,4.969813299576,8.96380024285558,10.1049579281688,19151,0,1,0,0
2006,Never treated,5.03043792139244,8.9470256559727,10.1469042086899,19151,0,1,0,0
2007,Never treated,5.04985600724954,8.93774393694244,10.2014416862585,19151,0,1,0,0
2001,Never treated,9.3439092638976,12.8483711696786,10.4615020591046,19153,0,1,0,0
2002,Never treated,9.29145942326097,12.8602398839492,10.5006193046624,19153,0,1,0,0
2003,Never treated,9.19136140537838,12.8709257986836,10.5437348857352,19153,0,1,0,0
2004,Never treated,9.12565356380899,12.884184865388,10.5875183044498,19153,0,1,0,0
2005,Never treated,9.12956406194889,12.9079069832376,10.6214005137413,19153,0,1,0,0
2006,Never treated,9.14729407025855,12.9241294882943,10.6593982423317,19153,0,1,0,0
2007,Never treated,9.1557785839835,12.9391037807886,10.691785809335,19153,0,1,0,0
2001,Never treated,7.61775957660851,11.3826800960227,10.1570827113062,19155,0,1,0,0
2002,Never treated,7.56268124672188,11.3870220480811,10.184560331648,19155,0,1,0,0
2003,Never treated,7.42177579364465,11.3905996263919,10.2187726324139,19155,0,1,0,0
2004,Never treated,7.37148929521428,11.3987260006452,10.2682348273657,19155,0,1,0,0
2005,Never treated,7.36581283720947,11.3970655788757,10.3173836861221,19155,0,1,0,0
2006,Never treated,7.40731771046942,11.3995775794789,10.4164309322731,19155,0,1,0,0
2007,Never treated,7.41034709782102,11.4027980501247,10.3871783338948,19155,0,1,0,0
2001,Never treated,6.49072353450251,9.84691720104773,10.2042585895296,19157,0,1,0,0
2002,Never treated,6.38350663488401,9.84479855618745,10.2208861817758,19157,0,1,0,0
2003,Never treated,6.3456363608286,9.85077219486413,10.2982960804558,19157,0,1,0,0
2004,Never treated,6.09582456243222,9.85214162518454,10.353352247941,19157,0,1,0,0
2005,Never treated,6.06378520868761,9.83424464979397,10.3762062426661,19157,0,1,0,0
2006,Never treated,6.1463292576689,9.83467323653577,10.4189723056828,19157,0,1,0,0
2007,Never treated,6.15485809401642,9.83424464979397,10.4275057700881,19157,0,1,0,0
2001,Never treated,4.80402104473326,8.59877317840866,9.9713330994312,19159,0,1,0,0
2002,Never treated,4.66343909411207,8.58260632996447,9.9150207883498,19159,0,1,0,0
2003,Never treated,4.64439089914137,8.58429093494873,9.96955615250583,19159,0,1,0,0
2004,Never treated,4.53259949315326,8.5855992240803,10.0229136820187,19159,0,1,0,0
2005,Never treated,4.33073334028633,8.55602921520144,10.0837236028391,19159,0,1,0,0
2006,Never treated,4.27666611901606,8.54519738782584,10.1869356744558,19159,0,1,0,0
2007,Never treated,4.36944785246702,8.52931937121408,10.1538181636943,19159,0,1,0,0
2001,Never treated,5.64897423816121,9.38848655735966,10.2111928161934,19081,0,1,0,0
2002,Never treated,5.45958551414416,9.3789010135201,10.2894639840604,19081,0,1,0,0
2003,Never treated,5.59471137960184,9.38235903577424,10.2859910490069,19081,0,1,0,0
2004,Never treated,5.44241771052179,9.37543099184177,10.3478848706461,19081,0,1,0,0
2005,Never treated,5.4380793089232,9.3615151997733,10.3181766551718,19081,0,1,0,0
2006,Never treated,5.31320597904179,9.35409433562088,10.4037172370887,19081,0,1,0,0
2007,Never treated,5.23110861685459,9.33344256911017,10.4432795700947,19081,0,1,0,0
2001,Never treated,8.37008432637803,11.9749662245527,10.3033369218587,19163,0,1,0,0
2002,Never treated,8.28702502516506,11.9770870627323,10.3212434847285,19163,0,1,0,0
2003,Never treated,8.23137604557397,11.9794982154765,10.3437082919346,19163,0,1,0,0
2004,Never treated,8.15450017515194,11.983710039199,10.3809011599569,19163,0,1,0,0
2005,Never treated,8.14148104145742,11.9842906668551,10.4125015362729,19163,0,1,0,0
2006,Never treated,8.20220843643645,11.9921118037906,10.4450848349689,19163,0,1,0,0
2007,Never treated,8.22790983759748,11.9974420203849,10.4829899978505,19163,0,1,0,0
2001,Never treated,5.94017125272043,9.47439551379681,9.95887495461569,19165,0,1,0,0
2002,Never treated,5.89989735358249,9.46086560003161,10.0101871711952,19165,0,1,0,0
2003,Never treated,5.82894561761021,9.45712232185579,10.0331991590578,19165,0,1,0,0
2004,Never treated,5.65599181081985,9.45493225449626,10.0799167836252,19165,0,1,0,0
2005,Never treated,5.63121178182137,9.42794863179171,10.1185989321531,19165,0,1,0,0
2006,Never treated,5.73657229747919,9.41776096282516,10.1505819780061,19165,0,1,0,0
2007,Never treated,5.75574221358691,9.4164598322846,10.1920442423986,19165,0,1,0,0
2001,Never treated,6.99025650049388,10.3699536822017,10.0494476379797,19167,0,1,0,0
2002,Never treated,6.93925394604151,10.3744594628464,10.0920396590807,19167,0,1,0,0
2003,Never treated,6.88448665204278,10.374709189709,10.1335669948515,19167,0,1,0,0
2004,Never treated,6.86171134048073,10.3776699386033,10.1650437983368,19167,0,1,0,0
2005,Never treated,6.95177216439891,10.3712699667092,10.1983562393023,19167,0,1,0,0
2006,Never treated,6.96979066990159,10.3771718996214,10.2426347796066,19167,0,1,0,0
2007,Never treated,6.90575327631146,10.3740222907185,10.2932974210337,19167,0,1,0,0
2001,Never treated,7.5207764150628,11.2843295766443,10.2908226337718,19169,0,1,0,0
2002,Never treated,7.48099216286952,11.2988531453434,10.3220334001828,19169,0,1,0,0
2003,Never treated,7.33432935030054,11.2930141842367,10.3662462505327,19169,0,1,0,0
2004,Never treated,7.34213173058472,11.292764959946,10.3947939088557,19169,0,1,0,0
2005,Never treated,7.2902928824466,11.3157176556797,10.4308457569365,19169,0,1,0,0
2006,Never treated,7.3178761986265,11.3326617892857,10.4725160445097,19169,0,1,0,0
2007,Never treated,7.35819375273303,11.3531322291568,10.5197806862359,19169,0,1,0,0
2001,Never treated,5.8111409929767,9.79957043911635,10.0464617214872,19171,0,1,0,0
2002,Never treated,5.7037824746562,9.79395166546782,10.0699337601718,19171,0,1,0,0
2003,Never treated,5.52942908751142,9.79138211875182,10.0955944100649,19171,0,1,0,0
2004,Never treated,5.4380793089232,9.79400745191731,10.1310214521516,19171,0,1,0,0
2005,Never treated,5.4510384535657,9.79439786994842,10.1642351262477,19171,0,1,0,0
2006,Never treated,5.35658627467201,9.78852553406645,10.2165449313191,19171,0,1,0,0
2007,Never treated,5.37527840768417,9.77962356531374,10.2502636642956,19171,0,1,0,0
2001,Never treated,4.87519732320115,8.83506493503108,9.88908432222538,19173,0,1,0,0
2002,Never treated,4.58496747867057,8.82951909478078,9.90633349898605,19173,0,1,0,0
2003,Never treated,4.58496747867057,8.81936971001847,9.94841311588912,19173,0,1,0,0
2004,Never treated,4.51085950651685,8.80387476353443,10.0389358567112,19173,0,1,0,0
2005,Never treated,4.43081679884331,8.78706764521805,10.0808803160933,19173,0,1,0,0
2006,Never treated,4.35670882668959,8.78140190768238,10.131260372234,19173,0,1,0,0
2007,Never treated,4.17438726989564,8.76795190976342,10.1602206068439,19173,0,1,0,0
2001,Never treated,5.8171111599632,9.41254625207551,10.0308688218632,19175,0,1,0,0
2002,Never treated,5.6970934865054,9.4054136126953,10.0795394963165,19175,0,1,0,0
2003,Never treated,5.62401750618734,9.3886539073726,10.0915840687728,19175,0,1,0,0
2004,Never treated,5.49306144334055,9.39141114686849,10.1481577343946,19175,0,1,0,0
2005,Never treated,5.33753807970132,9.38932302750462,10.1573542764932,19175,0,1,0,0
2006,Never treated,5.41610040220442,9.39756654810359,10.2090586578236,19175,0,1,0,0
2007,Never treated,5.50125821054473,9.39690292302739,10.2418865032796,19175,0,1,0,0
2001,Never treated,4.69134788222914,8.95454448838672,9.99551963798262,19177,0,1,0,0
2002,Never treated,4.57471097850338,8.96264794774056,10.0317488324801,19177,0,1,0,0
2003,Never treated,4.63472898822964,8.95519002452689,10.0821357039638,19177,0,1,0,0
2004,Never treated,4.49980967033027,8.95402775927046,10.1455313633508,19177,0,1,0,0
2005,Never treated,4.56434819146784,8.94010521312812,10.1531561827897,19177,0,1,0,0
2006,Never treated,4.49980967033027,8.9441588309704,10.2078054786393,19177,0,1,0,0
2007,Never treated,4.52178857704904,8.94585385712759,10.2773931917365,19177,0,1,0,0
2001,Never treated,6.72383244082121,10.4922182161756,10.1505819780061,19179,0,1,0,0
2002,Never treated,6.66185474054531,10.4896339841018,10.1698438382732,19179,0,1,0,0
2003,Never treated,6.59167373200866,10.4877959530619,10.2018869883291,19179,0,1,0,0
2004,Never treated,6.46302945692067,10.4855076225439,10.287490657345,19179,0,1,0,0
2005,Never treated,6.45833828334479,10.4861499999208,10.3198266571962,19179,0,1,0,0
2006,Never treated,6.52502965784346,10.4834100423814,10.3489102817014,19179,0,1,0,0
2007,Never treated,6.5191472879404,10.4728839256599,10.3611338940306,19179,0,1,0,0
2001,Never treated,6.55961523749324,10.6239337022839,10.0792459521884,19181,0,1,0,0
2002,Never treated,6.51174532964473,10.6320983973716,10.1229041674427,19181,0,1,0,0
2003,Never treated,6.41345895716736,10.6492271832152,10.1648898159674,19181,0,1,0,0
2004,Never treated,6.361302477573,10.6548800560363,10.2051095117216,19181,0,1,0,0
2005,Never treated,6.32256523992728,10.6689088819661,10.2248461513473,19181,0,1,0,0
2006,Never treated,6.34212141872115,10.685057613446,10.2536513448592,19181,0,1,0,0
2007,Never treated,6.3578422665081,10.698559352818,10.2888179782239,19181,0,1,0,0
2001,Never treated,6.20859002609663,9.95494083412504,10.0152972275881,19183,0,1,0,0
2002,Never treated,6.17378610390194,9.95930061735534,10.0470249675323,19183,0,1,0,0
2003,Never treated,6.09582456243222,9.96359439326825,10.0969550947403,19183,0,1,0,0
2004,Never treated,5.92692602597041,9.96796357172049,10.1054891800969,19183,0,1,0,0
2005,Never treated,5.88887795833288,9.95570042398306,10.1482360276027,19183,0,1,0,0
2006,Never treated,5.97888576490112,9.95996239946411,10.1595241471524,19183,0,1,0,0
2007,Never treated,6.12468339089421,9.95948974265141,10.1872369019602,19183,0,1,0,0
2001,Never treated,4.43081679884331,8.80432511256254,9.90633349898605,19185,0,1,0,0
2002,Never treated,4.27666611901606,8.8034242116007,9.92235837328638,19185,0,1,0,0
2003,Never treated,4.24849524204936,8.80252249828442,9.95513078568797,19185,0,1,0,0
2004,Never treated,3.93182563272433,8.79497643168877,9.99163578306282,19185,0,1,0,0
2005,Never treated,4.02535169073515,8.76997321185875,10.0159676636201,19185,0,1,0,0
2006,Never treated,4.06044301054642,8.75998249497728,10.0644152166424,19185,0,1,0,0
2007,Never treated,4.4188406077966,8.74560285240295,10.105775121971,19185,0,1,0,0
2001,Never treated,6.90274273715859,10.5996053165409,10.2118174832111,19187,0,1,0,0
2002,Never treated,6.81673588059497,10.592350569157,10.2642690530177,19187,0,1,0,0
2003,Never treated,6.73340189183736,10.5882748867516,10.2868433750562,19187,0,1,0,0
2004,Never treated,6.68336094576627,10.5760748191307,10.3306815361079,19187,0,1,0,0
2005,Never treated,6.64898455002478,10.5614737680025,10.3524271342296,19187,0,1,0,0
2006,Never treated,6.68336094576627,10.5619138803677,10.3864691030721,19187,0,1,0,0
2007,Never treated,6.67329796776765,10.5570619579763,10.414573142508,19187,0,1,0,0
2001,Never treated,5.8348107370626,9.35677565020573,9.9607654036876,19189,0,1,0,0
2002,Never treated,5.74939298590825,9.34399675678886,10.0008864585233,19189,0,1,0,0
2003,Never treated,5.84932477994686,9.34487126493379,10.0208260449534,19189,0,1,0,0
2004,Never treated,5.80814248998044,9.34154405759153,10.1249496910678,19189,0,1,0,0
2005,Never treated,5.73009978297357,9.32500744695431,10.136937806839,19189,0,1,0,0
2006,Never treated,5.64897423816121,9.30665005211359,10.193616628631,19189,0,1,0,0
2007,Never treated,5.59098698051086,9.28470545393149,10.2891240330101,19189,0,1,0,0
2001,Never treated,6.32793678372919,9.9686664935611,10.1074075088826,19191,0,1,0,0
2002,Never treated,6.26530121273771,9.96721324341667,10.1463552966981,19191,0,1,0,0
2003,Never treated,6.16541785423142,9.96274653641105,10.1820658107384,19191,0,1,0,0
2004,Never treated,6.10702288774225,9.96104866306066,10.2121113091947,19191,0,1,0,0
2005,Never treated,5.98645200528444,9.94788713983281,10.2439518104269,19191,0,1,0,0
2006,Never treated,5.96100533962327,9.94496533198244,10.2874225420939,19191,0,1,0,0
2007,Never treated,5.93489419561959,9.9438614466744,10.3082190582905,19191,0,1,0,0
2001,Never treated,7.95331834656043,11.5475297696572,10.2022579219733,19193,0,1,0,0
2002,Never treated,7.87359778968554,11.5465923224407,10.2327193546447,19193,0,1,0,0
2003,Never treated,7.82524529143177,11.5447341614849,10.2628040046183,19193,0,1,0,0
2004,Never treated,7.79605797431612,11.5444822698744,10.3023643385674,19193,0,1,0,0
2005,Never treated,7.7367436824535,11.5288381834303,10.3158620689452,19193,0,1,0,0
2006,Never treated,7.80832305039106,11.5307260895957,10.3395141962266,19193,0,1,0,0
2007,Never treated,7.83636976054512,11.5266508395887,10.3797527869509,19193,0,1,0,0
2001,Never treated,4.30406509320417,8.96635615479012,10.0064953026104,19195,0,1,0,0
2002,Never treated,4.38202663467388,8.96162256954254,10.0298999148906,19195,0,1,0,0
2003,Never treated,4.11087386417331,8.95195816856926,10.0484100692557,19195,0,1,0,0
2004,Never treated,4.30406509320417,8.95480275285097,10.1293075190537,19195,0,1,0,0
2005,Never treated,4.17438726989564,8.95273476710687,10.1196064889134,19195,0,1,0,0
2006,Never treated,4.21950770517611,8.94285300680992,10.1387572836482,19195,0,1,0,0
2007,Never treated,4.33073334028633,8.93892527198827,10.1999559122685,19195,0,1,0,0
2001,Never treated,5.8664680569333,9.55754057195237,10.1196064889134,19197,0,1,0,0
2002,Never treated,5.90536184805457,9.54409463253035,10.1227435571231,19197,0,1,0,0
2003,Never treated,5.6970934865054,9.53293098891615,10.1703800107804,19197,0,1,0,0
2004,Never treated,5.72358510195238,9.52456699965008,10.202332092194,19197,0,1,0,0
2005,Never treated,5.71042701737487,9.50293535628861,10.2375282639659,19197,0,1,0,0
2006,Never treated,5.67332326717149,9.48379673716398,10.2582556796546,19197,0,1,0,0
2007,Never treated,5.59098698051086,9.47570014542347,10.323611361653,19197,0,1,0,0
2001,Never treated,6.92951677076365,10.644686529501,10.2522059267584,19057,0,1,0,0
2002,Never treated,6.7945865808765,10.6323879028019,10.2685125376463,19057,0,1,0,0
2003,Never treated,6.70073110954781,10.627236680393,10.274119640804,19057,0,1,0,0
2004,Never treated,6.67708346124714,10.6174172722786,10.3115160390475,19057,0,1,0,0
2005,Never treated,6.62804137617953,10.6131968213951,10.327414520232,19057,0,1,0,0
2006,Never treated,6.7428806357919,10.6080443946476,10.3816763417758,19057,0,1,0,0
2007,Never treated,6.72982407048948,10.6123604335576,10.4043840452242,19057,0,1,0,0
2001,Never treated,5.64190707093811,9.33855766977694,9.95655427347282,19161,0,1,0,0
2002,Never treated,5.5683445037611,9.31136148603491,9.96420628757083,19161,0,1,0,0
2003,Never treated,5.57215403217776,9.29532469588118,10.0028350260368,19161,0,1,0,0
2004,Never treated,5.41610040220442,9.28739400141847,10.0684933871204,19161,0,1,0,0
2005,Never treated,5.32787616878958,9.26416545867109,10.0840575762913,19161,0,1,0,0
2006,Never treated,5.31811999384422,9.2617936535651,10.1423075832353,19161,0,1,0,0
2007,Never treated,5.25227342804663,9.2393164802127,10.195858614474,19161,0,1,0,0
2001,Never treated,5.92958914338989,9.72984819612501,10.086600462794,20005,0,1,0,0
2002,Never treated,5.83773044716594,9.72651168206693,10.1044672911486,20005,0,1,0,0
2003,Never treated,5.74300318780948,9.72877695874351,10.1285093388621,20005,0,1,0,0
2004,Never treated,5.75574221358691,9.73269923155585,10.1551796872548,20005,0,1,0,0
2005,Never treated,5.67675380226828,9.71757957220675,10.1794512320337,20005,0,1,0,0
2006,Never treated,5.65599181081985,9.71800099239902,10.2484238675695,20005,0,1,0,0
2007,Never treated,5.72358510195238,9.70789836874127,10.2662886929548,20005,0,1,0,0
2001,Never treated,4.64439089914137,8.54869185847561,9.96754158132623,20007,0,1,0,0
2002,Never treated,4.58496747867057,8.53483662658883,9.98723109596899,20007,0,1,0,0
2003,Never treated,4.63472898822964,8.52694548285892,9.99117786566312,20007,0,1,0,0
2004,Never treated,4.45434729625351,8.51479030679993,10.0564232088068,20007,0,1,0,0
2005,Never treated,4.55387689160054,8.48425669116997,10.1129377767183,20007,0,1,0,0
2006,Never treated,4.51085950651685,8.48549610467298,10.1540906167465,20007,0,1,0,0
2007,Never treated,4.49980967033027,8.45871626165726,10.2034069426524,20007,0,1,0,0
2001,Never treated,5.52146091786225,9.56078595366357,10.0060441408612,20001,0,1,0,0
2002,Never treated,5.59098698051086,9.5542846234361,10.0183329442052,20001,0,1,0,0
2003,Never treated,5.42053499927229,9.54301971035869,10.0476311856162,20001,0,1,0,0
2004,Never treated,5.46383180502561,9.5409382454048,10.0698914258577,20001,0,1,0,0
2005,Never treated,5.59842195899838,9.52105514353854,10.1101764657784,20001,0,1,0,0
2006,Never treated,5.50533153593236,9.51273862826364,10.1667360413466,20001,0,1,0,0
2007,Never treated,5.52146091786225,9.50353223760156,10.1889672014327,20001,0,1,0,0
2001,Never treated,5.06890420222023,9.01262087300213,9.84855606900991,20003,0,1,0,0
2002,Never treated,4.89783979995091,9.00736702745136,9.88170196046421,20003,0,1,0,0
2003,Never treated,4.87519732320115,9.01408214944336,9.91135651091482,20003,0,1,0,0
2004,Never treated,4.70953020131233,9.00822418785405,9.92866785106643,20003,0,1,0,0
2005,Never treated,4.72738781871234,8.98256109225744,10.0331991590578,20003,0,1,0,0
2006,Never treated,4.70953020131233,8.97322466309509,10.0562086395538,20003,0,1,0,0
2007,Never treated,4.89034912822175,8.96928740011841,10.0841827875855,20003,0,1,0,0
2001,Never treated,5.69035945432406,9.27228177351637,9.98580459502534,20013,0,1,0,0
2002,Never treated,5.60947179518496,9.25894004181225,10.0428146177572,20013,0,1,0,0
2003,Never treated,5.42934562895444,9.25416585151621,10.0531137264919,20013,0,1,0,0
2004,Never treated,5.45958551414416,9.24454854330592,10.0976141547798,20013,0,1,0,0
2005,Never treated,5.50125821054473,9.22078562983772,10.1494878859933,20013,0,1,0,0
2006,Never treated,5.31811999384422,9.220488703028,10.1566169993406,20013,0,1,0,0
2007,Never treated,5.28320372873799,9.21253795551967,10.2416369533594,20013,0,1,0,0
2001,Never treated,6.88346258641309,11.0016664139549,10.0914183480946,20015,0,1,0,0
2002,Never treated,6.77764659363512,11.010415172808,10.104385494903,20015,0,1,0,0
2003,Never treated,6.77992190747225,11.0201525723117,10.1036899565488,20015,0,1,0,0
2004,Never treated,6.67834211465433,11.0299419604323,10.1386387229746,20015,0,1,0,0
2005,Never treated,6.64898455002478,11.0294555712141,10.1790717397898,20015,0,1,0,0
2006,Never treated,6.65027904858742,11.0409358649894,10.2333307225094,20015,0,1,0,0
2007,Never treated,6.77078942390898,11.0490947440623,10.2842842144286,20015,0,1,0,0
2001,Never treated,6.42324696353352,10.2322875757088,10.0775248897424,20009,0,1,0,0
2002,Never treated,6.3297209055227,10.2273086716038,10.0828046003098,20009,0,1,0,0
2003,Never treated,6.13122648948314,10.2231768836229,10.1213773269018,20009,0,1,0,0
2004,Never treated,6.04737217904628,10.2401026360971,10.1655825499853,20009,0,1,0,0
2005,Never treated,6.08904487544685,10.236417809461,10.2162158335924,20009,0,1,0,0
2006,Never treated,5.96100533962327,10.2316755695696,10.2794895204937,20009,0,1,0,0
2007,Never treated,6.06378520868761,10.2289710622147,10.3345879182361,20009,0,1,0,0
2001,Never treated,5.89715386763674,9.64030295168473,9.9755291054011,20011,0,1,0,0
2002,Never treated,5.96357934361845,9.62937960011146,10.032364379457,20011,0,1,0,0
2003,Never treated,5.76832099579377,9.62654757661625,10.0522954134631,20011,0,1,0,0
2004,Never treated,5.42053499927229,9.62125725876259,10.113099969566,20011,0,1,0,0
2005,Never treated,5.2040066870768,9.60683200528524,10.1329312163988,20011,0,1,0,0
2006,Never treated,5.3890717298165,9.60265269350605,10.1127349986582,20011,0,1,0,0
2007,Never treated,5.57215403217776,9.60380037295691,10.1969031568357,20011,0,1,0,0
2001,Never treated,5.69035945432406,10.0114895763374,10.1148823568158,20021,0,1,0,0
2002,Never treated,5.64190707093811,9.99975182250619,10.1159745236618,20021,0,1,0,0
2003,Never treated,5.59098698051086,9.99474407280768,10.1167423711,20021,0,1,0,0
2004,Never treated,5.35658627467201,9.98952762462851,10.1542851806322,20021,0,1,0,0
2005,Never treated,5.54517744447956,9.97166008763918,10.1549464148304,20021,0,1,0,0
2006,Never treated,5.40267738187228,9.96979014179019,10.1889296180446,20021,0,1,0,0
2007,Never treated,5.31811999384422,9.97161338158373,10.2696572780367,20021,0,1,0,0
2001,Never treated,3.8286413964891,8.04012466444838,9.95041884722056,20023,0,1,0,0
2002,Never treated,3.78418963391826,8.02322468471667,9.88893213452693,20023,0,1,0,0
2003,Never treated,3.58351893845611,8.00336305862995,9.86692729722433,20023,0,1,0,0
2004,Never treated,3.80666248977032,7.99564360428727,9.88781538314183,20023,0,1,0,0
2005,Never treated,3.76120011569356,7.95962530509811,9.9671194127809,20023,0,1,0,0
2006,Never treated,3.61091791264422,7.94697135769359,10.0342964926475,20023,0,1,0,0
2007,Never treated,3.55534806148941,7.9218984110238,10.108222704167,20023,0,1,0,0
2001,Never treated,3.80666248977032,8.00736706798333,9.78616690995958,20017,0,1,0,0
2002,Never treated,3.91202300542815,8.02158453345511,9.72746610829065,20017,0,1,0,0
2003,Never treated,4.06044301054642,7.99967857949945,9.81662161951447,20017,0,1,0,0
2004,Never treated,3.80666248977032,8.03333401588006,9.84240970302754,20017,0,1,0,0
2005,Never treated,3.55534806148941,8.00202481821611,9.98030969513741,20017,0,1,0,0
2006,Never treated,3.49650756146648,7.99463231143183,10.0378436050352,20017,0,1,0,0
2007,Never treated,3.80666248977032,7.95472333449791,10.0305166006647,20017,0,1,0,0
2001,Never treated,5.4380793089232,9.07555104562754,9.81137226362832,20027,0,1,0,0
2002,Never treated,5.46806014113513,9.06750872286864,9.8518784188029,20027,0,1,0,0
2003,Never treated,5.14166355650266,9.05590631866912,9.8769895612299,20027,0,1,0,0
2004,Never treated,5.23644196282995,9.05625635659347,9.92211301665929,20027,0,1,0,0
2005,Never treated,5.37063802812766,9.05473863988161,9.9547033439204,20027,0,1,0,0
2006,Never treated,5.39362754635236,9.05788824878451,9.97175349320622,20027,0,1,0,0
2007,Never treated,5.40267738187228,9.06900719585954,10.0223366863745,20027,0,1,0,0
2001,Never treated,5.41164605185504,9.21820933035488,9.81950793874085,20029,0,1,0,0
2002,Never treated,5.42053499927229,9.20643274714516,9.84813339240405,20029,0,1,0,0
2003,Never treated,5.50938833662798,9.19877373560472,9.87580798342939,20029,0,1,0,0
2004,Never treated,5.39362754635236,9.18461222340345,9.92559145144305,20029,0,1,0,0
2005,Never treated,5.16478597392351,9.16910162395959,9.97966124675897,20029,0,1,0,0
2006,Never treated,5.18178355029209,9.15175741454389,10.0027444791335,20029,0,1,0,0
2007,Never treated,5.10594547390058,9.13916655252166,10.0685781724017,20029,0,1,0,0
2001,Never treated,5.50938833662798,9.08613676851688,10.3800011955844,20031,0,1,0,0
2002,Never treated,5.44673737166631,9.08557048502023,10.4540625958194,20031,0,1,0,0
2003,Never treated,5.28826703069454,9.0871552714058,10.5030929886877,20031,0,1,0,0
2004,Never treated,5.19849703126583,9.07566546864958,10.474241084882,20031,0,1,0,0
2005,Never treated,4.94875989037817,9.05040633405986,10.5376805902524,20031,0,1,0,0
2006,Never treated,5.37527840768417,9.05228206731791,10.531242514329,20031,0,1,0,0
2007,Never treated,5.39362754635236,9.03860260872187,10.5552917695617,20031,0,1,0,0
2001,Never treated,3.66356164612965,7.59337419312129,9.66516690962207,20033,0,1,0,0
2002,Never treated,3.49650756146648,7.57967882309046,9.71601274050137,20033,0,1,0,0
2003,Never treated,3.63758615972639,7.5569505720129,9.76416801228672,20033,0,1,0,0
2004,Never treated,3.3322045101752,7.55590509361135,9.82173505066387,20033,0,1,0,0
2005,Never treated,3.3322045101752,7.56268124672188,9.8234698445501,20033,0,1,0,0
2006,Never treated,3.52636052461616,7.52563997504154,9.87070606301175,20033,0,1,0,0
2007,Never treated,3.58351893845611,7.51534457118044,9.8793485366828,20033,0,1,0,0
2001,Never treated,6.37161184723186,10.4899678089025,10.1614575610024,20035,0,1,0,0
2002,Never treated,6.34035930372775,10.5017744520721,10.1566946330647,20035,0,1,0,0
2003,Never treated,6.30261897574491,10.486038311754,10.189793678808,20035,0,1,0,0
2004,Never treated,6.31535800152233,10.4828219306233,10.2128454966658,20035,0,1,0,0
2005,Never treated,6.22653666928747,10.4489464601965,10.2446274500877,20035,0,1,0,0
2006,Never treated,6.19031540585315,10.4388106479025,10.2909244581249,20035,0,1,0,0
2007,Never treated,6.38350663488401,10.4381957047654,10.3127786654778,20035,0,1,0,0
2001,Never treated,6.62007320653036,10.552290919244,10.050786239557,20037,0,1,0,0
2002,Never treated,6.53813982376767,10.545183531505,10.0653512674277,20037,0,1,0,0
2003,Never treated,6.37672694789863,10.5528918101482,10.0909624745709,20037,0,1,0,0
2004,Never treated,6.32793678372919,10.5497265468946,10.1213773269018,20037,0,1,0,0
2005,Never treated,6.31535800152233,10.5601781960855,10.1326131755279,20037,0,1,0,0
2006,Never treated,6.37842618365159,10.5617067927948,10.2305225409405,20037,0,1,0,0
2007,Never treated,6.42486902390539,10.5647311840831,10.2150814450342,20037,0,1,0,0
2001,Never treated,4.35670882668959,8.1426451859428,9.58720022307401,20039,0,1,0,0
2002,Never treated,4.43081679884331,8.12681372072611,9.70637717826873,20039,0,1,0,0
2003,Never treated,4.15888308335967,8.10530751550515,9.74079213687735,20039,0,1,0,0
2004,Never treated,4.06044301054642,8.08978917578932,9.72322387685162,20039,0,1,0,0
2005,Never treated,4.14313472639153,8.02878116248715,9.82368648233257,20039,0,1,0,0
2006,Never treated,4.33073334028633,8.01367414283268,9.87549951599596,20039,0,1,0,0
2007,Never treated,4.14313472639153,7.99429498641598,10.022247888257,20039,0,1,0,0
2001,Never treated,6.16331480403464,9.8603712614625,9.91827763800876,20041,0,1,0,0
2002,Never treated,6.02586597382531,9.85880394490949,9.95251578360348,20041,0,1,0,0
2003,Never treated,6.00881318544259,9.86396679437384,9.9817902857933,20041,0,1,0,0
2004,Never treated,5.97635090929793,9.85969239253646,10.0163250457995,20041,0,1,0,0
2005,Never treated,6.01126717440416,9.847023015555,10.0498796407512,20041,0,1,0,0
2006,Never treated,5.98393628068719,9.850350454123,10.1009029552776,20041,0,1,0,0
2007,Never treated,5.89440283426485,9.8453816311291,10.1538960149984,20041,0,1,0,0
2001,Never treated,3.98898404656427,9.0177260256968,10.1674274980429,20043,0,1,0,0
2002,Never treated,3.89182029811063,9.00932517273497,10.1285492630062,20043,0,1,0,0
2003,Never treated,3.78418963391826,9.0079793598445,10.1133432095234,20043,0,1,0,0
2004,Never treated,3.71357206670431,8.98594603876032,10.183162654586,20043,0,1,0,0
2005,Never treated,3.63758615972639,8.95260537589235,10.2510410220253,20043,0,1,0,0
2006,Never treated,3.40119738166216,8.95325216460903,10.2836006640414,20043,0,1,0,0
2007,Never treated,3.36729582998647,8.9600825281704,10.3966277062461,20043,0,1,0,0
2001,Never treated,4.30406509320417,8.35796296584568,9.77069874127266,20019,0,1,0,0
2002,Never treated,4.21950770517611,8.34450508359052,9.78566076592269,20019,0,1,0,0
2003,Never treated,3.66356164612965,8.34307787116938,9.7971821461652,20019,0,1,0,0
2004,Never treated,3.91202300542815,8.34069464792507,9.80256163394617,20019,0,1,0,0
2005,Never treated,3.85014760171006,8.29504914043511,9.84219708409302,20019,0,1,0,0
2006,Never treated,3.95124371858143,8.25894046298846,9.91205078319662,20019,0,1,0,0
2007,Never treated,3.73766961828337,8.23615566168312,9.95939518447442,20019,0,1,0,0
2001,Never treated,3.61091791264422,8.12769985281777,9.97683094676034,20047,0,1,0,0
2002,Never treated,3.85014760171006,8.11671562481911,10.0129247472345,20047,0,1,0,0
2003,Never treated,3.66356164612965,8.09498875930377,10.054576406899,20047,0,1,0,0
2004,Never treated,3.80666248977032,8.10409905614358,10.0790362250427,20047,0,1,0,0
2005,Never treated,3.63758615972639,8.08671792030391,10.0877239415349,20047,0,1,0,0
2006,Never treated,2.94443897916644,8.04942705711069,10.1342023693467,20047,0,1,0,0
2007,Never treated,3.8286413964891,8.04076899436758,10.1788819396488,20047,0,1,0,0
2001,Never treated,3.58351893845611,8.06871619271478,9.72966973623339,20049,0,1,0,0
2002,Never treated,3.52636052461616,8.07215530818825,9.77559736123021,20049,0,1,0,0
2003,Never treated,4.02535169073515,8.05547514175727,9.8292488026006,20049,0,1,0,0
2004,Never treated,3.78418963391826,8.04205641005875,9.72949124448816,20049,0,1,0,0
2005,Never treated,3.55534806148941,8.03398273468322,9.80488194878201,20049,0,1,0,0
2006,Never treated,3.40119738166216,8.01697774676226,9.86245720297814,20049,0,1,0,0
2007,Never treated,3.40119738166216,8.00101996132365,9.86136262623546,20049,0,1,0,0
2001,Never treated,6.59578051396131,10.2191738213975,10.062796335021,20051,0,1,0,0
2002,Never treated,6.50428817353665,10.2151546702384,10.0774408596596,20051,0,1,0,0
2003,Never treated,6.57646956904822,10.2118542161807,10.1098511038103,20051,0,1,0,0
2004,Never treated,6.38687931936265,10.2050725301569,10.1503476304677,20051,0,1,0,0
2005,Never treated,6.33859407820318,10.2085796864975,10.1781983607067,20051,0,1,0,0
2006,Never treated,6.3456363608286,10.2151546702384,10.2189914827211,20051,0,1,0,0
2007,Never treated,6.33150184989369,10.2123683361289,10.2904831443606,20051,0,1,0,0
2001,Never treated,4.77068462446567,8.77261030328074,10.0381058542609,20053,0,1,0,0
2002,Never treated,4.64439089914137,8.76233304060234,10.0373626360922,20053,0,1,0,0
2003,Never treated,4.68213122712422,8.76233304060234,10.0673056377655,20053,0,1,0,0
2004,Never treated,4.52178857704904,8.75699718362355,10.1193244753346,20053,0,1,0,0
2005,Never treated,4.34380542185368,8.74257423767064,10.1219401183622,20053,0,1,0,0
2006,Never treated,4.46590811865458,8.74528448245438,10.1703417222765,20053,0,1,0,0
2007,Never treated,4.48863636973214,8.74639833410904,10.2185537342007,20053,0,1,0,0
2001,Never treated,6.81892406527552,10.6017466449822,10.1295069645958,20055,0,1,0,0
2002,Never treated,6.60665018619822,10.5808355811871,10.1428193640469,20055,0,1,0,0
2003,Never treated,6.64639051484773,10.5734940406544,10.1824441686695,20055,0,1,0,0
2004,Never treated,6.5510803350434,10.5756664266599,10.2148251145863,20055,0,1,0,0
2005,Never treated,6.46925031679577,10.5623279269021,10.2197570818398,20055,0,1,0,0
2006,Never treated,6.48004456192665,10.613393516911,10.2835664742539,20055,0,1,0,0
2007,Never treated,6.61740297797448,10.6159960865747,10.3218359798084,20055,0,1,0,0
2001,Never treated,6.53378883793334,10.3869317019609,10.1643892094529,20057,0,1,0,0
2002,Never treated,6.4377516497364,10.3874865382984,10.1706479892671,20057,0,1,0,0
2003,Never treated,6.2803958389602,10.4033533360658,10.1762209481903,20057,0,1,0,0
2004,Never treated,6.21260609575152,10.4179864216684,10.1899063273634,20057,0,1,0,0
2005,Never treated,6.21460809842219,10.4064120444059,10.2231405642301,20057,0,1,0,0
2006,Never treated,6.34738920965601,10.3966887749484,10.2609172116057,20057,0,1,0,0
2007,Never treated,6.22851100359118,10.3935695063642,10.3270872308398,20057,0,1,0,0
2001,Never treated,6.3297209055227,10.1334478171773,10.1119640668069,20059,0,1,0,0
2002,Never treated,6.24416690066374,10.1468650106811,10.1368982162061,20059,0,1,0,0
2003,Never treated,6.1527326947041,10.1590595710697,10.1485882712024,20059,0,1,0,0
2004,Never treated,6.05678401322862,10.1708393585147,10.1739726001594,20059,0,1,0,0
2005,Never treated,5.99645208861902,10.1661210115368,10.217020103578,20059,0,1,0,0
2006,Never treated,5.92157841964382,10.1770960552566,10.2693798855245,20059,0,1,0,0
2007,Never treated,6.0137151560428,10.1759163835251,10.2929587708899,20059,0,1,0,0
2001,Never treated,6.14418563412565,10.2090586578236,10.0428146177572,20061,0,1,0,0
2002,Never treated,6.13339804299665,10.1839561704696,10.1188811503903,20061,0,1,0,0
2003,Never treated,6.01126717440416,10.1692690485346,10.1476878463759,20061,0,1,0,0
2004,Never treated,6.13556489108174,10.1324143486061,10.1839183982737,20061,0,1,0,0
2005,Never treated,6.15485809401642,10.1406523452126,10.2268745496087,20061,0,1,0,0
2006,Never treated,6.14203740558736,10.2754303473935,10.2760506093017,20061,0,1,0,0
2007,Never treated,6.26339826259162,10.2934667031088,10.325186837083,20061,0,1,0,0
2001,Never treated,4.34380542185368,8.0106915391303,9.82590431787775,20063,0,1,0,0
2002,Never treated,4.4188406077966,7.99429498641598,9.82189781549617,20063,0,1,0,0
2003,Never treated,4.26267987704132,7.9672801789422,9.88903359556598,20063,0,1,0,0
2004,Never treated,4.18965474202643,7.94767857130157,9.91289318061022,20063,0,1,0,0
2005,Never treated,4.00733318523247,7.91132401896335,9.93290071310448,20063,0,1,0,0
2006,Never treated,4.04305126783455,7.90322680873073,10.0201143644678,20063,0,1,0,0
2007,Never treated,3.97029191355212,7.86518795418747,10.066838635698,20063,0,1,0,0
2001,Never treated,3.97029191355212,7.9672801789422,9.89651328879879,20065,0,1,0,0
2002,Never treated,3.91202300542815,7.96346006663897,9.89469904650305,20065,0,1,0,0
2003,Never treated,3.66356164612965,7.94129557090653,9.9219657737819,20065,0,1,0,0
2004,Never treated,3.36729582998647,7.91971976092457,9.98414545555358,20065,0,1,0,0
2005,Never treated,3.29583686600433,7.88720858581393,10.0676027073881,20065,0,1,0,0
2006,Never treated,3.49650756146648,7.87891291229713,10.1628087299689,20065,0,1,0,0
2007,Never treated,3.68887945411394,7.85399308722424,10.1946635142422,20065,0,1,0,0
2001,Never treated,5.33753807970132,8.96033936649209,10.2227409638252,20067,0,1,0,0
2002,Never treated,5.44241771052179,8.97563018429051,10.2237215162816,20067,0,1,0,0
2003,Never treated,5.19849703126583,8.95622201636254,10.2617562258133,20067,0,1,0,0
2004,Never treated,5.23644196282995,8.94167630536016,10.3047438158702,20067,0,1,0,0
2005,Never treated,5.13579843705026,8.91998807096852,10.3702985908827,20067,0,1,0,0
2006,Never treated,5.18178355029209,8.91784674252718,10.3941512844782,20067,0,1,0,0
2007,Never treated,5.39362754635236,8.91489490890657,10.4582630738293,20067,0,1,0,0
2001,Never treated,4.8283137373023,8.68727346178784,10.0307807781935,20069,0,1,0,0
2002,Never treated,4.99043258677874,8.69834740045819,10.0511313944487,20069,0,1,0,0
2003,Never treated,4.83628190695148,8.70001462325184,10.096707835199,20069,0,1,0,0
2004,Never treated,4.91265488573605,8.69450220638665,10.1099324542273,20069,0,1,0,0
2005,Never treated,4.65396035015752,8.6741969402259,10.1345199052706,20069,0,1,0,0
2006,Never treated,4.47733681447821,8.65434302956347,10.1834650206024,20069,0,1,0,0
2007,Never treated,4.53259949315326,8.65990729361541,10.2129555783098,20069,0,1,0,0
2001,Never treated,3.46573590279973,7.33498187887181,9.80084556056425,20071,0,1,0,0
2002,Never treated,3.43398720448515,7.28138566357028,9.87668145811562,20071,0,1,0,0
2003,Never treated,3.29583686600433,7.25629723969068,9.89691600715309,20071,0,1,0,0
2004,Never treated,3.40119738166216,7.25276241805319,9.97366638715737,20071,0,1,0,0
2005,Never treated,3.55534806148941,7.19067603433221,9.9854361351833,20071,0,1,0,0
2006,Never treated,3.49650756146648,7.15383380157884,10.0306486981528,20071,0,1,0,0
2007,Never treated,3.36729582998647,7.1693500166706,10.0739052048273,20071,0,1,0,0
2001,Never treated,4.52178857704904,8.95364003713313,9.87127423017148,20073,0,1,0,0
2002,Never treated,4.46590811865458,8.94206869304423,9.90747957380566,20073,0,1,0,0
2003,Never treated,4.57471097850338,8.92970011431345,9.8880185216322,20073,0,1,0,0
2004,Never treated,4.39444915467244,8.92212482391826,9.94179438669071,20073,0,1,0,0
2005,Never treated,4.27666611901606,8.88723835429314,9.99346535865436,20073,0,1,0,0
2006,Never treated,4.11087386417331,8.8509474519704,10.1154892634315,20073,0,1,0,0
2007,Never treated,4.45434729625351,8.84491295089955,10.136383395293,20073,0,1,0,0
2001,Never treated,3.97029191355212,7.89655270164304,9.97618023792957,20075,0,1,0,0
2002,Never treated,4.04305126783455,7.89133075766189,9.98833408794625,20075,0,1,0,0
2003,Never treated,4.0943445622221,7.89729647259588,10.0147605549456,20075,0,1,0,0
2004,Never treated,4.04305126783455,7.87966991460429,10.038499099192,20075,0,1,0,0
2005,Never treated,4.00733318523247,7.85554467791566,10.0744110643777,20075,0,1,0,0
2006,Never treated,3.98898404656427,7.85282781228174,10.0839740933844,20075,0,1,0,0
2007,Never treated,4.12713438504509,7.85979918056211,10.1875756744777,20075,0,1,0,0
2001,Never treated,5.01727983681492,8.77183540978982,9.91061211247842,20077,0,1,0,0
2002,Never treated,4.88280192258637,8.74893963153771,9.94941648442453,20077,0,1,0,0
2003,Never treated,4.92725368515721,8.74735207762435,10.0019291878482,20077,0,1,0,0
2004,Never treated,4.83628190695148,8.73149779406324,10.044205559475,20077,0,1,0,0
2005,Never treated,4.7361984483945,8.69567404882425,10.0667537027949,20077,0,1,0,0
2006,Never treated,4.86753445045558,8.67624612127084,10.1177517992437,20077,0,1,0,0
2007,Never treated,4.80402104473326,8.65538869016764,10.2059227603247,20077,0,1,0,0
2001,Never treated,6.58479139238572,10.4043234446727,10.1611098222666,20079,0,1,0,0
2002,Never treated,6.46458830368996,10.4159518329706,10.1743540320593,20079,0,1,0,0
2003,Never treated,6.53087762772588,10.4214178780321,10.1771340860234,20079,0,1,0,0
2004,Never treated,6.41017488196617,10.4251640916064,10.191856888768,20079,0,1,0,0
2005,Never treated,6.41999492814714,10.4157721115384,10.2231405642301,20079,0,1,0,0
2006,Never treated,6.45833828334479,10.4135228640877,10.2415299843269,20079,0,1,0,0
2007,Never treated,6.46925031679577,10.4229656355813,10.2913995013967,20079,0,1,0,0
2001,Never treated,4.14313472639153,8.35819745992578,10.1348373403974,20081,0,1,0,0
2002,Never treated,4.0943445622221,8.35090245169481,10.1635414578704,20081,0,1,0,0
2003,Never treated,4.12713438504509,8.34759040703006,10.192531197627,20081,0,1,0,0
2004,Never treated,4.26267987704132,8.358666283188,10.2214684446112,20081,0,1,0,0
2005,Never treated,3.98898404656427,8.33110454805304,10.2892940229811,20081,0,1,0,0
2006,Never treated,4.11087386417331,8.29679586577005,10.3636933393018,20081,0,1,0,0
2007,Never treated,4.0943445622221,8.3030093814735,10.3831630085098,20081,0,1,0,0
2001,Never treated,3.68887945411394,7.66528471847135,9.87065439544089,20083,0,1,0,0
2002,Never treated,3.68887945411394,7.67600993202889,9.90253710100013,20083,0,1,0,0
2003,Never treated,3.29583686600433,7.66762609158499,9.90258714729296,20083,0,1,0,0
2004,Never treated,3.29583686600433,7.65917136766606,9.95180141281468,20083,0,1,0,0
2005,Never treated,3.36729582998647,7.61579107203583,9.98322252055498,20083,0,1,0,0
2006,Never treated,3.52636052461616,7.60787807327851,10.0682813924619,20083,0,1,0,0
2007,Never treated,3.43398720448515,7.56786260546388,10.0791620666083,20083,0,1,0,0
2001,Never treated,5.39816270151775,9.4511666581427,9.99524597777567,20085,0,1,0,0
2002,Never treated,5.40717177146012,9.46350863639609,10.0381932553884,20085,0,1,0,0
2003,Never treated,5.4380793089232,9.47753908548656,10.0511313944487,20085,0,1,0,0
2004,Never treated,5.37527840768417,9.48744166488378,10.0903819711752,20085,0,1,0,0
2005,Never treated,5.3890717298165,9.50076867009599,10.109729065775,20085,0,1,0,0
2006,Never treated,5.35185813347607,9.49904691947415,10.1398236976363,20085,0,1,0,0
2007,Never treated,5.40717177146012,9.49972100106354,10.1894180919491,20085,0,1,0,0
2001,Never treated,5.31320597904179,9.83054044478006,10.033682134194,20087,0,1,0,0
2002,Never treated,5.28320372873799,9.83654614678225,10.0670933911341,20087,0,1,0,0
2003,Never treated,5.12396397940326,9.84134615599828,10.1351943345108,20087,0,1,0,0
2004,Never treated,5.09375020080676,9.84961197956681,10.1113550162978,20087,0,1,0,0
2005,Never treated,4.98360662170834,9.83429823318313,10.1921941000341,20087,0,1,0,0
2006,Never treated,4.9416424226093,9.82168078983204,10.2360234806215,20087,0,1,0,0
2007,Never treated,4.99721227376411,9.81820195825377,10.2937036498816,20087,0,1,0,0
2001,Never treated,3.58351893845611,8.19450550976564,9.73820008829795,20089,0,1,0,0
2002,Never treated,3.95124371858143,8.16394095475501,9.8230364281385,20089,0,1,0,0
2003,Never treated,3.95124371858143,8.14554963178358,9.82352400839574,20089,0,1,0,0
2004,Never treated,3.8286413964891,8.13885675069633,9.84256913756671,20089,0,1,0,0
2005,Never treated,3.87120101090789,8.09040229659332,9.91714387898361,20089,0,1,0,0
2006,Never treated,3.63758615972639,8.08548677210285,9.9448693903149,20089,0,1,0,0
2007,Never treated,3.80666248977032,8.06683531441734,9.99062808785113,20089,0,1,0,0
2001,Never treated,9.62667947663622,13.0476570724391,10.5241715613624,20091,0,1,0,0
2002,Never treated,9.54695545553714,13.0733810947813,10.5492286106988,20091,0,1,0,0
2003,Never treated,9.42883312507496,13.0959023520935,10.5855737857366,20091,0,1,0,0
2004,Never treated,9.38639231575654,13.1161279776419,10.6279638121328,20091,0,1,0,0
2005,Never treated,9.36871070794762,13.1348826828425,10.6540542239636,20091,0,1,0,0
2006,Never treated,9.35279433977112,13.1524560177115,10.695552035767,20091,0,1,0,0
2007,Never treated,9.39449358359911,13.1729386140501,10.7375047569743,20091,0,1,0,0
2001,Never treated,4.23410650459726,8.43337670532313,9.97641268255068,20093,0,1,0,0
2002,Never treated,4.54329478227,8.42901750051251,9.98649509151974,20093,0,1,0,0
2003,Never treated,4.34380542185368,8.40626163070896,10.0389795219733,20093,0,1,0,0
2004,Never treated,4.26267987704132,8.4189186221479,10.1278703356853,20093,0,1,0,0
2005,Never treated,4.26267987704132,8.36380888451688,10.1450602393187,20093,0,1,0,0
2006,Never treated,4.43081679884331,8.34616759436413,10.2379935717038,20093,0,1,0,0
2007,Never treated,4.33073334028633,8.32796785830549,10.28595694085,20093,0,1,0,0
2001,Never treated,5.15905529921453,9.05672288331058,9.95194432780432,20095,0,1,0,0
2002,Never treated,5.15329159449778,9.03800874921158,9.98276073343064,20095,0,1,0,0
2003,Never treated,4.92725368515721,9.04204005654448,10.0157889246233,20095,0,1,0,0
2004,Never treated,4.91265488573605,9.02869858408699,10.0607476787347,20095,0,1,0,0
2005,Never treated,5.03695260241363,8.99652814809086,10.1195259217203,20095,0,1,0,0
2006,Never treated,4.969813299576,8.97752520096524,10.1664285737244,20095,0,1,0,0
2007,Never treated,5.05624580534831,8.95828281049733,10.2039624467867,20095,0,1,0,0
2001,Never treated,3.71357206670431,8.05165955684195,9.88323382350886,20097,0,1,0,0
2002,Never treated,3.73766961828337,8.03947991910045,9.92495545915137,20097,0,1,0,0
2003,Never treated,3.78418963391826,8.04782935745784,9.99113206238817,20097,0,1,0,0
2004,Never treated,3.76120011569356,8.0323601479245,9.99857043378282,20097,0,1,0,0
2005,Never treated,3.71357206670431,8.00235954625271,10.0538453341247,20097,0,1,0,0
2006,Never treated,3.8286413964891,7.98786409608569,10.0487128046889,20097,0,1,0,0
2007,Never treated,3.95124371858143,7.90396563403217,10.1223820895609,20097,0,1,0,0
2001,Never treated,6.2841341610708,10.0209149694121,9.97566866949614,20099,0,1,0,0
2002,Never treated,6.17378610390194,10.0145368563114,10.0128351093714,20099,0,1,0,0
2003,Never treated,6.13556489108174,10.0139997753336,10.0256166857692,20099,0,1,0,0
2004,Never treated,6.13772705408623,10.0057733460769,10.0530276198057,20099,0,1,0,0
2005,Never treated,6.06378520868761,9.99684127426934,10.0874743886491,20099,0,1,0,0
2006,Never treated,6.10031895202006,9.99684127426934,10.1159745236618,20099,0,1,0,0
2007,Never treated,6.06378520868761,9.99670463424726,10.1487056581686,20099,0,1,0,0
2001,Never treated,3.52636052461616,7.64778604544093,9.91660119168151,20101,0,1,0,0
2002,Never treated,3.61091791264422,7.59689443814454,9.91561373233397,20101,0,1,0,0
2003,Never treated,3.13549421592915,7.58120982619635,10.0226474177054,20101,0,1,0,0
2004,Never treated,3.40119738166216,7.56682847920833,10.0691291015789,20101,0,1,0,0
2005,Never treated,3.49650756146648,7.51316354523408,10.1048352914799,20101,0,1,0,0
2006,Never treated,3.43398720448515,7.47193207824512,10.1330901989111,20101,0,1,0,0
2007,Never treated,3.46573590279973,7.46049030582534,10.2216503322415,20101,0,1,0,0
2001,Never treated,6.7900972355139,11.157820716201,10.2941097137745,20103,0,1,0,0
2002,Never treated,6.63331843328038,11.1755768444368,10.3274472432805,20103,0,1,0,0
2003,Never treated,6.59578051396131,11.185906405939,10.3610706149064,20103,0,1,0,0
2004,Never treated,6.58892647753352,11.1905553247235,10.4181956298163,20103,0,1,0,0
2005,Never treated,6.46458830368996,11.1818625714365,10.4628175853617,20103,0,1,0,0
2006,Never treated,6.49828214947643,11.1917555483575,10.5099323992568,20103,0,1,0,0
2007,Never treated,6.45676965557216,11.2064410647558,10.5258098273158,20103,0,1,0,0
2001,Never treated,3.3322045101752,7.77695440332244,10.0149394778303,20025,0,1,0,0
2002,Never treated,3.25809653802148,7.76599307940768,10.0097826313537,20025,0,1,0,0
2003,Never treated,2.83321334405622,7.75790620835175,10.0410296415546,20025,0,1,0,0
2004,Never treated,3.04452243772342,7.75619534394812,10.0577096583839,20025,0,1,0,0
2005,Never treated,2.70805020110221,7.6980291702728,10.1597176568381,20025,0,1,0,0
2006,Never treated,3.17805383034795,7.66949525100769,10.1834272298497,20025,0,1,0,0
2007,Never treated,2.94443897916644,7.63578686139558,10.17282743074,20025,0,1,0,0
2001,Never treated,4.63472898822964,9.18091156128537,10.2124417602634,20107,0,1,0,0
2002,Never treated,4.72738781871234,9.18194089745448,10.1920817089129,20107,0,1,0,0
2003,Never treated,4.49980967033027,9.18502256399189,10.2355213825584,20107,0,1,0,0
2004,Never treated,4.43081679884331,9.1848174147451,10.2634670304832,20107,0,1,0,0
2005,Never treated,4.51085950651685,9.19532825185568,10.311383038216,20107,0,1,0,0
2006,Never treated,4.29045944114839,9.19624144759668,10.3859137017804,20107,0,1,0,0
2007,Never treated,4.30406509320417,9.16878894481795,10.3744906821149,20107,0,1,0,0
2001,Never treated,4.11087386417331,8.00269416228394,9.92475968781167,20109,0,1,0,0
2002,Never treated,4.17438726989564,7.98922140881528,9.92642252381862,20109,0,1,0,0
2003,Never treated,4.26267987704132,7.96380795323145,9.92475968781167,20109,0,1,0,0
2004,Never treated,4.35670882668959,7.94342776787637,9.99647685937896,20109,0,1,0,0
2005,Never treated,4.44265125649032,7.92008319905323,10.0620285806647,20109,0,1,0,0
2006,Never treated,4.29045944114839,7.88720858581393,10.0648833515589,20109,0,1,0,0
2007,Never treated,4.39444915467244,7.87549929244521,10.0731459353767,20109,0,1,0,0
2001,Never treated,6.61873898351722,10.4903571303758,10.0903404937493,20111,0,1,0,0
2002,Never treated,6.57368016696065,10.4836339940088,10.0953055418074,20111,0,1,0,0
2003,Never treated,6.49978704065585,10.4828219306233,10.1194856356895,20111,0,1,0,0
2004,Never treated,6.37161184723186,10.4868198670889,10.1376106078933,20111,0,1,0,0
2005,Never treated,6.22257626807137,10.4879631864644,10.1656210211415,20111,0,1,0,0
2006,Never treated,6.19644412779452,10.4805221764125,10.2064030056285,20111,0,1,0,0
2007,Never treated,6.15060276844628,10.4834660349904,10.2398169218094,20111,0,1,0,0
2001,Never treated,6.69332366826995,10.2932974210337,10.1832004553382,20113,0,1,0,0
2002,Never treated,6.67834211465433,10.287490657345,10.2101263063374,20113,0,1,0,0
2003,Never treated,6.59441345974978,10.2879673342352,10.2486717297594,20113,0,1,0,0
2004,Never treated,6.62140565176413,10.2891920324661,10.2800043386884,20113,0,1,0,0
2005,Never treated,6.58479139238572,10.2840108503401,10.3024649945087,20113,0,1,0,0
2006,Never treated,6.57507584059962,10.2761539488929,10.343193043799,20113,0,1,0,0
2007,Never treated,6.55250788703459,10.2759817103076,10.369137970291,20113,0,1,0,0
2001,Never treated,5.77455154554441,9.50360682272186,9.85045590598432,20115,0,1,0,0
2002,Never treated,5.72031177660741,9.49544412341316,9.86936183780675,20115,0,1,0,0
2003,Never treated,5.63121178182137,9.49197922088068,9.87225485010503,20115,0,1,0,0
2004,Never treated,5.51745289646471,9.47378098005493,9.94664282285006,20115,0,1,0,0
2005,Never treated,5.40267738187228,9.4444634273334,9.92505333045069,20115,0,1,0,0
2006,Never treated,5.59471137960184,9.42367598229931,9.95840178341352,20115,0,1,0,0
2007,Never treated,5.67675380226828,9.4081250888235,10.0192685855218,20115,0,1,0,0
2001,Never treated,5.65248918026865,9.28915155240047,10.0113100350649,20117,0,1,0,0
2002,Never treated,5.51342874616498,9.27378454453272,10.0143578613676,20117,0,1,0,0
2003,Never treated,5.53733426701854,9.26084335414929,10.0408989083591,20117,0,1,0,0
2004,Never treated,5.4510384535657,9.25109836444835,10.105325748023,20117,0,1,0,0
2005,Never treated,5.39362754635236,9.23737171102721,10.1336067175868,20117,0,1,0,0
2006,Never treated,5.35185813347607,9.22739412654201,10.1775143141649,20117,0,1,0,0
2007,Never treated,5.41164605185504,9.22601685136119,10.2676444368226,20117,0,1,0,0
2001,Never treated,4.06044301054642,8.45105338891169,10.0096927113824,20119,0,1,0,0
2002,Never treated,4.21950770517611,8.45019832259196,9.97212702825282,20119,0,1,0,0
2003,Never treated,4.34380542185368,8.43923164994653,9.97273372527294,20119,0,1,0,0
2004,Never treated,4.21950770517611,8.43098149459717,10.0358307395238,20119,0,1,0,0
2005,Never treated,4.07753744390572,8.41227702146668,10.0908795661432,20119,0,1,0,0
2006,Never treated,4.02535169073515,8.39231000926955,10.1702651408704,20119,0,1,0,0
2007,Never treated,4.04305126783455,8.39117635083275,10.3264650857289,20119,0,1,0,0
2001,Never treated,6.4118182677099,10.2650356035778,10.0470249675323,20121,0,1,0,0
2002,Never treated,6.45833828334479,10.2731527565131,10.081257097962,20121,0,1,0,0
2003,Never treated,6.42648845745769,10.2819239882564,10.1030758442288,20121,0,1,0,0
2004,Never treated,6.32076829425058,10.3026327318995,10.1458845607722,20121,0,1,0,0
2005,Never treated,6.25382881157547,10.3070842495843,10.1849754808246,20121,0,1,0,0
2006,Never treated,6.10702288774225,10.3170530966782,10.2250636766355,20121,0,1,0,0
2007,Never treated,6.21060007702465,10.3340029328441,10.2697266141435,20121,0,1,0,0
2001,Never treated,5.34233425196481,8.82010864450861,9.99099463997436,20123,0,1,0,0
2002,Never treated,5.28320372873799,8.80971354050827,10.0133728160654,20123,0,1,0,0
2003,Never treated,5.26269018890489,8.80851861878282,10.0100523427642,20123,0,1,0,0
2004,Never treated,5.24174701505964,8.78247626892454,10.0720904371891,20123,0,1,0,0
2005,Never treated,5.25227342804663,8.76358440945014,10.1050396776069,20123,0,1,0,0
2006,Never treated,4.91265488573605,8.75084137537553,10.1409678399504,20123,0,1,0,0
2007,Never treated,4.96284463025991,8.74989095553526,10.1956346419471,20123,0,1,0,0
2001,Never treated,7.68616230349291,11.5199606598512,10.1628858845095,20045,0,1,0,0
2002,Never treated,7.61381868480863,11.5280308027458,10.1894556569836,20045,0,1,0,0
2003,Never treated,7.52240023138712,11.532973160274,10.20114470801,20045,0,1,0,0
2004,Never treated,7.3664451483276,11.539937337217,10.2279233553322,20045,0,1,0,0
2005,Never treated,7.37525577800975,11.6219502589527,10.2573786250982,20045,0,1,0,0
2006,Never treated,7.40306109109009,11.6312328075981,10.3054799711653,20045,0,1,0,0
2007,Never treated,7.4265490723973,11.6387560322059,10.3362435208802,20045,0,1,0,0
2001,Never treated,4.89783979995091,8.71210186371566,9.89585852537164,20127,0,1,0,0
2002,Never treated,4.91265488573605,8.70383871969025,9.92201485715001,20127,0,1,0,0
2003,Never treated,4.92725368515721,8.69617584694468,9.93124862332152,20127,0,1,0,0
2004,Never treated,4.82028156560504,8.69717868841264,9.9608126191554,20127,0,1,0,0
2005,Never treated,4.43081679884331,8.69165057315339,10.018823151216,20127,0,1,0,0
2006,Never treated,4.56434819146784,8.68389336730723,10.0828463914793,20127,0,1,0,0
2007,Never treated,4.65396035015752,8.68996933536666,10.0891368994228,20127,0,1,0,0
2001,Never treated,3.87120101090789,8.12622252945853,10.1803235180471,20129,0,1,0,0
2002,Never treated,3.85014760171006,8.11969625295725,10.0824702080646,20129,0,1,0,0
2003,Never treated,3.87120101090789,8.11552088154677,10.1289085085944,20129,0,1,0,0
2004,Never treated,4.12713438504509,8.07992777075827,10.1772481696469,20129,0,1,0,0
2005,Never treated,3.98898404656427,8.06400734709666,10.2208133750776,20129,0,1,0,0
2006,Never treated,4.12713438504509,8.03915739047324,10.2835322832974,20129,0,1,0,0
2007,Never treated,3.95124371858143,8.03495502450216,10.3370864998881,20129,0,1,0,0
2001,Never treated,5.25227342804663,9.23552067050648,10.0679421075017,20205,0,1,0,0
2002,Never treated,4.99721227376411,9.2259184019395,10.1025433083212,20205,0,1,0,0
2003,Never treated,4.79579054559674,9.22493337427908,10.1200897558069,20205,0,1,0,0
2004,Never treated,4.79579054559674,9.19958271532322,10.1752688754562,20205,0,1,0,0
2005,Never treated,4.81218435537242,9.18727643237763,10.2608822373992,20205,0,1,0,0
2006,Never treated,4.94875989037817,9.18358563466736,10.2596223506224,20205,0,1,0,0
2007,Never treated,5.16478597392351,9.18789024313859,10.2591319656603,20205,0,1,0,0
2001,Never treated,5.79909265446053,9.25483561186273,9.99195620052374,20131,0,1,0,0
2002,Never treated,5.77144112313002,9.25922576970599,10.0070364281647,20131,0,1,0,0
2003,Never treated,5.8805329864007,9.25951141598263,10.0201143644678,20131,0,1,0,0
2004,Never treated,5.71702770140622,9.2533040714083,10.0588232442451,20131,0,1,0,0
2005,Never treated,5.86078622346587,9.23464266449915,10.0981904762185,20131,0,1,0,0
2006,Never treated,5.73009978297357,9.22876950744455,10.1463552966981,20131,0,1,0,0
2007,Never treated,5.72031177660741,9.22503192071917,10.2297290618539,20131,0,1,0,0
2001,Never treated,6.19236248947487,9.73435858952816,10.0676875682164,20133,0,1,0,0
2002,Never treated,6.18208490671663,9.72412162356781,10.0872663803281,20133,0,1,0,0
2003,Never treated,6.11146733950268,9.71721821349408,10.1244687676857,20133,0,1,0,0
2004,Never treated,5.92157841964382,9.71311366255135,10.1593306000134,20133,0,1,0,0
2005,Never treated,5.82008293035236,9.6997176149363,10.1864083078862,20133,0,1,0,0
2006,Never treated,5.84354441703136,9.68911789777328,10.2764294689387,20133,0,1,0,0
2007,Never treated,5.72358510195238,9.69078925908346,10.3470188614507,20133,0,1,0,0
2001,Never treated,4.36944785246702,8.11880299698004,9.94936872779232,20135,0,1,0,0
2002,Never treated,4.00733318523247,8.09559870137819,9.96232233825702,20135,0,1,0,0
2003,Never treated,4.04305126783455,8.05610965954506,10.0365313262939,20135,0,1,0,0
2004,Never treated,4.00733318523247,8.02845516411425,10.0538453341247,20135,0,1,0,0
2005,Never treated,3.85014760171006,8.02387999273488,10.141874333263,20135,0,1,0,0
2006,Never treated,3.78418963391826,8.00469951054955,10.2248461513473,20135,0,1,0,0
2007,Never treated,3.85014760171006,7.99328232810159,10.3122140033467,20135,0,1,0,0
2001,Never treated,5.01063529409626,8.67658724356649,10.0087480631936,20137,0,1,0,0
2002,Never treated,4.9416424226093,8.67162954472066,10.0176640925984,20137,0,1,0,0
2003,Never treated,4.7361984483945,8.67197224520379,10.0331991590578,20137,0,1,0,0
2004,Never treated,4.70953020131233,8.65399423290838,10.0850171291299,20137,0,1,0,0
2005,Never treated,4.85203026391962,8.62658556818743,10.0719214540448,20137,0,1,0,0
2006,Never treated,4.79579054559674,8.61431990214696,10.1124510402765,20137,0,1,0,0
2007,Never treated,4.64439089914137,8.60171814648593,10.208469122066,20137,0,1,0,0
2001,Never treated,5.40267738187228,9.72477945931201,9.71691698145276,20139,0,1,0,0
2002,Never treated,5.50533153593236,9.73068058811076,9.82439023117742,20139,0,1,0,0
2003,Never treated,5.48063892334199,9.73388476814995,9.85723416801867,20139,0,1,0,0
2004,Never treated,5.47227067367148,9.74390548271166,9.89681534276806,20139,0,1,0,0
2005,Never treated,5.40717177146012,9.7278833834897,9.95915874990659,20139,0,1,0,0
2006,Never treated,5.32787616878958,9.71745913381085,9.98243735551453,20139,0,1,0,0
2007,Never treated,5.19295685089021,9.69984020902742,9.99656797555214,20139,0,1,0,0
2001,Never treated,4.45434729625351,8.37770121259764,9.74449182104567,20141,0,1,0,0
2002,Never treated,4.54329478227,8.36310917603352,9.74876170733297,20141,0,1,0,0
2003,Never treated,4.64439089914137,8.33254893925264,9.73849497786395,20141,0,1,0,0
2004,Never treated,4.69134788222914,8.31898612539206,9.81235861912503,20141,0,1,0,0
2005,Never treated,4.49980967033027,8.29054350077274,9.84781626766566,20141,0,1,0,0
2006,Never treated,4.51085950651685,8.27969713387763,9.8888306631925,20141,0,1,0,0
2007,Never treated,4.63472898822964,8.25634777291802,9.95759687818316,20141,0,1,0,0
2001,Never treated,3.8286413964891,8.72420736080056,9.87965581928278,20143,0,1,0,0
2002,Never treated,4.06044301054642,8.73198193834769,9.90108466791982,20143,0,1,0,0
2003,Never treated,3.95124371858143,8.72826416149618,9.91195163094826,20143,0,1,0,0
2004,Never treated,3.98898404656427,8.72404474595347,9.93343462890408,20143,0,1,0,0
2005,Never treated,3.98898404656427,8.70134640303916,9.96203943948574,20143,0,1,0,0
2006,Never treated,4.18965474202643,8.69584134284388,10.0264128993734,20143,0,1,0,0
2007,Never treated,4.06044301054642,8.69450220638665,10.0673480816865,20143,0,1,0,0
2001,Never treated,4.71849887129509,8.85950548451913,10.0282682694334,20145,0,1,0,0
2002,Never treated,4.61512051684126,8.8405801884888,10.0477610416926,20145,0,1,0,0
2003,Never treated,4.49980967033027,8.82511897034506,10.0569808734932,20145,0,1,0,0
2004,Never treated,4.48863636973214,8.81729778386658,10.1241881221992,20145,0,1,0,0
2005,Never treated,4.63472898822964,8.80507524387068,10.0797910370045,20145,0,1,0,0
2006,Never treated,4.80402104473326,8.77477681604399,10.135670128501,20145,0,1,0,0
2007,Never treated,4.70048036579242,8.764209507142,10.1932798967973,20145,0,1,0,0
2001,Never treated,4.97673374242057,8.67914195840225,9.92964251001298,20147,0,1,0,0
2002,Never treated,4.91265488573605,8.66077391989376,9.95103885439435,20147,0,1,0,0
2003,Never treated,4.85981240436167,8.64153246567185,9.99122366684021,20147,0,1,0,0
2004,Never treated,4.83628190695148,8.63230599851674,10.0272084795259,20147,0,1,0,0
2005,Never treated,4.74493212836325,8.60226936377136,10.0626257738744,20147,0,1,0,0
2006,Never treated,4.74493212836325,8.58727879898293,10.1106643103283,20147,0,1,0,0
2007,Never treated,4.88280192258637,8.57828829077605,10.1427406455834,20147,0,1,0,0
2001,Never treated,6.06842558824411,9.81705782453774,10.1060201499462,20149,0,1,0,0
2002,Never treated,5.88610403145016,9.82244017368281,10.1065508380161,20149,0,1,0,0
2003,Never treated,5.86929691313377,9.836439217783,10.1087115025474,20149,0,1,0,0
2004,Never treated,5.79605775076537,9.84638796049556,10.1362645528186,20149,0,1,0,0
2005,Never treated,5.7037824746562,9.84240970302754,10.1875004016135,20149,0,1,0,0
2006,Never treated,5.85220247977447,9.84622913369585,10.2435604418772,20149,0,1,0,0
2007,Never treated,5.83773044716594,9.87668145811562,10.3279706664801,20149,0,1,0,0
2001,Never treated,5.48063892334199,9.16377273615985,10.0326280693592,20151,0,1,0,0
2002,Never treated,5.49306144334055,9.16889318206201,10.0285330415104,20151,0,1,0,0
2003,Never treated,5.4510384535657,9.15820461755565,10.0712029569407,20151,0,1,0,0
2004,Never treated,5.32787616878958,9.14590851181679,10.1177517992437,20151,0,1,0,0
2005,Never treated,5.34233425196481,9.15027184551006,10.1510895426827,20151,0,1,0,0
2006,Never treated,5.31811999384422,9.15122710748368,10.2303061999863,20151,0,1,0,0
2007,Never treated,5.33271879326537,9.14920937197195,10.2967451175365,20151,0,1,0,0
2001,Never treated,4.07753744390572,7.97418866928601,9.8597968639114,20153,0,1,0,0
2002,Never treated,4.02535169073515,7.9665866976384,9.92368225982165,20153,0,1,0,0
2003,Never treated,3.78418963391826,7.94909149983052,9.91219949313815,20153,0,1,0,0
2004,Never treated,3.78418963391826,7.92660259918138,9.90578491158481,20153,0,1,0,0
2005,Never treated,3.97029191355212,7.86441990499457,9.94371737175519,20153,0,1,0,0
2006,Never treated,3.89182029811063,7.85205020726589,9.98856372489125,20153,0,1,0,0
2007,Never treated,3.3322045101752,7.83834331555712,10.0526400479386,20153,0,1,0,0
2001,Never treated,7.40913644392013,11.0741879175985,10.1708010875948,20155,0,1,0,0
2002,Never treated,7.24064969425547,11.0669351932831,10.1789578640281,20155,0,1,0,0
2003,Never treated,7.24136628332232,11.0641665599538,10.1979466092669,20155,0,1,0,0
2004,Never treated,7.07918439460967,11.0596766860083,10.2237215162816,20155,0,1,0,0
2005,Never treated,7.08422642209792,11.0560196831937,10.2548484016511,20155,0,1,0,0
2006,Never treated,7.02553831463852,11.055387811569,10.2866388830477,20155,0,1,0,0
2007,Never treated,7.04141166379481,11.0511280722716,10.3229541802801,20155,0,1,0,0
2001,Never treated,4.47733681447821,8.64206217346211,9.82978718960617,20157,0,1,0,0
2002,Never treated,4.60517018598809,8.6031873845831,9.80747212410244,20157,0,1,0,0
2003,Never treated,4.9416424226093,8.57960445153763,9.83413747440133,20157,0,1,0,0
2004,Never treated,4.71849887129509,8.5608272284363,9.82973336394747,20157,0,1,0,0
2005,Never treated,4.26267987704132,8.53464010501996,9.86287386965083,20157,0,1,0,0
2006,Never treated,4.7361984483945,8.51057131510735,9.92157302008251,20157,0,1,0,0
2007,Never treated,4.18965474202643,8.49984355308112,9.93953014388306,20157,0,1,0,0
2001,Never treated,5.17048399503815,9.27105910701089,9.94817407015853,20159,0,1,0,0
2002,Never treated,5.10594547390058,9.26093842473927,10.0187340405405,20159,0,1,0,0
2003,Never treated,4.90527477843843,9.25426155903411,10.0384117247926,20159,0,1,0,0
2004,Never treated,4.93447393313069,9.25770094333602,10.0478908809085,20159,0,1,0,0
2005,Never treated,4.92725368515721,9.24792513230345,10.0929088464453,20159,0,1,0,0
2006,Never treated,4.85981240436167,9.22906398597429,10.1643892094529,20159,0,1,0,0
2007,Never treated,4.87519732320115,9.21423278669153,10.222341203676,20159,0,1,0,0
2001,Never treated,3.73766961828337,8.46168048148598,9.82660650820017,20185,0,1,0,0
2002,Never treated,3.66356164612965,8.44827174594982,9.8730798901147,20185,0,1,0,0
2003,Never treated,3.80666248977032,8.42704964156327,9.88964214571408,20185,0,1,0,0
2004,Never treated,3.85014760171006,8.41980084540759,9.92969121803277,20185,0,1,0,0
2005,Never treated,3.8286413964891,8.39840965542627,9.96819793390488,20185,0,1,0,0
2006,Never treated,3.73766961828337,8.3813734682737,9.98534399900596,20185,0,1,0,0
2007,Never treated,3.63758615972639,8.38935981990635,10.0778609394809,20185,0,1,0,0
2001,Never treated,6.88755257166462,11.0403425121275,10.1724454159896,20161,0,1,0,0
2002,Never treated,6.75693238924755,11.0366300841011,10.2114868257508,20161,0,1,0,0
2003,Never treated,6.6682282484174,11.0504772217775,10.2277787578552,20161,0,1,0,0
2004,Never treated,6.64378973314767,11.0519846441332,10.267227480597,20161,0,1,0,0
2005,Never treated,6.63594655568665,11.1179699372467,10.2843183796859,20161,0,1,0,0
2006,Never treated,6.66057514983969,11.1425571938995,10.3302574271381,20161,0,1,0,0
2007,Never treated,6.79122146272619,11.1477285980893,10.3447379924471,20161,0,1,0,0
2001,Never treated,4.85203026391962,8.62837672037685,9.89535456930594,20163,0,1,0,0
2002,Never treated,4.77912349311153,8.61122983334262,9.92837526804391,20163,0,1,0,0
2003,Never treated,4.64439089914137,8.5972974356579,9.95754951063466,20163,0,1,0,0
2004,Never treated,4.34380542185368,8.58951385299586,10.0321445847444,20163,0,1,0,0
2005,Never treated,4.30406509320417,8.56769617358934,10.0769365308265,20163,0,1,0,0
2006,Never treated,4.4188406077966,8.55833513474741,10.1437241812765,20163,0,1,0,0
2007,Never treated,4.53259949315326,8.54364036143109,10.196791293756,20163,0,1,0,0
2001,Never treated,3.89182029811063,8.1656479252975,9.99697789562347,20165,0,1,0,0
2002,Never treated,3.8286413964891,8.15162164696975,10.0395906355285,20165,0,1,0,0
2003,Never treated,3.61091791264422,8.14467918344776,10.0794975667163,20165,0,1,0,0
2004,Never treated,3.2188758248682,8.146419323098,10.108222704167,20165,0,1,0,0
2005,Never treated,3.43398720448515,8.10530751550515,10.1797547221726,20165,0,1,0,0
2006,Never treated,3.73766961828337,8.07899825868515,10.1699587565855,20165,0,1,0,0
2007,Never treated,3.09104245335832,8.06117135969092,10.2185902205639,20165,0,1,0,0
2001,Never treated,5.11799381241676,8.8750074860484,9.85366685755217,20167,0,1,0,0
2002,Never treated,5.00394630594546,8.85865296954849,9.8755509338431,20167,0,1,0,0
2003,Never treated,4.81218435537242,8.84606519069288,9.8647467242197,20167,0,1,0,0
2004,Never treated,4.80402104473326,8.85109068766498,9.92466178776754,20167,0,1,0,0
2005,Never treated,4.8283137373023,8.82025636590632,9.98966524877718,20167,0,1,0,0
2006,Never treated,4.7361984483945,8.81165224814704,10.0729349248465,20167,0,1,0,0
2007,Never treated,4.79579054559674,8.81343849452851,10.1687706300444,20167,0,1,0,0
2001,Never treated,7.2591161280971,10.8933260997054,10.1799064327092,20169,0,1,0,0
2002,Never treated,7.10987946307227,10.8958315061957,10.2032587560852,20169,0,1,0,0
2003,Never treated,7.0833878476253,10.8923407772115,10.2349472473338,20169,0,1,0,0
2004,Never treated,6.97260625130175,10.8949414139753,10.2553057214135,20169,0,1,0,0
2005,Never treated,7.0184017990692,10.8965726449893,10.2846941204975,20169,0,1,0,0
2006,Never treated,7.04315991598834,10.8988297317168,10.3204529448145,20169,0,1,0,0
2007,Never treated,7.1074254741107,10.8986818820057,10.3615134847099,20169,0,1,0,0
2001,Never treated,5.2040066870768,8.53660358493606,10.0491019013411,20171,0,1,0,0
2002,Never treated,5.23644196282995,8.50309426703674,10.07069547152,20171,0,1,0,0
2003,Never treated,5.03043792139244,8.48528964240323,10.1231450345655,20171,0,1,0,0
2004,Never treated,4.91265488573605,8.44009614103127,10.1422682046297,20171,0,1,0,0
2005,Never treated,4.81218435537242,8.44268513924118,10.2243384082544,20171,0,1,0,0
2006,Never treated,4.8283137373023,8.43098149459717,10.2287182679337,20171,0,1,0,0
2007,Never treated,4.79579054559674,8.41693076947784,10.2812730915375,20171,0,1,0,0
2001,Never treated,9.23999625688369,13.0307654984765,10.4322611436028,20173,0,1,0,0
2002,Never treated,9.14099029384139,13.039835751544,10.4466835563326,20173,0,1,0,0
2003,Never treated,9.09043007530363,13.0437508132545,10.4516378623623,20173,0,1,0,0
2004,Never treated,8.98532006064911,13.0463092049385,10.4903849332534,20173,0,1,0,0
2005,Never treated,9.03408040656082,13.0504483835304,10.5294794579087,20173,0,1,0,0
2006,Never treated,9.07669468710627,13.0567255856234,10.6072036844453,20173,0,1,0,0
2007,Never treated,9.15175741454389,13.0712279652896,10.627600312353,20173,0,1,0,0
2001,Never treated,6.13339804299665,10.0282682694334,10.2100159127843,20175,0,1,0,0
2002,Never treated,6.06378520868761,10.043553796433,10.1899814193511,20175,0,1,0,0
2003,Never treated,5.91620206260743,10.049577258408,10.2138357954868,20175,0,1,0,0
2004,Never treated,5.95583736946483,10.0543184422387,10.2312433396166,20175,0,1,0,0
2005,Never treated,5.89164421182577,10.0311329063718,10.2729454453383,20175,0,1,0,0
2006,Never treated,6.01126717440416,10.0262360177952,10.3261047194619,20175,0,1,0,0
2007,Never treated,6.12686918411419,10.0273410147031,10.341903760784,20175,0,1,0,0
2001,Never treated,8.30943074214033,12.046197277566,10.3259081012937,20177,0,1,0,0
2002,Never treated,8.2190566610606,12.0467661975426,10.3642927556775,20177,0,1,0,0
2003,Never treated,8.13094230223188,12.0509089527785,10.3678503018918,20177,0,1,0,0
2004,Never treated,8.03495502450216,12.0526475357466,10.4128921671467,20177,0,1,0,0
2005,Never treated,7.95892649305011,12.0532361018476,10.4503943508731,20177,0,1,0,0
2006,Never treated,7.89133075766189,12.0564467135743,10.4960129717854,20177,0,1,0,0
2007,Never treated,7.96693349840484,12.0654533357206,10.5311357508634,20177,0,1,0,0
2001,Never treated,4.40671924726425,7.90801944463247,9.95854375828421,20179,0,1,0,0
2002,Never treated,4.30406509320417,7.89058253465654,10.0178870928446,20179,0,1,0,0
2003,Never treated,4.20469261939097,7.89245204352035,9.99488098096534,20179,0,1,0,0
2004,Never treated,4.0943445622221,7.86249719723055,10.0417265967599,20179,0,1,0,0
2005,Never treated,3.93182563272433,7.83557924666997,10.0756325028785,20179,0,1,0,0
2006,Never treated,3.97029191355212,7.82404601085629,10.0975729762503,20179,0,1,0,0
2007,Never treated,3.95124371858143,7.80547462527086,10.1699587565855,20179,0,1,0,0
2001,Never treated,5.14166355650266,8.80161997114735,9.85240476230681,20181,0,1,0,0
2002,Never treated,5.02388052084628,8.76857428414169,9.865370230423,20181,0,1,0,0
2003,Never treated,4.74493212836325,8.75210719832936,9.85765301619233,20181,0,1,0,0
2004,Never treated,4.90527477843843,8.73117490093806,9.91006586789625,20181,0,1,0,0
2005,Never treated,4.84418708645859,8.71193726820875,10.0458114277483,20181,0,1,0,0
2006,Never treated,4.70048036579242,8.68406264365127,10.0915426411778,20181,0,1,0,0
2007,Never treated,4.74493212836325,8.68101127664563,10.0976141547798,20181,0,1,0,0
2001,Never treated,4.26267987704132,8.39570329382853,9.80001414405985,20183,0,1,0,0
2002,Never treated,4.35670882668959,8.36683530982767,9.8035014576602,20183,0,1,0,0
2003,Never treated,3.97029191355212,8.35349709874545,9.84887295926291,20183,0,1,0,0
2004,Never treated,3.93182563272433,8.33254893925264,9.86026685008157,20183,0,1,0,0
2005,Never treated,3.63758615972639,8.31532177537757,9.90538574981921,20183,0,1,0,0
2006,Never treated,4.17438726989564,8.29529885950246,9.92554254331696,20183,0,1,0,0
2007,Never treated,4.38202663467388,8.28045768658256,9.94068699352523,20183,0,1,0,0
2001,Never treated,7.58882987830781,11.9732953382477,10.4714682568032,20209,0,1,0,0
2002,Never treated,7.50384074669895,11.968335625663,10.5047935294305,20209,0,1,0,0
2003,Never treated,7.34794382314869,11.9640138231028,10.5258634955389,20209,0,1,0,0
2004,Never treated,7.41397029019044,11.9574894839423,10.5663301528312,20209,0,1,0,0
2005,Never treated,7.38956395367764,11.9471788520059,10.5782416119792,20209,0,1,0,0
2006,Never treated,7.49052940206071,11.9395387000126,10.6210346199196,20209,0,1,0,0
2007,Never treated,7.66199755890189,11.9402629523842,10.6375607222087,20209,0,1,0,0
2001,Never treated,4.21950770517611,7.78821155784708,9.91200120830133,20187,0,1,0,0
2002,Never treated,3.8286413964891,7.793999089504,10.0262360177952,20187,0,1,0,0
2003,Never treated,3.43398720448515,7.77779262633883,10.0876823537118,20187,0,1,0,0
2004,Never treated,3.78418963391826,7.76895604453833,10.124909622952,20187,0,1,0,0
2005,Never treated,3.55534806148941,7.70345904786717,10.1436062080563,20187,0,1,0,0
2006,Never treated,3.73766961828337,7.68570306123455,10.1517918995088,20187,0,1,0,0
2007,Never treated,3.97029191355212,7.66669020008009,10.3019280457073,20187,0,1,0,0
2001,Never treated,4.969813299576,8.58727879898293,10.0621992436909,20189,0,1,0,0
2002,Never treated,4.91998092582813,8.58035576637388,10.0993832293572,20189,0,1,0,0
2003,Never treated,4.48863636973214,8.58260632996447,10.2062183231894,20189,0,1,0,0
2004,Never treated,4.58496747867057,8.61104776688786,10.2155939088984,20189,0,1,0,0
2005,Never treated,4.58496747867057,8.57979233317276,10.2198664053099,20189,0,1,0,0
2006,Never treated,4.60517018598809,8.54694614956558,10.2670189372713,20189,0,1,0,0
2007,Never treated,4.68213122712422,8.52615293278771,10.3169869656726,20189,0,1,0,0
2001,Never treated,6.06610809010375,10.1563064041601,10.0278268267917,20191,0,1,0,0
2002,Never treated,5.79605775076537,10.1476095102355,10.0552639875019,20191,0,1,0,0
2003,Never treated,5.65599181081985,10.1382829565908,10.050052389618,20191,0,1,0,0
2004,Never treated,5.67332326717149,10.1300652005846,10.0917083412611,20191,0,1,0,0
2005,Never treated,5.62401750618734,10.1038536561604,10.1129377767183,20191,0,1,0,0
2006,Never treated,5.74620319054015,10.0900501035873,10.1425044530066,20191,0,1,0,0
2007,Never treated,5.77455154554441,10.0756325028785,10.1920442423986,20191,0,1,0,0
2001,Never treated,5.67675380226828,9.00540504031064,9.8790411596312,20193,0,1,0,0
2002,Never treated,5.32300997913841,8.99665197943273,9.94083150567655,20193,0,1,0,0
2003,Never treated,5.33271879326537,8.98117874833641,9.96927529307413,20193,0,1,0,0
2004,Never treated,5.19849703126583,8.96098117384356,9.97743479748821,20193,0,1,0,0
2005,Never treated,5.30330490805908,8.93115542977835,10.0198473536523,20193,0,1,0,0
2006,Never treated,5.38449506278909,8.91247327446604,10.0818010879325,20193,0,1,0,0
2007,Never treated,5.29330482472449,8.90747697752874,10.1603366363155,20193,0,1,0,0
2001,Never treated,4.97673374242057,8.08363720314155,9.79283528243253,20195,0,1,0,0
2002,Never treated,4.94875989037817,8.05293303679757,9.8053233037489,20195,0,1,0,0
2003,Never treated,4.48863636973214,8.04109100370863,9.82487715195422,20195,0,1,0,0
2004,Never treated,4.38202663467388,8.05006542291597,9.86224880451953,20195,0,1,0,0
2005,Never treated,4.33073334028633,8.00936307663004,9.93119999110266,20195,0,1,0,0
2006,Never treated,4.40671924726425,7.98820359702258,9.99747868095637,20195,0,1,0,0
2007,Never treated,4.46590811865458,7.98684490116138,10.1220204912927,20195,0,1,0,0
2001,Never treated,3.95124371858143,8.82761475083751,9.89409356689426,20197,0,1,0,0
2002,Never treated,4.02535169073515,8.8206993992149,9.9206887598559,20197,0,1,0,0
2003,Never treated,4.45434729625351,8.82981174915805,9.88847543241562,20197,0,1,0,0
2004,Never treated,4.23410650459726,8.8337542234184,9.99592998792569,20197,0,1,0,0
2005,Never treated,4.18965474202643,8.82526595351575,10.0054121722581,20197,0,1,0,0
2006,Never treated,4.17438726989564,8.81195017753998,10.0371439373488,20197,0,1,0,0
2007,Never treated,4.11087386417331,8.82688134413063,10.1459630321498,20197,0,1,0,0
2001,Never treated,2.83321334405622,7.43602781635185,9.78661660080471,20199,0,1,0,0
2002,Never treated,3.49650756146648,7.41878088275079,9.80416433124134,20199,0,1,0,0
2003,Never treated,3.17805383034795,7.38770923908104,9.83445896612569,20199,0,1,0,0
2004,Never treated,2.94443897916644,7.36770857237437,9.8568151443377,20199,0,1,0,0
2005,Never treated,3.04452243772342,7.31986492980897,9.86016242779775,20199,0,1,0,0
2006,Never treated,2.77258872223978,7.30586003268401,9.96533495586221,20199,0,1,0,0
2007,Never treated,3.09104245335832,7.26682734752059,10.0489722192781,20199,0,1,0,0
2001,Never treated,6.85540879860993,10.4863175087852,10.0338138142117,20125,0,1,0,0
2002,Never treated,6.61740297797448,10.471241563688,10.0432060157052,20125,0,1,0,0
2003,Never treated,6.56103066589657,10.4646164808114,10.062796335021,20125,0,1,0,0
2004,Never treated,6.44888939414686,10.4588084161887,10.1047126397493,20125,0,1,0,0
2005,Never treated,6.45519856334012,10.4421423282208,10.1555683537449,20125,0,1,0,0
2006,Never treated,6.50578406012823,10.4433087131434,10.2153377097937,20125,0,1,0,0
2007,Never treated,6.53233429222235,10.4458699812063,10.29725113067,20125,0,1,0,0
2001,Never treated,5.01063529409626,8.74989095553526,9.70430463866676,20201,0,1,0,0
2002,Never treated,5.00394630594546,8.73552518573323,9.74636579676392,20201,0,1,0,0
2003,Never treated,5.04985600724954,8.7279402223939,9.80785732152088,20201,0,1,0,0
2004,Never treated,4.9416424226093,8.71259548774872,9.81798412892219,20201,0,1,0,0
2005,Never treated,4.99721227376411,8.69851424787661,9.86381073538323,20201,0,1,0,0
2006,Never treated,4.9416424226093,8.68440111040014,9.90678211948556,20201,0,1,0,0
2007,Never treated,4.93447393313069,8.66630261400408,9.95736001800062,20201,0,1,0,0
2001,Never treated,3.55534806148941,7.83557924666997,10.0154760544842,20203,0,1,0,0
2002,Never treated,3.2188758248682,7.81722278550817,10.0039661711023,20203,0,1,0,0
2003,Never treated,3.36729582998647,7.80180040190897,10.027517700953,20203,0,1,0,0
2004,Never treated,3.40119738166216,7.75876054415766,10.0849337262941,20203,0,1,0,0
2005,Never treated,3.36729582998647,7.7445698093545,10.1864083078862,20203,0,1,0,0
2006,Never treated,2.99573227355399,7.71199650704767,10.1782743370022,20203,0,1,0,0
2007,Never treated,3.29583686600433,7.68156036255954,10.2240118657919,20203,0,1,0,0
2001,Never treated,4.02535169073515,8.23853693017177,9.78509808303591,20207,0,1,0,0
2002,Never treated,3.78418963391826,8.20385137218388,9.80394342219974,20207,0,1,0,0
2003,Never treated,3.55534806148941,8.19808924895612,9.82676848212272,20207,0,1,0,0
2004,Never treated,3.63758615972639,8.1744211526465,9.82124659715222,20207,0,1,0,0
2005,Never treated,3.76120011569356,8.15450017515194,9.95399053470923,20207,0,1,0,0
2006,Never treated,3.68887945411394,8.12710918534638,10.0342526224157,20207,0,1,0,0
2007,Never treated,3.85014760171006,8.09864284375942,10.0658614715204,20207,0,1,0,0
2001,Never treated,3.95124371858143,8.17695386822578,9.76002125751085,20105,0,1,0,0
2002,Never treated,3.98898404656427,8.16337131645991,9.77707362768047,20105,0,1,0,0
2003,Never treated,3.91202300542815,8.16451026874704,9.75347828520942,20105,0,1,0,0
2004,Never treated,3.8286413964891,8.13358741766097,9.7979603563212,20105,0,1,0,0
2005,Never treated,3.78418963391826,8.12296471523406,9.82887175915534,20105,0,1,0,0
2006,Never treated,3.68887945411394,8.09437844497296,9.89646293759916,20105,0,1,0,0
2007,Never treated,3.76120011569356,8.09132127353041,9.9360999402636,20105,0,1,0,0
2001,Never treated,4.82028156560504,10.0538453341247,10.2944479744414,22007,0,0,1,0
2002,Never treated,4.86753445045558,10.0531137264919,10.3799390992108,22007,0,0,1,0
2003,Never treated,4.77912349311153,10.0538883532037,10.3627461602457,22007,0,0,1,0
2004,Never treated,4.83628190695148,10.0521661449075,10.395099775378,22007,0,0,1,0
2005,Never treated,4.57471097850338,10.03710019186,10.3441910960703,22007,0,0,1,0
2006,Never treated,4.91998092582813,10.0439014562513,10.4335862516457,22007,0,0,1,0
2007,Never treated,5.07517381523383,10.0472848202839,10.5333221268843,22007,0,0,1,0
2001,Never treated,5.95064255258773,10.6333764144492,9.87441913003878,22009,0,0,1,0
2002,Never treated,5.70711026474888,10.6345805955108,9.90203650026881,22009,0,0,1,0
2003,Never treated,5.84932477994686,10.6430649719739,9.92373125901317,22009,0,0,1,0
2004,Never treated,5.80513496891649,10.6444720625102,9.94174626465322,22009,0,0,1,0
2005,Never treated,5.75257263882563,10.6296825871423,9.97859502502293,22009,0,0,1,0
2006,Never treated,5.65948221575962,10.6519511737668,10.049577258408,22009,0,0,1,0
2007,Never treated,5.86078622346587,10.6501044074497,10.0980670067256,22009,0,0,1,0
2001,Never treated,5.4249500174814,10.4081643107152,10.211413331465,22011,0,0,1,0
2002,Never treated,5.41610040220442,10.4108471766589,10.2236852166646,22011,0,0,1,0
2003,Never treated,5.37527840768417,10.4223706276798,10.2629785277343,22011,0,0,1,0
2004,Never treated,5.39362754635236,10.4344686825057,10.3090859850895,22011,0,0,1,0
2005,Never treated,5.37989735354046,10.4418505192952,10.305011571411,22011,0,0,1,0
2006,Never treated,5.6021188208797,10.4540049323434,10.3561860581255,22011,0,0,1,0
2007,Never treated,5.63121178182137,10.4566540167916,10.4061096189514,22011,0,0,1,0
2001,Never treated,4.4188406077966,9.64853078469705,10.0513901824596,22013,0,0,1,0
2002,Never treated,4.27666611901606,9.64335579417135,10.1005745615306,22013,0,0,1,0
2003,Never treated,4.43081679884331,9.63782786411884,10.1856544442998,22013,0,0,1,0
2004,Never treated,4.55387689160054,9.63488889456061,10.2209589831737,22013,0,0,1,0
2005,Never treated,4.30406509320417,9.61593880452958,10.2186631892968,22013,0,0,1,0
2006,Never treated,4.33073334028633,9.60663018214889,10.2985318858164,22013,0,0,1,0
2007,Never treated,4.38202663467388,9.60777330838708,10.3254819625955,22013,0,0,1,0
2001,Never treated,7.24779258176785,11.5098607735974,10.0857674417953,22015,0,0,1,0
2002,Never treated,7.13249755166004,11.5211812916549,10.1200092275415,22015,0,0,1,0
2003,Never treated,7.07918439460967,11.5351662939061,10.1547130879773,22015,0,0,1,0
2004,Never treated,7.14519613499717,11.5494695221508,10.1985423793173,22015,0,0,1,0
2005,Never treated,7.14755927118945,11.5649579860624,10.2195748494931,22015,0,0,1,0
2006,Never treated,7.34018683532012,11.5861945138977,10.2830192786178,22015,0,0,1,0
2007,Never treated,7.33888813383888,11.5984699332418,10.3163254149737,22015,0,0,1,0
2001,Never treated,7.99328232810159,12.4343947648848,10.2871841021711,22017,0,0,1,0
2002,Never treated,7.89618060861549,12.431238151316,10.320980040857,22017,0,0,1,0
2003,Never treated,7.81843027207066,12.430950691738,10.3549770989556,22017,0,0,1,0
2004,Never treated,7.7397944584087,12.4327818324037,10.4006502623329,22017,0,0,1,0
2005,Never treated,7.77779262633883,12.4308588469557,10.4163411186364,22017,0,0,1,0
2006,Never treated,7.89245204352035,12.4421719080046,10.4665829937358,22017,0,0,1,0
2007,Never treated,7.82404601085629,12.4388258756228,10.5032576835908,22017,0,0,1,0
2001,Never treated,7.8087293067444,12.1177986535958,10.3016594631502,22019,0,0,1,0
2002,Never treated,7.90137735379262,12.1186066197489,10.3204199920852,22019,0,0,1,0
2003,Never treated,7.85166117788927,12.123771973907,10.3310076514251,22019,0,0,1,0
2004,Never treated,7.62803112693033,12.1261361822125,10.3767047626951,22019,0,0,1,0
2005,Never treated,7.59940133341582,12.1256702898577,10.4255201430002,22019,0,0,1,0
2006,Never treated,7.93451346388226,12.1183555650449,10.4827939166723,22019,0,0,1,0
2007,Never treated,7.84541603659248,12.1244178057363,10.5233379702846,22019,0,0,1,0
2001,Never treated,4.29045944114839,9.26407069439715,9.90498642865986,22021,0,0,1,0
2002,Never treated,4.33073334028633,9.27021176901357,9.9536577164487,22021,0,0,1,0
2003,Never treated,4.29045944114839,9.27406606285673,9.99597557197128,22021,0,0,1,0
2004,Never treated,4.48863636973214,9.27697045427395,10.0352611511456,22021,0,0,1,0
2005,Never treated,4.39444915467244,9.24936875894366,10.0789523218669,22021,0,0,1,0
2006,Never treated,4.46590811865458,9.24522477382969,10.1029529764958,22021,0,0,1,0
2007,Never treated,4.44265125649032,9.24753981296529,10.1295069645958,22021,0,0,1,0
2001,Never treated,7.1800698743028,11.2841787451856,10.4229656355813,22005,0,0,1,0
2002,Never treated,7.10578612948127,11.3117268524066,10.4236197356224,22005,0,0,1,0
2003,Never treated,7.09920174355309,11.3438793976263,10.4230845946892,22005,0,0,1,0
2004,Never treated,7.0825485693553,11.3738817645975,10.459468169809,22005,0,0,1,0
2005,Never treated,7.00397413672268,11.3970206643256,10.4966210089497,22005,0,0,1,0
2006,Never treated,7.22037383672395,11.4670699903838,10.5786489543306,22005,0,0,1,0
2007,Never treated,7.09340462586877,11.5099410159293,10.5952838210251,22005,0,0,1,0
2001,Never treated,8.9138193508572,12.9259007046715,10.3220991983142,22033,0,0,1,0
2002,Never treated,8.86177531100083,12.9246316921508,10.363030408175,22033,0,0,1,0
2003,Never treated,8.74957394808293,12.927107329577,10.388102662282,22033,0,0,1,0
2004,Never treated,8.68016201969438,12.92771981556,10.4123512529886,22033,0,0,1,0
2005,Never treated,8.68440111040014,12.9292542433642,10.4528220977302,22033,0,0,1,0
2006,Never treated,8.78094111357239,12.9729673761567,10.535344264653,22033,0,0,1,0
2007,Never treated,8.65782432115598,12.9731670710422,10.593003146862,22033,0,0,1,0
2001,Never treated,6.24416690066374,10.9829340111097,10.006630611453,22001,0,0,1,0
2002,Never treated,6.33682573114644,10.9877304272369,10.0597217745668,22001,0,0,1,0
2003,Never treated,6.12029741895095,10.9888288363442,10.0787425331234,22001,0,0,1,0
2004,Never treated,5.97888576490112,10.9880685277913,10.1268710750549,22001,0,0,1,0
2005,Never treated,6.03787091992214,10.9819651587839,10.2580803302705,22001,0,0,1,0
2006,Never treated,6.19236248947487,10.9962158980453,10.2975546156919,22001,0,0,1,0
2007,Never treated,6.13988455222626,10.9973385241025,10.3258753278402,22001,0,0,1,0
2001,Never treated,5.4553211153577,10.1400999897973,10.0207371125864,22003,0,0,1,0
2002,Never treated,5.42053499927229,10.1331299405902,10.0395033564536,22003,0,0,1,0
2003,Never treated,5.4249500174814,10.1403367509064,10.0765160624185,22003,0,0,1,0
2004,Never treated,5.34233425196481,10.1370961536981,10.1233858436853,22003,0,0,1,0
2005,Never treated,5.31320597904179,10.1222213953616,10.1635029066262,22003,0,0,1,0
2006,Never treated,5.61312810638807,10.1496442581593,10.2572031218422,22003,0,0,1,0
2007,Never treated,5.40717177146012,10.1598724376301,10.2634321453425,22003,0,0,1,0
2001,Never treated,5.34233425196481,10.4734496325257,9.99984264077889,22039,0,0,1,0
2002,Never treated,5.36129216570943,10.4737606349455,10.0693409166228,22039,0,0,1,0
2003,Never treated,5.28826703069454,10.4697384224075,10.0527692552519,22039,0,0,1,0
2004,Never treated,5.18738580584075,10.4704477328457,10.0730193344017,22039,0,0,1,0
2005,Never treated,5.06890420222023,10.4695681130117,10.0619859103568,22039,0,0,1,0
2006,Never treated,5.15329159449778,10.4813922175838,10.132533649503,22039,0,0,1,0
2007,Never treated,5.2040066870768,10.4866524423598,10.1930927745498,22039,0,0,1,0
2001,Never treated,5.0998664278242,9.95503581441671,9.81765729593094,22041,0,0,1,0
2002,Never treated,5.03043792139244,9.94788713983281,9.88308074275847,22041,0,0,1,0
2003,Never treated,5.05624580534831,9.9475044379529,9.89212322245708,22041,0,0,1,0
2004,Never treated,4.99043258677874,9.93740577073959,9.91709455594235,22041,0,0,1,0
2005,Never treated,4.77068462446567,9.91195163094826,9.9327550502167,22041,0,0,1,0
2006,Never treated,4.69134788222914,9.90668244343265,9.99988804682244,22041,0,0,1,0
2007,Never treated,4.96284463025991,9.90488657344983,10.0543184422387,22041,0,0,1,0
2001,Never treated,3.55534806148941,9.12978086411777,9.88047477822706,22035,0,0,1,0
2002,Never treated,3.55534806148941,9.11613957657736,9.90123501748283,22035,0,0,1,0
2003,Never treated,3.29583686600433,9.10675605571961,9.97794546345414,22035,0,0,1,0
2004,Never treated,3.43398720448515,9.09043007530363,9.9865871217057,22035,0,0,1,0
2005,Never treated,3.55534806148941,9.04393153364228,10.0900086123938,22035,0,0,1,0
2006,Never treated,3.61091791264422,9.02389030459845,10.1172674008974,22035,0,0,1,0
2007,Never treated,3.58351893845611,9.01917986651502,10.1311807385489,22035,0,0,1,0
2001,Never treated,4.60517018598809,9.96420628757083,10.0951817155767,22037,0,0,1,0
2002,Never treated,4.58496747867057,9.95783368227624,10.1577808728426,22037,0,0,1,0
2003,Never treated,4.74493212836325,9.95513078568797,10.1694223581052,22037,0,0,1,0
2004,Never treated,4.77912349311153,9.94606800007125,10.225897085507,22037,0,0,1,0
2005,Never treated,4.39444915467244,9.93095679452567,10.2601124952248,22037,0,0,1,0
2006,Never treated,4.79579054559674,9.95275379383905,10.2824033254108,22037,0,0,1,0
2007,Never treated,4.79579054559674,9.94760012715445,10.3504144504519,22037,0,0,1,0
2001,Never treated,5.70711026474888,10.413072406866,10.568080925678,22047,0,0,1,0
2002,Never treated,5.80211837537706,10.4065329889832,10.5769420997503,22047,0,0,1,0
2003,Never treated,5.67332326717149,10.3977263726977,10.6036848227086,22047,0,0,1,0
2004,Never treated,5.63478960316925,10.3884721545423,10.6524241547381,22047,0,0,1,0
2005,Never treated,5.43372200355424,10.3806219473347,10.7112572239328,22047,0,0,1,0
2006,Never treated,5.50938833662798,10.3981837943722,10.725709333962,22047,0,0,1,0
2007,Never treated,5.54907608489522,10.401683759902,10.8043194093477,22047,0,0,1,0
2001,Never treated,4.23410650459726,9.19644426678407,10.3878870620656,22023,0,0,1,0
2002,Never treated,4.34380542185368,9.18707174503683,10.3839364396434,22023,0,0,1,0
2003,Never treated,4.27666611901606,9.18049952996516,10.381459351431,22023,0,0,1,0
2004,Never treated,4.17438726989564,9.17222304986305,10.3527781401843,22023,0,0,1,0
2005,Never treated,4.07753744390572,9.16649297219591,10.4430755449698,22023,0,0,1,0
2006,Never treated,3.63758615972639,8.94689552388845,10.6517619187214,22023,0,0,1,0
2007,Never treated,4.21950770517611,8.88571765171212,10.7294377355088,22023,0,0,1,0
2001,Never treated,3.66356164612965,9.83798857030343,10.1073667316689,22043,0,0,1,0
2002,Never treated,3.76120011569356,9.83873567530643,10.18270893407,22043,0,0,1,0
2003,Never treated,3.73766961828337,9.84501062277715,10.1641966017365,22043,0,0,1,0
2004,Never treated,4.0943445622221,9.85974462958821,10.1946635142422,22043,0,0,1,0
2005,Never treated,4.06044301054642,9.86765309952691,10.2440229518917,22043,0,0,1,0
2006,Never treated,4.17438726989564,9.88949004289227,10.2594472407405,22043,0,0,1,0
2007,Never treated,3.87120101090789,9.89212322245708,10.2995082018163,22043,0,0,1,0
2001,Never treated,6.80239476332431,11.2047821483818,10.2561845951056,22045,0,0,1,0
2002,Never treated,6.72142570079064,11.2080701054756,10.2756026809627,22045,0,0,1,0
2003,Never treated,6.65415252018322,11.2124147900796,10.3031693025552,22045,0,0,1,0
2004,Never treated,6.58063913728495,11.2140611031159,10.3676302902617,22045,0,0,1,0
2005,Never treated,6.58202513889283,11.2071337313461,10.4391033451093,22045,0,0,1,0
2006,Never treated,6.76272950693188,11.2200968383656,10.5753344849254,22045,0,0,1,0
2007,Never treated,6.77992190747225,11.2227068448665,10.6213517356329,22045,0,0,1,0
2001,Never treated,5.04342511691925,9.90742977176875,9.95242056364531,22029,0,0,1,0
2002,Never treated,4.94875989037817,9.90088416666601,9.98824221840094,22029,0,0,1,0
2003,Never treated,4.87519732320115,9.89308361882074,10.0000242525842,22029,0,0,1,0
2004,Never treated,4.91265488573605,9.87863117653726,10.0459415203311,22029,0,0,1,0
2005,Never treated,4.46590811865458,9.84950643866961,10.1058976434634,22029,0,0,1,0
2006,Never treated,4.89783979995091,9.86230090820588,10.1793753451052,22029,0,0,1,0
2007,Never treated,4.89783979995091,9.84818623675104,10.229259891735,22029,0,0,1,0
2001,Never treated,4.79579054559674,10.1483143146815,10.2224138992271,22031,0,0,1,0
2002,Never treated,4.8283137373023,10.1575094234953,10.2570275877794,22031,0,0,1,0
2003,Never treated,4.78749174278205,10.1643506908774,10.2877290241927,22031,0,0,1,0
2004,Never treated,4.46590811865458,10.1723689955242,10.3389320863855,22031,0,0,1,0
2005,Never treated,4.49980967033027,10.1649668101159,10.3800943329154,22031,0,0,1,0
2006,Never treated,4.57471097850338,10.1678114341607,10.4304915970296,22031,0,0,1,0
2007,Never treated,4.64439089914137,10.1779703971799,10.4806625568437,22031,0,0,1,0
2001,Never treated,5.14749447681345,9.55845881323179,9.95551058060328,22059,0,0,1,0
2002,Never treated,5.10594547390058,9.56444200779579,9.99168156327204,22059,0,0,1,0
2003,Never treated,5.10594547390058,9.55732855032537,9.98363794671896,22059,0,0,1,0
2004,Never treated,5.01063529409626,9.55350445388697,10.0360497256191,22059,0,0,1,0
2005,Never treated,4.82028156560504,9.53993184750517,10.1097697467749,22059,0,0,1,0
2006,Never treated,4.8283137373023,9.54866802909686,10.1777803878689,22059,0,0,1,0
2007,Never treated,4.91998092582813,9.54631248355571,10.2714584562167,22059,0,0,1,0
2001,Never treated,4.46590811865458,9.72058582747711,10.065733944899,22027,0,0,1,0
2002,Never treated,4.17438726989564,9.71872301409103,10.1544797066701,22027,0,0,1,0
2003,Never treated,4.0943445622221,9.71697723512072,10.1387968007492,22027,0,0,1,0
2004,Never treated,3.95124371858143,9.70173849807608,10.1953732772485,22027,0,0,1,0
2005,Never treated,3.89182029811063,9.6997176149363,10.2705236340245,22027,0,0,1,0
2006,Never treated,4.04305126783455,9.70649895869877,10.2985318858164,22027,0,0,1,0
2007,Never treated,3.95124371858143,9.70692507345183,10.3750836631101,22027,0,0,1,0
2001,Never treated,6.82001636467413,11.4674991367554,10.0201143644678,22063,0,0,1,0
2002,Never treated,6.86380339145295,11.502693294404,10.0374501021991,22063,0,0,1,0
2003,Never treated,6.80572255341699,11.5336688261081,10.0535871807802,22063,0,0,1,0
2004,Never treated,6.76734312526539,11.5689087441654,10.1096476988099,22063,0,0,1,0
2005,Never treated,6.89467003943348,11.5850600627294,10.1908820836519,22063,0,0,1,0
2006,Never treated,7.04053639021596,11.6367877621912,10.2536513448592,22063,0,0,1,0
2007,Never treated,7.00306545878646,11.6701685013876,10.3213422582902,22063,0,0,1,0
2001,Never treated,4.21950770517611,9.50621380345425,9.90528593447751,22065,0,0,1,0
2002,Never treated,4.18965474202643,9.48789634812895,9.98971111928475,22065,0,0,1,0
2003,Never treated,4.06044301054642,9.46831038044244,10.0176640925984,22065,0,0,1,0
2004,Never treated,3.78418963391826,9.44604470533525,10.033682134194,22065,0,0,1,0
2005,Never treated,3.91202300542815,9.40137386937216,10.0309128407914,22065,0,0,1,0
2006,Never treated,4.02535169073515,9.38731432244354,10.0716256648136,22065,0,0,1,0
2007,Never treated,4.14313472639153,9.37551576993517,10.1383224924399,22065,0,0,1,0
2001,Never treated,5.27811465923052,10.3317247309865,10.1207739843659,22067,0,0,1,0
2002,Never treated,5.24174701505964,10.3263340584751,10.1748877924136,22067,0,0,1,0
2003,Never treated,5.15329159449778,10.3301268958757,10.2190279531163,22067,0,0,1,0
2004,Never treated,4.91265488573605,10.3216385204515,10.2367403265304,22067,0,0,1,0
2005,Never treated,5.20948615284142,10.2901095728428,10.2466161577285,22067,0,0,1,0
2006,Never treated,5.03043792139244,10.2827797863403,10.2465097200211,22067,0,0,1,0
2007,Never treated,5.04985600724954,10.2607423283399,10.276980281401,22067,0,0,1,0
2001,Never treated,5.76519110278484,10.6462340935874,10.1483143146815,22061,0,0,1,0
2002,Never treated,5.82600010738045,10.6423487421768,10.197126845462,22061,0,0,1,0
2003,Never treated,5.71702770140622,10.6484916186363,10.1796029886164,22061,0,0,1,0
2004,Never treated,5.67675380226828,10.6521876922163,10.2000302534201,22061,0,0,1,0
2005,Never treated,5.75574221358691,10.6623054255857,10.2143855380379,22061,0,0,1,0
2006,Never treated,5.63478960316925,10.6589990172926,10.258466058337,22061,0,0,1,0
2007,Never treated,5.64544689764324,10.6618370963417,10.3104848196224,22061,0,0,1,0
2001,Never treated,8.48632152774915,13.0765079028179,10.4006198491701,22071,0,0,1,0
2002,Never treated,8.29729437026692,13.0658776784175,10.4461024987915,22071,0,0,1,0
2003,Never treated,8.31164394850298,13.0560825393137,10.4764143545312,22071,0,0,1,0
2004,Never treated,8.1371033896393,13.04140274857,10.5153433294595,22071,0,0,1,0
2005,Never treated,8.14206328310415,13.0252487706004,10.5933041929996,22071,0,0,1,0
2006,Never treated,7.1785454837637,12.2585132814696,10.7746972329696,22071,0,0,1,0
2007,Never treated,7.75147531802146,12.5711080432757,10.7823463704014,22071,0,0,1,0
2001,Never treated,7.54750168281497,11.8942891190527,10.1878390848915,22073,0,0,1,0
2002,Never treated,7.60290046220476,11.8990786253793,10.2260781694761,22073,0,0,1,0
2003,Never treated,7.51043055637801,11.9035949895906,10.2317475897353,22073,0,0,1,0
2004,Never treated,7.35115822643069,11.906574369233,10.2549187721518,22073,0,0,1,0
2005,Never treated,7.40367029001237,11.9069183514033,10.3021629962849,22073,0,0,1,0
2006,Never treated,7.45240245122364,11.9158406581402,10.3451560056045,22073,0,0,1,0
2007,Never treated,7.50988306115491,11.9175902529076,10.3876097934676,22073,0,0,1,0
2001,Never treated,5.4971682252932,10.2085428330453,10.4916074952284,22075,0,0,1,0
2002,Never treated,5.37989735354046,10.216325544869,10.5477858172008,22075,0,0,1,0
2003,Never treated,5.39816270151775,10.2393881972584,10.5822061397773,22075,0,0,1,0
2004,Never treated,5.30330490805908,10.274050608635,10.6155546179486,22075,0,0,1,0
2005,Never treated,5.28320372873799,10.2607423283399,10.6918085399657,22075,0,0,1,0
2006,Never treated,5.18738580584075,9.98091144950093,10.8200782394193,22075,0,0,1,0
2007,Never treated,5.52942908751142,9.96894752400791,10.8484046131986,22075,0,0,1,0
2001,Never treated,5.88332238848828,10.5654794070884,10.0485398242353,22069,0,0,1,0
2002,Never treated,5.73979291217923,10.5698799957873,10.0694256300796,22069,0,0,1,0
2003,Never treated,5.64190707093811,10.5624831501652,10.0926192012586,22069,0,0,1,0
2004,Never treated,5.53733426701854,10.5562813787469,10.1136269147151,22069,0,0,1,0
2005,Never treated,5.40717177146012,10.56625284221,10.1720250311402,22069,0,0,1,0
2006,Never treated,5.53733426701854,10.5818256174424,10.1990261812657,22069,0,0,1,0
2007,Never treated,5.78689738136671,10.5702137527383,10.2468289991624,22069,0,0,1,0
2001,Never treated,7.27793857294566,11.7471276436412,10.1771721153441,22079,0,0,1,0
2002,Never treated,7.30451594646016,11.7499088030907,10.2146419811731,22079,0,0,1,0
2003,Never treated,7.23993259132047,11.7548279618794,10.2412803454104,22079,0,0,1,0
2004,Never treated,7.10167597161944,11.7582765925085,10.2794208580383,22079,0,0,1,0
2005,Never treated,7.18992217074581,11.7548279618794,10.3162592358267,22079,0,0,1,0
2006,Never treated,7.33236920592906,11.7937566234102,10.3568853143996,22079,0,0,1,0
2007,Never treated,7.29573507274928,11.7976757439123,10.4016533781553,22079,0,0,1,0
2001,Never treated,4.12713438504509,9.1651337791381,9.9813740911932,22081,0,0,1,0
2002,Never treated,4.29045944114839,9.16743287096491,10.0153866450335,22081,0,0,1,0
2003,Never treated,4.02535169073515,9.17055950196434,10.0507430868179,22081,0,0,1,0
2004,Never treated,3.78418963391826,9.16868469670735,10.0957594401833,22081,0,0,1,0
2005,Never treated,3.36729582998647,9.12880488399366,10.1038536561604,22081,0,0,1,0
2006,Never treated,3.3322045101752,9.12652388588307,10.151284691289,22081,0,0,1,0
2007,Never treated,3.3322045101752,9.12008738299862,10.2636763157747,22081,0,0,1,0
2001,Never treated,4.91265488573605,9.94764796832178,9.93885469637342,22083,0,0,1,0
2002,Never treated,4.7361984483945,9.93899947353749,9.97408580138167,22083,0,0,1,0
2003,Never treated,4.91265488573605,9.932220771359,9.97878053657156,22083,0,0,1,0
2004,Never treated,4.77068462446567,9.92988602639066,10.0351296615878,22083,0,0,1,0
2005,Never treated,4.62497281328427,9.91926247165149,10.0709915359797,22083,0,0,1,0
2006,Never treated,4.82028156560504,9.92583595619989,10.1226230824528,22083,0,0,1,0
2007,Never treated,4.80402104473326,9.92471073898765,10.1519089110346,22083,0,0,1,0
2001,Never treated,4.8283137373023,10.0613883347884,9.98280692174038,22085,0,0,1,0
2002,Never treated,5.19295685089021,10.0607904019099,10.0011132313206,22085,0,0,1,0
2003,Never treated,5.10594547390058,10.0645003483838,10.0503114569769,22085,0,0,1,0
2004,Never treated,5.01727983681492,10.0680269395343,10.0817592530548,22085,0,0,1,0
2005,Never treated,4.62497281328427,10.0617725315018,10.108385663509,22085,0,0,1,0
2006,Never treated,4.89034912822175,10.0677724218439,10.1380061618718,22085,0,0,1,0
2007,Never treated,5.02388052084628,10.0732725203259,10.193541809133,22085,0,0,1,0
2001,Never treated,6.72262979485545,11.1060093045947,10.1534288162357,22087,0,0,1,0
2002,Never treated,6.65157187358973,11.1032715962406,10.2065876539663,22087,0,0,1,0
2003,Never treated,6.74051935960622,11.0954080183379,10.2544612753551,22087,0,0,1,0
2004,Never treated,6.58892647753352,11.091879604895,10.2650704328274,22087,0,0,1,0
2005,Never treated,6.5792512120101,11.0772536948047,10.3625882098102,22087,0,0,1,0
2006,Never treated,4.45434729625351,9.54136924893133,10.7819310276338,22087,0,0,1,0
2007,Never treated,5.21493575760899,10.4174781624453,10.7181884286487,22087,0,0,1,0
2001,Never treated,6.34388043412633,10.7900610696221,10.6547621217727,22089,0,0,1,0
2002,Never treated,6.3456363608286,10.8021029927303,10.6646671434879,22089,0,0,1,0
2003,Never treated,6.35957386867238,10.8074830063161,10.6607356585026,22089,0,0,1,0
2004,Never treated,6.21460809842219,10.8188778791671,10.7099410967254,22089,0,0,1,0
2005,Never treated,6.2363695902037,10.8230529169439,10.7582219787112,22089,0,0,1,0
2006,Never treated,6.30991827822652,10.8564573086688,10.8101521010157,22089,0,0,1,0
2007,Never treated,6.10479323241498,10.8579599964503,10.8581524855272,22089,0,0,1,0
2001,Never treated,3.13549421592915,9.2529208195113,9.9845143911785,22091,0,0,1,0
2002,Never treated,3.52636052461616,9.25234566612121,9.99415058743337,22091,0,0,1,0
2003,Never treated,3.2188758248682,9.24222656083851,9.98966524877718,22091,0,0,1,0
2004,Never treated,3.55534806148941,9.24077257909638,10.0133280182157,22091,0,0,1,0
2005,Never treated,3.17805383034795,9.22847494217167,10.0953468138106,22091,0,0,1,0
2006,Never treated,3.3322045101752,9.27491014262548,10.1612643877447,22091,0,0,1,0
2007,Never treated,3.36729582998647,9.26681521890416,10.2168373717365,22091,0,0,1,0
2001,Never treated,5.39816270151775,9.9647237520067,10.4860941573967,22093,0,0,1,0
2002,Never treated,5.2257466737132,9.96509992166365,10.5149636169515,22093,0,0,1,0
2003,Never treated,5.27299955856375,9.96119026266442,10.5181595462196,22093,0,0,1,0
2004,Never treated,5.04985600724954,9.95541564539649,10.5452888057445,22093,0,0,1,0
2005,Never treated,5.15329159449778,9.95142020629143,10.6789978235212,22093,0,0,1,0
2006,Never treated,4.91265488573605,9.9631705546973,10.7591361624407,22093,0,0,1,0
2007,Never treated,5.08140436498446,9.96387685254891,10.7639061018437,22093,0,0,1,0
2001,Never treated,6.25575004175337,10.6857667765489,10.3477566203012,22095,0,0,1,0
2002,Never treated,6.19031540585315,10.6966384265671,10.3938757475621,22095,0,0,1,0
2003,Never treated,6.13122648948314,10.7126161468058,10.4150828800042,22095,0,0,1,0
2004,Never treated,5.92692602597041,10.7261267283288,10.4213583010288,22095,0,0,1,0
2005,Never treated,5.92692602597041,10.7277068541898,10.5105865284706,22095,0,0,1,0
2006,Never treated,6.27664348934164,10.7715749480237,10.5859781529075,22095,0,0,1,0
2007,Never treated,6.01126717440416,10.7770795298772,10.6247604701551,22095,0,0,1,0
2001,Never treated,6.54678541076052,11.3858531674064,10.0666687626777,22097,0,0,1,0
2002,Never treated,6.47389069635227,11.389514120055,10.1183569673981,22097,0,0,1,0
2003,Never treated,6.39359075395063,11.3970543504273,10.1393103810074,22097,0,0,1,0
2004,Never treated,6.36647044773144,11.4000030971051,10.1911071230347,22097,0,0,1,0
2005,Never treated,6.30444880242198,11.3929024223705,10.2260781694761,22097,0,0,1,0
2006,Never treated,6.40025744530882,11.4157425326591,10.2697959454431,22097,0,0,1,0
2007,Never treated,6.41345895716736,11.4218074856014,10.3309098279963,22097,0,0,1,0
2001,Never treated,6.08904487544685,10.8014717374276,9.99204772951561,22099,0,0,1,0
2002,Never treated,6.23244801655052,10.8102530631852,9.96589881265752,22099,0,0,1,0
2003,Never treated,6.15060276844628,10.8195382556057,9.98838001955409,22099,0,0,1,0
2004,Never treated,5.97380961186926,10.8261181449565,10.033286990071,22099,0,0,1,0
2005,Never treated,6.03068526026126,10.8204380667061,10.0763057618983,22099,0,0,1,0
2006,Never treated,6.04263283368238,10.8427718935357,10.1916695000296,22099,0,0,1,0
2007,Never treated,6.14203740558736,10.8517225885928,10.235700732237,22099,0,0,1,0
2001,Never treated,6.35957386867238,10.8739065564485,10.3821721429697,22101,0,0,1,0
2002,Never treated,6.39692965521615,10.8691777867051,10.4023822854342,22101,0,0,1,0
2003,Never treated,6.29710931993394,10.8665855315175,10.4159218816415,22101,0,0,1,0
2004,Never treated,6.21860011969173,10.8591528318843,10.4419964344021,22101,0,0,1,0
2005,Never treated,6.12905021006055,10.8373627671673,10.4959300289744,22101,0,0,1,0
2006,Never treated,6.35610766069589,10.8515482324991,10.6189831367598,22101,0,0,1,0
2007,Never treated,6.4393503711001,10.8427718935357,10.6562941834019,22101,0,0,1,0
2001,Never treated,5.23110861685459,10.0268549664864,10.046851694844,22077,0,0,1,0
2002,Never treated,5.33271879326537,10.0243325622283,10.1020924794032,22077,0,0,1,0
2003,Never treated,5.46806014113513,10.0223366863745,10.0917497619922,22077,0,0,1,0
2004,Never treated,5.31811999384422,10.0187785968709,10.1423469602903,22077,0,0,1,0
2005,Never treated,5.28320372873799,9.99094882830612,10.1607619625665,22077,0,0,1,0
2006,Never treated,5.33271879326537,10.0154760544842,10.2165814910486,22077,0,0,1,0
2007,Never treated,5.13579843705026,10.0189122539515,10.3304531920903,22077,0,0,1,0
2001,Never treated,4.27666611901606,9.29357797054624,9.8296795353914,22025,0,0,1,0
2002,Never treated,4.12713438504509,9.28340494283319,9.8567103609772,22025,0,0,1,0
2003,Never treated,3.97029191355212,9.27462886185855,9.89308361882074,22025,0,0,1,0
2004,Never treated,3.89182029811063,9.26350192009041,9.90867407922343,22025,0,0,1,0
2005,Never treated,3.63758615972639,9.2369823029226,9.97002407633637,22025,0,0,1,0
2006,Never treated,4.0943445622221,9.24599704918422,10.0040113903024,22025,0,0,1,0
2007,Never treated,4.15888308335967,9.2545486266405,10.0466350617546,22025,0,0,1,0
2001,Never treated,2.484906649788,8.77863395266279,9.95934790203275,22107,0,0,1,0
2002,Never treated,2.30258509299405,8.76732914779405,9.9257870600309,22107,0,0,1,0
2003,Never treated,1.79175946922805,8.74671634969449,10.0578810600212,22107,0,0,1,0
2004,Never treated,1.94591014905531,8.72534492491121,10.1247092582876,22107,0,0,1,0
2005,Never treated,2.30258509299405,8.69249013327323,10.1291479339746,22107,0,0,1,0
2006,Never treated,2.77258872223978,8.69934806765309,10.2614766326196,22107,0,0,1,0
2007,Never treated,2.77258872223978,8.66181288102618,10.2231405642301,22107,0,0,1,0
2001,Never treated,7.434847875212,11.5619917814823,10.3376049032175,22109,0,0,1,0
2002,Never treated,7.43955930913332,11.5664946675129,10.3413553117518,22109,0,0,1,0
2003,Never treated,7.31121838441963,11.5723163849129,10.3601209472187,22109,0,0,1,0
2004,Never treated,7.27378631784489,11.5754682459426,10.3780744127147,22109,0,0,1,0
2005,Never treated,7.19518732017871,11.573597144503,10.4297238200016,22109,0,0,1,0
2006,Never treated,7.37713371283395,11.5902845750146,10.5590886170221,22109,0,0,1,0
2007,Never treated,7.48829351515943,11.595675274366,10.612754114976,22109,0,0,1,0
2001,Never treated,4.89783979995091,10.0387611765937,9.92632478643888,22111,0,0,1,0
2002,Never treated,4.71849887129509,10.0354364436654,9.95208722237219,22111,0,0,1,0
2003,Never treated,5.05624580534831,10.0404194070313,9.94059064048763,22111,0,0,1,0
2004,Never treated,4.69134788222914,10.0367501590409,9.98934409629581,22111,0,0,1,0
2005,Never treated,5.05624580534831,10.0319247417114,10.032408332603,22111,0,0,1,0
2006,Never treated,4.82028156560504,10.0346473852342,10.1020514848759,22111,0,0,1,0
2007,Never treated,4.88280192258637,10.0304725642906,10.1522208748493,22111,0,0,1,0
2001,Never treated,6.08677472691231,10.894421827406,10.1840317105814,22113,0,0,1,0
2002,Never treated,6.06145691892802,10.8988297317168,10.2516765928246,22113,0,0,1,0
2003,Never treated,6.06378520868761,10.901929536771,10.273912529999,22113,0,0,1,0
2004,Never treated,5.90808293816893,10.9082286255942,10.3037055854573,22113,0,0,1,0
2005,Never treated,5.92958914338989,10.9139605556375,10.3321807867635,22113,0,0,1,0
2006,Never treated,6.05443934626937,10.9218112699754,10.4180760876626,22113,0,0,1,0
2007,Never treated,6.00881318544259,10.9264599269955,10.4811116418405,22113,0,0,1,0
2001,Never treated,5.72031177660741,10.8644265494124,10.0549202562963,22115,0,0,1,0
2002,Never treated,5.81413053182507,10.8440024946345,10.1152870021497,22115,0,0,1,0
2003,Never treated,5.605802066296,10.8296890105188,10.1609552328943,22115,0,0,1,0
2004,Never treated,5.64544689764324,10.810172294265,10.1456098624481,22115,0,0,1,0
2005,Never treated,5.65599181081985,10.8256808300629,10.2194290397017,22115,0,0,1,0
2006,Never treated,5.74620319054015,10.7883495349066,10.2462613213044,22115,0,0,1,0
2007,Never treated,5.78382518232974,10.7615345759688,10.3057140887938,22115,0,0,1,0
2001,Never treated,5.82600010738045,10.6888264190855,10.0405937977541,22117,0,0,1,0
2002,Never treated,5.77765232322266,10.6894873501107,10.0613029376919,22117,0,0,1,0
2003,Never treated,5.78382518232974,10.6914902641088,10.0864339140989,22117,0,0,1,0
2004,Never treated,5.68017260901707,10.6941243543733,10.1308621403782,22117,0,0,1,0
2005,Never treated,5.79301360838414,10.690830655983,10.2065507270262,22117,0,0,1,0
2006,Never treated,5.78689738136671,10.6925810741433,10.2567115487986,22117,0,0,1,0
2007,Never treated,5.60947179518496,10.7157280211079,10.3028675169883,22117,0,0,1,0
2001,Never treated,5.68017260901707,10.6337137313375,10.1160553774782,22119,0,0,1,0
2002,Never treated,5.5834963087817,10.6340027695648,10.1202910481041,22119,0,0,1,0
2003,Never treated,5.6970934865054,10.6284240555855,10.1442745390229,22119,0,0,1,0
2004,Never treated,5.46806014113513,10.6279638121328,10.2029993767415,22119,0,0,1,0
2005,Never treated,5.61677109766657,10.6182983727321,10.2661147466342,22119,0,0,1,0
2006,Never treated,5.57594910314632,10.6194230947265,10.2810331806462,22119,0,0,1,0
2007,Never treated,5.81413053182507,10.6150147803775,10.3975433454261,22119,0,0,1,0
2001,Never treated,5.85507192220243,9.98271454298743,10.3351076181211,22121,0,0,1,0
2002,Never treated,5.79301360838414,9.98520577882099,10.3534797826944,22121,0,0,1,0
2003,Never treated,5.75574221358691,9.98525185433877,10.3623670372789,22121,0,0,1,0
2004,Never treated,5.6937321388027,9.99218500729742,10.3984886259551,22121,0,0,1,0
2005,Never treated,5.80814248998044,9.97738836037566,10.4201958394603,22121,0,0,1,0
2006,Never treated,5.85507192220243,10.0071265872956,10.5120839626932,22121,0,0,1,0
2007,Never treated,5.61677109766657,10.0272968382624,10.5541446814751,22121,0,0,1,0
2001,Never treated,4.75359019110636,9.40252974796849,9.84681137534257,22123,0,0,1,0
2002,Never treated,4.59511985013459,9.40672918598157,9.89751978075634,22123,0,0,1,0
2003,Never treated,4.20469261939097,9.40623604879726,9.87003417627691,22123,0,0,1,0
2004,Never treated,4.20469261939097,9.38756563134539,9.91205078319662,22123,0,0,1,0
2005,Never treated,4.18965474202643,9.37593955262575,10.1351546747912,22123,0,0,1,0
2006,Never treated,4.24849524204936,9.36606124697296,10.3553272111542,22123,0,0,1,0
2007,Never treated,4.27666611901606,9.34731582700326,10.1218999294744,22123,0,0,1,0
2001,Never treated,4.72738781871234,9.62575581093752,10.5079947579328,22125,0,0,1,0
2002,Never treated,5.03695260241363,9.6269432244948,10.5306551741621,22125,0,0,1,0
2003,Never treated,4.9416424226093,9.63043133227967,10.5630520960789,22125,0,0,1,0
2004,Never treated,4.93447393313069,9.62317823441376,10.604627704025,22125,0,0,1,0
2005,Never treated,4.89034912822175,9.6193325858605,10.6103896983284,22125,0,0,1,0
2006,Never treated,4.88280192258637,9.63161321028986,10.6188853420309,22125,0,0,1,0
2007,Never treated,4.89034912822175,9.6244348067824,10.6863383161779,22125,0,0,1,0
2001,Never treated,4.60517018598809,9.71619365411562,10.0563373866303,22127,0,0,1,0
2002,Never treated,4.30406509320417,9.71522840307542,10.0756325028785,22127,0,0,1,0
2003,Never treated,4.34380542185368,9.6990430786544,10.1372940520186,22127,0,0,1,0
2004,Never treated,4.0943445622221,9.68707132197135,10.1650437983368,22127,0,0,1,0
2005,Never treated,4.24849524204936,9.6637063600689,10.2003647202274,22127,0,0,1,0
2006,Never treated,4.4188406077966,9.6582900916905,10.2227772977339,22127,0,0,1,0
2007,Never treated,4.12713438504509,9.65123697191561,10.2517824820293,22127,0,0,1,0
2001,Never treated,7.94979721616185,12.1866451478641,10.1321757041057,22103,0,0,1,0
2002,Never treated,7.83636976054512,12.215626858335,10.1861445202714,22103,0,0,1,0
2003,Never treated,7.91315518592807,12.2429589051968,10.217421996132,22103,0,0,1,0
2004,Never treated,7.84698098213879,12.27230036417,10.2597974298461,22103,0,0,1,0
2005,Never treated,7.8815599170569,12.2901885847827,10.3529376476257,22103,0,0,1,0
2006,Never treated,8.01730750768858,12.3187895365864,10.4512909914237,22103,0,0,1,0
2007,Never treated,8.06022424044096,12.3296831131192,10.4706746059679,22103,0,0,1,0
2001,Never treated,8.89302349439471,13.0221628593646,10.286229773537,22051,0,0,1,0
2002,Never treated,8.74017672992908,13.0213002812644,10.3248916244458,22051,0,0,1,0
2003,Never treated,8.80567494403858,13.0218820502344,10.348461793739,22051,0,0,1,0
2004,Never treated,8.71997075677757,13.023843853159,10.3905019251986,22051,0,0,1,0
2005,Never treated,8.67539280608978,13.0162025415757,10.4688865852273,22051,0,0,1,0
2006,Never treated,8.67624612127084,12.9532865210445,10.586609649449,22051,0,0,1,0
2007,Never treated,8.70068073485016,12.9953001637922,10.6118188684211,22051,0,0,1,0
2001,Never treated,5.65948221575962,10.3483656630011,9.95318206955998,22053,0,0,1,0
2002,Never treated,5.76832099579377,10.3460878673066,9.96950934807812,22053,0,0,1,0
2003,Never treated,5.62762111369064,10.3454774353267,10.00437307031,22053,0,0,1,0
2004,Never treated,5.54126354515843,10.3475000702565,10.0430755667432,22053,0,0,1,0
2005,Never treated,5.50533153593236,10.3394818656791,10.1179939104547,22053,0,0,1,0
2006,Never treated,5.77144112313002,10.3483015707082,10.1703800107804,22053,0,0,1,0
2007,Never treated,5.86929691313377,10.3429353201418,10.2533342368813,22053,0,0,1,0
2001,Never treated,8.14496941708788,12.160327091827,10.3848019729277,22055,0,0,1,0
2002,Never treated,8.15162164696975,12.1696679636364,10.3910854901828,22055,0,0,1,0
2003,Never treated,8.07371464110986,12.1760617911284,10.4080737515121,22055,0,0,1,0
2004,Never treated,7.94520113241276,12.182809136285,10.4316421584239,22055,0,0,1,0
2005,Never treated,7.95542508891267,12.1931292398942,10.481279996733,22055,0,0,1,0
2006,Never treated,8.1721644521119,12.221960758357,10.5730589965674,22055,0,0,1,0
2007,Never treated,8.21365270303,12.2317550120549,10.6380645428592,22055,0,0,1,0
2001,Never treated,6.91075078796194,11.4091636706761,10.2927894028019,22057,0,0,1,0
2002,Never treated,6.99025650049388,11.4164916541289,10.3222965667359,22057,0,0,1,0
2003,Never treated,6.90875477931522,11.4234711063295,10.3148684610736,22057,0,0,1,0
2004,Never treated,6.79122146272619,11.4290546059331,10.3419360131263,22057,0,0,1,0
2005,Never treated,6.73459165997295,11.4233617426075,10.4181059745408,22057,0,0,1,0
2006,Never treated,6.90875477931522,11.4379324859288,10.551768111756,22057,0,0,1,0
2007,Never treated,7.02908756414966,11.4390743828943,10.6711390552642,22057,0,0,1,0
2001,Never treated,4.4188406077966,9.64121328401888,10.2028140645826,22049,0,0,1,0
2002,Never treated,4.24849524204936,9.63384184257045,10.2384228944538,22049,0,0,1,0
2003,Never treated,4.34380542185368,9.63462723432493,10.254637260432,22049,0,0,1,0
2004,Never treated,3.98898404656427,9.63312135784958,10.273532715413,22049,0,0,1,0
2005,Never treated,4.04305126783455,9.62032856881193,10.3347503534654,22049,0,0,1,0
2006,Never treated,4.06044301054642,9.63161321028986,10.3702045366761,22049,0,0,1,0
2007,Never treated,4.21950770517611,9.62079302159539,10.391361796885,22049,0,0,1,0
2001,Never treated,7.20042489294496,11.5289267586972,10.0126558095368,22105,0,0,1,0
2002,Never treated,7.17472430983638,11.5367689366547,10.0459415203311,22105,0,0,1,0
2003,Never treated,7.16626597413364,11.5486110909052,10.067263192043,22105,0,0,1,0
2004,Never treated,7.08506429395255,11.5617346765773,10.1203313017018,22105,0,0,1,0
2005,Never treated,7.0647590277918,11.5735783216822,10.1568110723515,22105,0,0,1,0
2006,Never treated,7.13966033596492,11.6355058637453,10.2399955028053,22105,0,0,1,0
2007,Never treated,7.21964204013074,11.6587645561868,10.273532715413,22105,0,0,1,0
2001,Never treated,6.58892647753352,10.3457023746743,10.092743345183,31001,0,1,0,0
2002,Never treated,6.47850964220857,10.3399020812882,10.1357097677835,31001,0,1,0,0
2003,Never treated,6.46925031679577,10.3410648345603,10.1719868055711,31001,0,1,0,0
2004,Never treated,6.42162226780652,10.3972382255117,10.1946261443361,31001,0,1,0,0
2005,Never treated,6.41673228251233,10.4047778593188,10.2113030799075,31001,0,1,0,0
2006,Never treated,6.33327962813969,10.4003765105632,10.2567115487986,31001,0,1,0,0
2007,Never treated,6.34388043412633,10.4004069311275,10.3215068592156,31001,0,1,0,0
2001,Never treated,4.70048036579242,8.88944616531829,9.86925836098547,31003,0,1,0,0
2002,Never treated,4.65396035015752,8.89041055197428,9.91660119168151,31003,0,1,0,0
2003,Never treated,4.62497281328427,8.88239170629585,9.96288789581758,31003,0,1,0,0
2004,Never treated,4.44265125649032,8.86531163267185,10.0369251907658,31003,0,1,0,0
2005,Never treated,4.4188406077966,8.84505705350085,10.0689596172346,31003,0,1,0,0
2006,Never treated,4.55387689160054,8.82790796297859,10.0510451168937,31003,0,1,0,0
2007,Never treated,4.51085950651685,8.80687326653069,10.0943971265166,31003,0,1,0,0
2001,Never treated,5.8406416573734,9.38404154647653,9.97324679695098,31013,0,1,0,0
2002,Never treated,5.76519110278484,9.38025190869346,9.99834308354881,31013,0,1,0,0
2003,Never treated,5.55682806169954,9.35962207469194,10.0357431316566,31013,0,1,0,0
2004,Never treated,5.5834963087817,9.34460899278122,10.0871415545639,31013,0,1,0,0
2005,Never treated,5.70044357339069,9.31784857969147,10.1142750816408,31013,0,1,0,0
2006,Never treated,5.54907608489522,9.30209879721572,10.1611484658759,31013,0,1,0,0
2007,Never treated,5.55682806169954,9.30928031983109,10.2175680988424,31013,0,1,0,0
2001,Never treated,4.35670882668959,8.16080392095467,9.87729756944589,31017,0,1,0,0
2002,Never treated,4.46590811865458,8.15622332319462,9.87411023382545,31017,0,1,0,0
2003,Never treated,4.44265125649032,8.15248607578024,9.91115805884035,31017,0,1,0,0
2004,Never treated,4.56434819146784,8.14409846333852,9.95370526869675,31017,0,1,0,0
2005,Never treated,4.48863636973214,8.09864284375942,10.0016572763084,31017,0,1,0,0
2006,Never treated,4.46590811865458,8.09681747057232,10.0399396756716,31017,0,1,0,0
2007,Never treated,4.35670882668959,8.06243279158319,10.0730193344017,31017,0,1,0,0
2001,Never treated,7.13249755166004,10.6533222027259,10.1361060742129,31019,0,1,0,0
2002,Never treated,6.9985096422506,10.6643401094501,10.1507381791936,31019,0,1,0,0
2003,Never treated,6.99025650049388,10.670187193839,10.1841827736883,31019,0,1,0,0
2004,Never treated,6.95272864462487,10.6784681441951,10.2278872079231,31019,0,1,0,0
2005,Never treated,6.81892406527552,10.6937841295949,10.2644781705425,31019,0,1,0,0
2006,Never treated,6.89568269774787,10.7035590254176,10.282677129232,31019,0,1,0,0
2007,Never treated,6.87419849545329,10.7119034995138,10.3352699689617,31019,0,1,0,0
2001,Never treated,4.89783979995091,8.94845599234554,9.9311027195691,31021,0,1,0,0
2002,Never treated,4.61512051684126,8.93208043810331,9.94530105534954,31021,0,1,0,0
2003,Never treated,4.64439089914137,8.92159106356398,9.96899435473825,31021,0,1,0,0
2004,Never treated,4.38202663467388,8.92890541228487,10.0391105063208,31021,0,1,0,0
2005,Never treated,4.4188406077966,8.8858559930003,10.0640746171841,31021,0,1,0,0
2006,Never treated,4.33073334028633,8.87332798950246,10.0620285806647,31021,0,1,0,0
2007,Never treated,4.44265125649032,8.85437945877111,10.1254303832738,31021,0,1,0,0
2001,Never treated,5.00394630594546,9.09560269450576,9.93842023907615,31023,0,1,0,0
2002,Never treated,4.86753445045558,9.0940312495758,9.98276073343064,31023,0,1,0,0
2003,Never treated,4.76217393479776,9.08851166361105,10.025351140293,31023,0,1,0,0
2004,Never treated,4.51085950651685,9.08273424737104,10.0787005700928,31023,0,1,0,0
2005,Never treated,4.70953020131233,9.04993685048316,10.0981493214147,31023,0,1,0,0
2006,Never treated,4.62497281328427,9.03753340755081,10.1560345542196,31023,0,1,0,0
2007,Never treated,4.77068462446567,9.03527244389354,10.1633101281088,31023,0,1,0,0
2001,Never treated,5.82600010738045,10.1102171285821,10.0154313507581,31025,0,1,0,0
2002,Never treated,5.56068163101553,10.1199286927907,10.0512176645605,31025,0,1,0,0
2003,Never treated,5.57594910314632,10.1375314783186,10.0802520306635,31025,0,1,0,0
2004,Never treated,5.40267738187228,10.1485100055688,10.1354719085158,31025,0,1,0,0
2005,Never treated,5.47227067367148,10.1422682046297,10.164658797947,31025,0,1,0,0
2006,Never treated,5.45958551414416,10.1438421405807,10.1808541024604,31025,0,1,0,0
2007,Never treated,5.48479693349065,10.1472177374587,10.2065876539663,31025,0,1,0,0
2001,Never treated,5.2257466737132,9.15281718573252,9.92896034850916,31027,0,1,0,0
2002,Never treated,5.23644196282995,9.14056147736827,9.95475084647367,31027,0,1,0,0
2003,Never treated,5.14749447681345,9.12793654572137,9.97794546345414,31027,0,1,0,0
2004,Never treated,5.08759633523238,9.11415981350221,9.99355674962499,31027,0,1,0,0
2005,Never treated,5.07517381523383,9.09773142759353,10.0419442956831,31027,0,1,0,0
2006,Never treated,5.02388052084628,9.07130816328062,10.0864755538732,31027,0,1,0,0
2007,Never treated,5.01727983681492,9.05146186690869,10.1526886381696,31027,0,1,0,0
2001,Never treated,4.49980967033027,8.29079434738136,9.93105408025393,31029,0,1,0,0
2002,Never treated,4.51085950651685,8.29404964010203,9.93899947353749,31029,0,1,0,0
2003,Never treated,4.55387689160054,8.30152165494073,9.97604074521784,31029,0,1,0,0
2004,Never treated,4.45434729625351,8.28071107566285,10.0240666754945,31029,0,1,0,0
2005,Never treated,4.54329478227,8.24852912480022,10.0597217745668,31029,0,1,0,0
2006,Never treated,4.48863636973214,8.23536064375335,10.1059793161195,31029,0,1,0,0
2007,Never treated,4.43081679884331,8.21256839823415,10.1438028223587,31029,0,1,0,0
2001,Never treated,5.09375020080676,8.71440336070394,9.80250632268201,31031,0,1,0,0
2002,Never treated,5.05624580534831,8.71275997496021,9.84681137534257,31031,0,1,0,0
2003,Never treated,4.88280192258637,8.70731756027321,9.89585852537164,31031,0,1,0,0
2004,Never treated,5.01063529409626,8.71259548774872,9.9041873076504,31031,0,1,0,0
2005,Never treated,5.07517381523383,8.68710472813351,9.90218670680308,31031,0,1,0,0
2006,Never treated,4.96284463025991,8.66250492257629,9.96772915459759,31031,0,1,0,0
2007,Never treated,4.87519732320115,8.64329706821196,9.98672515110618,31031,0,1,0,0
2001,Never treated,5.83188247728352,9.20351714662806,10.0134624057447,31033,0,1,0,0
2002,Never treated,5.65248918026865,9.20412107216227,10.1947756155819,31033,0,1,0,0
2003,Never treated,5.49306144334055,9.2024090016499,10.328951347151,31033,0,1,0,0
2004,Never treated,5.5683445037611,9.19988591407232,10.3379935294287,31033,0,1,0,0
2005,Never treated,5.5834963087817,9.20663351004486,10.3315292148232,31033,0,1,0,0
2006,Never treated,5.54126354515843,9.18635500922567,10.3966277062461,31033,0,1,0,0
2007,Never treated,5.59842195899838,9.19948162864131,10.4599841952777,31033,0,1,0,0
2001,Never treated,4.7361984483945,8.84289333105554,10.1242683146611,31035,0,1,0,0
2002,Never treated,4.34380542185368,8.83840674707681,10.1681568506788,31035,0,1,0,0
2003,Never treated,4.21950770517611,8.83579236650274,10.174620947849,31035,0,1,0,0
2004,Never treated,4.15888308335967,8.82673459822091,10.2196841928861,31035,0,1,0,0
2005,Never treated,4.31748811353631,8.77924971622905,10.2342650333435,31035,0,1,0,0
2006,Never treated,4.15888308335967,8.76389700713946,10.2817527407176,31035,0,1,0,0
2007,Never treated,4.17438726989564,8.75084137537553,10.311349785244,31035,0,1,0,0
2001,Never treated,4.75359019110636,8.72469504674049,9.89595928611534,31011,0,1,0,0
2002,Never treated,4.80402104473326,8.71275997496021,9.92181850922085,31011,0,1,0,0
2003,Never treated,4.8283137373023,8.68304655550289,9.95242056364531,31011,0,1,0,0
2004,Never treated,4.76217393479776,8.67248607582227,9.97562215029533,31011,0,1,0,0
2005,Never treated,4.58496747867057,8.64646552712038,10.0313969211582,31011,0,1,0,0
2006,Never treated,4.70048036579242,8.62155320674048,10.0302083053153,31011,0,1,0,0
2007,Never treated,4.79579054559674,8.61431990214696,10.1011491798356,31011,0,1,0,0
2001,Never treated,5.59098698051086,9.22118139515406,10.0022463245594,31039,0,1,0,0
2002,Never treated,5.50938833662798,9.21064032698518,10.0163697095928,31039,0,1,0,0
2003,Never treated,5.52545293913178,9.19563274310391,10.0584807345016,31039,0,1,0,0
2004,Never treated,5.56452040732269,9.18881025342582,10.0933224798066,31039,0,1,0,0
2005,Never treated,5.48063892334199,9.17305378719017,10.1204922998909,31039,0,1,0,0
2006,Never treated,5.45958551414416,9.1531348982054,10.1540516994263,31039,0,1,0,0
2007,Never treated,5.4249500174814,9.13475438501959,10.1882904842371,31039,0,1,0,0
2001,Never treated,5.30826769740121,9.3647767252806,9.9608126191554,31041,0,1,0,0
2002,Never treated,5.31811999384422,9.35582503871816,10.0080727677262,31041,0,1,0,0
2003,Never treated,5.11198778835654,9.35079772467144,10.0447266642289,31041,0,1,0,0
2004,Never treated,5.04342511691925,9.34862295977619,10.0730615365076,31041,0,1,0,0
2005,Never treated,5.06890420222023,9.3171298661577,10.1019694907795,31041,0,1,0,0
2006,Never treated,5.21493575760899,9.30291955326928,10.1363437827041,31041,0,1,0,0
2007,Never treated,5.28826703069454,9.28933637820268,10.1777803878689,31041,0,1,0,0
2001,Never treated,5.98645200528444,9.92240743738864,10.1617665606186,31043,0,1,0,0
2002,Never treated,5.85507192220243,9.92373125901317,10.1861068306454,31043,0,1,0,0
2003,Never treated,5.80211837537706,9.93348315257151,10.2596223506224,31043,0,1,0,0
2004,Never treated,5.73334127689775,9.92905782864766,10.2600774928622,31043,0,1,0,0
2005,Never treated,5.69035945432406,9.90618391408387,10.3164908436826,31043,0,1,0,0
2006,Never treated,5.66988092298052,9.90927079729186,10.3708000639704,31043,0,1,0,0
2007,Never treated,5.72358510195238,9.92098360015288,10.3994939114038,31043,0,1,0,0
2001,Never treated,5.14749447681345,9.10686696349991,9.88313177227905,31045,0,1,0,0
2002,Never treated,4.94875989037817,9.10908253990196,9.90608417838339,31045,0,1,0,0
2003,Never treated,4.99043258677874,9.10331179921766,9.92034466960255,31045,0,1,0,0
2004,Never treated,4.78749174278205,9.07577987858049,9.96279365843353,31045,0,1,0,0
2005,Never treated,4.83628190695148,9.08182494974075,9.98492928112337,31045,0,1,0,0
2006,Never treated,4.71849887129509,9.07165285220229,10.0451173146668,31045,0,1,0,0
2007,Never treated,4.72738781871234,9.07932010953778,10.0445529928147,31045,0,1,0,0
2001,Never treated,6.42486902390539,10.1084263991955,10.041552403492,31047,0,1,0,0
2002,Never treated,6.16751649088834,10.1029939340842,10.0815500524097,31047,0,1,0,0
2003,Never treated,6.21460809842219,10.1092000621207,10.1370169834028,31047,0,1,0,0
2004,Never treated,6.07764224334903,10.1085078655906,10.1326926952289,31047,0,1,0,0
2005,Never treated,6.08904487544685,10.1014773849668,10.2049985629244,31047,0,1,0,0
2006,Never treated,6.1463292576689,10.1087115025474,10.2032587560852,31047,0,1,0,0
2007,Never treated,6.07304453410041,10.1177114416757,10.2823006296469,31047,0,1,0,0
2001,Never treated,3.29583686600433,7.64156444126097,9.86713472307033,31049,0,1,0,0
2002,Never treated,3.36729582998647,7.62608275807238,9.8788874356679,31049,0,1,0,0
2003,Never treated,3.17805383034795,7.62657020629066,9.92822894442457,31049,0,1,0,0
2004,Never treated,2.99573227355399,7.61579107203583,9.93367722369918,31049,0,1,0,0
2005,Never treated,3.04452243772342,7.56837926783652,9.92407418614452,31049,0,1,0,0
2006,Never treated,3.25809653802148,7.54855597916987,9.931588982647,31049,0,1,0,0
2007,Never treated,2.94443897916644,7.5422134631934,10.0227805587241,31049,0,1,0,0
2001,Never treated,4.8283137373023,8.7371316117815,9.99670463424726,31051,0,1,0,0
2002,Never treated,4.70953020131233,8.73004395324502,10.0220702683631,31051,0,1,0,0
2003,Never treated,4.72738781871234,8.7227428743294,10.0568522092424,31051,0,1,0,0
2004,Never treated,4.74493212836325,8.71964411950536,10.0848086089965,31051,0,1,0,0
2005,Never treated,4.7361984483945,8.72469504674049,10.1105017219205,31051,0,1,0,0
2006,Never treated,4.63472898822964,8.72469504674049,10.1081412145365,31051,0,1,0,0
2007,Never treated,4.60517018598809,8.7371316117815,10.1553740393825,31051,0,1,0,0
2001,Never treated,6.95749737087695,10.4948788241417,10.1012722693834,31053,0,1,0,0
2002,Never treated,6.81783057145415,10.4905239360475,10.1264310838477,31053,0,1,0,0
2003,Never treated,6.71901315438526,10.4924679491015,10.151869908714,31053,0,1,0,0
2004,Never treated,6.73101810048208,10.4912742174382,10.1699587565855,31053,0,1,0,0
2005,Never treated,6.76388490856244,10.487740202379,10.1922315609343,31053,0,1,0,0
2006,Never treated,6.69826805411541,10.4872661960407,10.2334745194683,31053,0,1,0,0
2007,Never treated,6.73101810048208,10.4872940849869,10.2598674529538,31053,0,1,0,0
2001,Never treated,9.57248035534597,13.0558837735841,10.4001939677412,31055,0,1,0,0
2002,Never treated,9.47493292120293,13.0633668045966,10.4438331428381,31055,0,1,0,0
2003,Never treated,9.36546200884348,13.0741474483304,10.4783015461342,31055,0,1,0,0
2004,Never treated,9.3321154289021,13.0840444974772,10.516589942087,31055,0,1,0,0
2005,Never treated,9.31118068690225,13.0971378728523,10.5477070594726,31055,0,1,0,0
2006,Never treated,9.32197118814737,13.105030018953,10.5970096628011,31055,0,1,0,0
2007,Never treated,9.32027043134838,13.1169326577043,10.6369846161893,31055,0,1,0,0
2001,Never treated,3.29583686600433,7.69938940625674,9.94318891938768,31057,0,1,0,0
2002,Never treated,3.36729582998647,7.69757534680234,10.0235790327939,31057,0,1,0,0
2003,Never treated,3.43398720448515,7.70210434005105,10.0601066119777,31057,0,1,0,0
2004,Never treated,2.89037175789616,7.6889133368648,10.1023384112813,31057,0,1,0,0
2005,Never treated,2.83321334405622,7.64300363556072,10.1288685987905,31057,0,1,0,0
2006,Never treated,3.04452243772342,7.62559507213245,10.1754974555936,31057,0,1,0,0
2007,Never treated,3.04452243772342,7.59287028784482,10.2484238675695,31057,0,1,0,0
2001,Never treated,4.82028156560504,8.78935545220998,9.94645125196824,31059,0,1,0,0
2002,Never treated,4.77068462446567,8.77477681604399,10.0198473536523,31059,0,1,0,0
2003,Never treated,4.97673374242057,8.77446760144659,10.031264922478,31059,0,1,0,0
2004,Never treated,4.77912349311153,8.77059432989114,10.0953880841104,31059,0,1,0,0
2005,Never treated,4.74493212836325,8.72923534965927,10.1070812446056,31059,0,1,0,0
2006,Never treated,4.70048036579242,8.71702717329482,10.1500741555768,31059,0,1,0,0
2007,Never treated,4.64439089914137,8.70499967844076,10.1775903424475,31059,0,1,0,0
2001,Never treated,3.68887945411394,8.15219801586179,9.75979037727894,31061,0,1,0,0
2002,Never treated,3.66356164612965,8.15679704667565,9.82978718960617,31061,0,1,0,0
2003,Never treated,3.71357206670431,8.14960173573616,9.89937912449158,31061,0,1,0,0
2004,Never treated,3.61091791264422,8.12917499691179,9.95896956199513,31061,0,1,0,0
2005,Never treated,3.40119738166216,8.12148037475075,9.95636459213689,31061,0,1,0,0
2006,Never treated,3.3322045101752,8.09955428237636,9.97627322226178,31061,0,1,0,0
2007,Never treated,3.61091791264422,8.04750951098142,10.0377124546274,31061,0,1,0,0
2001,Never treated,3.80666248977032,8.01961279440027,9.90887302481247,31063,0,1,0,0
2002,Never treated,3.58351893845611,8.0013550258267,9.92186759981756,31063,0,1,0,0
2003,Never treated,3.78418963391826,7.97522083865341,9.93938544353311,31063,0,1,0,0
2004,Never treated,3.46573590279973,7.96589273508453,9.99684127426934,31063,0,1,0,0
2005,Never treated,3.3322045101752,7.93487156594518,10.0253954027695,31063,0,1,0,0
2006,Never treated,3.43398720448515,7.90544164906029,10.0558222988394,31063,0,1,0,0
2007,Never treated,3.40119738166216,7.88457651059632,10.1004103242073,31063,0,1,0,0
2001,Never treated,4.48863636973214,8.56464913257253,9.92593374136596,31065,0,1,0,0
2002,Never treated,4.27666611901606,8.56541176368671,9.95740739452556,31065,0,1,0,0
2003,Never treated,4.30406509320417,8.5569906612903,9.96477078095303,31065,0,1,0,0
2004,Never treated,4.18965474202643,8.53817159780143,10.0345596736298,31065,0,1,0,0
2005,Never treated,4.23410650459726,8.48735234940522,10.0290623754442,31065,0,1,0,0
2006,Never treated,4.34380542185368,8.47762041629641,10.0783648024408,31065,0,1,0,0
2007,Never treated,4.12713438504509,8.44569718971117,10.1527276085716,31065,0,1,0,0
2001,Never treated,6.44730586254121,10.0512176645605,10.0037852738515,31067,0,1,0,0
2002,Never treated,6.39024066706535,10.0549202562963,10.027959280047,31067,0,1,0,0
2003,Never treated,6.29341927884648,10.0595934625117,10.0714143332124,31067,0,1,0,0
2004,Never treated,6.14846829591765,10.0606622269081,10.0932811241688,31067,0,1,0,0
2005,Never treated,6.14418563412565,10.0458981580172,10.1199286927907,31067,0,1,0,0
2006,Never treated,6.03068526026126,10.0488425203955,10.1465513712855,31067,0,1,0,0
2007,Never treated,6.06842558824411,10.0463316965656,10.2093532954215,31067,0,1,0,0
2001,Never treated,3.55534806148941,7.72223474470961,9.79417479259543,31069,0,1,0,0
2002,Never treated,3.49650756146648,7.6980291702728,9.83793518429589,31069,0,1,0,0
2003,Never treated,3.3322045101752,7.70481192293259,9.8853744971092,31069,0,1,0,0
2004,Never treated,2.89037175789616,7.66246781520024,9.98354564470671,31069,0,1,0,0
2005,Never treated,3.17805383034795,7.57865685059476,9.94438954385655,31069,0,1,0,0
2006,Never treated,3.29583686600433,7.55799495853081,10.0020198086004,31069,0,1,0,0
2007,Never treated,2.89037175789616,7.51914995766982,10.0147158192218,31069,0,1,0,0
2001,Never treated,3.55534806148941,7.54802896993501,9.71896357218697,31071,0,1,0,0
2002,Never treated,3.68887945411394,7.54697411751653,9.73180915584065,31071,0,1,0,0
2003,Never treated,3.87120101090789,7.5207764150628,9.7763925447323,31071,0,1,0,0
2004,Never treated,3.87120101090789,7.51914995766982,9.79378428744416,31071,0,1,0,0
2005,Never treated,3.52636052461616,7.48885295573346,9.83386948565526,31071,0,1,0,0
2006,Never treated,3.76120011569356,7.46965417293213,9.85875165869474,31071,0,1,0,0
2007,Never treated,3.8286413964891,7.45240245122364,9.92710641813476,31071,0,1,0,0
2001,Never treated,2.63905732961526,7.6434829070772,9.87991181600742,31073,0,1,0,0
2002,Never treated,2.89037175789616,7.63723438878947,9.92392723177358,31073,0,1,0,0
2003,Never treated,2.70805020110221,7.63819824428578,9.90683195378652,31073,0,1,0,0
2004,Never treated,2.77258872223978,7.62413058566129,9.93071353878972,31073,0,1,0,0
2005,Never treated,2.83321334405622,7.60489448081162,9.91724251776846,31073,0,1,0,0
2006,Never treated,2.70805020110221,7.57814547241947,10.021359473131,31073,0,1,0,0
2007,Never treated,2.63905732961526,7.58069975222456,10.1067956760162,31073,0,1,0,0
2001,Never treated,3.29583686600433,7.89803969076462,9.81629434083375,31077,0,1,0,0
2002,Never treated,3.2188758248682,7.88269220628903,9.85833327052902,31077,0,1,0,0
2003,Never treated,3.13549421592915,7.86825426552061,9.87868243361716,31077,0,1,0,0
2004,Never treated,3.58351893845611,7.83991936001258,9.8866465353401,31077,0,1,0,0
2005,Never treated,3.09104245335832,7.793999089504,9.92304505175166,31077,0,1,0,0
2006,Never treated,3.40119738166216,7.77946696745832,9.97007085667928,31077,0,1,0,0
2007,Never treated,3.43398720448515,7.75491027202143,10.0127454634726,31077,0,1,0,0
2001,Never treated,7.37650812632622,10.8885577998051,10.1261109686035,31079,0,1,0,0
2002,Never treated,7.24351297466548,10.8936047883841,10.1729420067136,31079,0,1,0,0
2003,Never treated,7.1708884785125,10.9023899970552,10.1996584923838,31079,0,1,0,0
2004,Never treated,7.09920174355309,10.9117374011238,10.2273810069505,31079,0,1,0,0
2005,Never treated,7.06646697013696,10.9043583748833,10.2565008006419,31079,0,1,0,0
2006,Never treated,7.16549347506085,10.9122663038454,10.2886819238019,31079,0,1,0,0
2007,Never treated,7.17548971362422,10.922064077951,10.3446736672187,31079,0,1,0,0
2001,Never treated,5.28826703069454,9.14590851181679,10.0104118448576,31081,0,1,0,0
2002,Never treated,5.31320597904179,9.14931567013841,10.0721749180543,31081,0,1,0,0
2003,Never treated,5.21493575760899,9.15609535712379,10.114639490998,31081,0,1,0,0
2004,Never treated,5.24174701505964,9.15841529911126,10.1351546747912,31081,0,1,0,0
2005,Never treated,5.20948615284142,9.14291769565875,10.1931676276506,31081,0,1,0,0
2006,Never treated,5.15329159449778,9.13227071655426,10.2216867057979,31081,0,1,0,0
2007,Never treated,5.14749447681345,9.13873695311649,10.3165900877735,31081,0,1,0,0
2001,Never treated,3.63758615972639,8.22684089040858,9.8197254364308,31083,0,1,0,0
2002,Never treated,3.68887945411394,8.20439841814938,9.84469250602562,31083,0,1,0,0
2003,Never treated,3.85014760171006,8.20985248130127,9.85644835453034,31083,0,1,0,0
2004,Never treated,3.73766961828337,8.18841130807903,9.91071139762545,31083,0,1,0,0
2005,Never treated,3.89182029811063,8.14873480893717,9.94946423877615,31083,0,1,0,0
2006,Never treated,3.98898404656427,8.1318247850072,9.98736903651683,31083,0,1,0,0
2007,Never treated,3.85014760171006,8.12355783506165,10.0106813866382,31083,0,1,0,0
2001,Never treated,2.07944154167984,6.99209642741589,9.87534524658985,31085,0,1,0,0
2002,Never treated,1.09861228866811,7.00940893270864,9.94812625415451,31085,0,1,0,0
2003,Never treated,1.79175946922805,7.00306545878646,9.97011763483389,31085,0,1,0,0
2004,Never treated,1.94591014905531,6.97541392745595,10.043379921188,31085,0,1,0,0
2005,Never treated,1.79175946922805,6.94985645500077,9.90463689179265,31085,0,1,0,0
2006,Never treated,1.79175946922805,6.89770494312864,9.99085719867304,31085,0,1,0,0
2007,Never treated,1.6094379124341,6.87109129461055,10.0397651708287,31085,0,1,0,0
2001,Never treated,3.66356164612965,8.03592636989179,9.9001820955274,31087,0,1,0,0
2002,Never treated,3.36729582998647,8.02191277898571,9.94530105534954,31087,0,1,0,0
2003,Never treated,2.83321334405622,8.01895468315572,9.97109947094615,31087,0,1,0,0
2004,Never treated,3.13549421592915,8.0149968943483,10.026147565272,31087,0,1,0,0
2005,Never treated,2.70805020110221,7.97246601597457,10.0785327003593,31087,0,1,0,0
2006,Never treated,3.3322045101752,7.96519829061218,10.1361060742129,31087,0,1,0,0
2007,Never treated,2.77258872223978,7.95717732345947,10.2068830204074,31087,0,1,0,0
2001,Never treated,5.66296048013595,9.33864563212911,9.85329891095284,31089,0,1,0,0
2002,Never treated,5.53733426701854,9.32616593748177,9.91645313492615,31089,0,1,0,0
2003,Never treated,5.49306144334055,9.31415970061518,9.93706738579932,31089,0,1,0,0
2004,Never treated,5.47227067367148,9.2897982933109,9.99920673959467,31089,0,1,0,0
2005,Never treated,5.46806014113513,9.27152954028861,10.031264922478,31089,0,1,0,0
2006,Never treated,5.42934562895444,9.24984950507089,10.0669235613881,31089,0,1,0,0
2007,Never treated,5.59098698051086,9.23434982443653,10.1289484168055,31089,0,1,0,0
2001,Never treated,2.07944154167984,6.62539236800796,9.67262680007751,31091,0,1,0,0
2002,Never treated,1.6094379124341,6.60394382460047,9.72418144470263,31091,0,1,0,0
2003,Never treated,1.94591014905531,6.61204103483309,9.76261499365471,31091,0,1,0,0
2004,Never treated,1.79175946922805,6.61472560020376,9.75765220431258,31091,0,1,0,0
2005,Never treated,2.30258509299405,6.60934924316738,9.81296091333657,31091,0,1,0,0
2006,Never treated,2.77258872223978,6.61204103483309,9.91229862081468,31091,0,1,0,0
2007,Never treated,2.39789527279837,6.58202513889283,9.92284890601475,31091,0,1,0,0
2001,Never treated,4.39444915467244,8.78140190768238,9.87261588886904,31093,0,1,0,0
2002,Never treated,4.26267987704132,8.78431534990266,9.92382925019404,31093,0,1,0,0
2003,Never treated,4.11087386417331,8.80086724247048,9.96824479975141,31093,0,1,0,0
2004,Never treated,4.15888308335967,8.81388455802561,9.99282538788832,31093,0,1,0,0
2005,Never treated,4.14313472639153,8.78492762605832,10.0074871425546,31093,0,1,0,0
2006,Never treated,4.27666611901606,8.78232285939751,10.0484965744461,31093,0,1,0,0
2007,Never treated,4.38202663467388,8.77353938355817,10.0892199524522,31093,0,1,0,0
2001,Never treated,3.09104245335832,7.77737360265786,9.73489137036065,31015,0,1,0,0
2002,Never treated,3.09104245335832,7.76429600645052,9.74987006387053,31015,0,1,0,0
2003,Never treated,3.3322045101752,7.74716496652033,9.77815106122483,31015,0,1,0,0
2004,Never treated,3.36729582998647,7.73061406606374,9.83037908071549,31015,0,1,0,0
2005,Never treated,2.83321334405622,7.70210434005105,9.84580547219504,31015,0,1,0,0
2006,Never treated,3.04452243772342,7.66669020008009,9.88292763857077,31015,0,1,0,0
2007,Never treated,3.3322045101752,7.64873978895624,9.90623377820415,31015,0,1,0,0
2001,Never treated,4.67282883446191,8.3850322878139,9.91229862081468,31097,0,1,0,0
2002,Never treated,4.63472898822964,8.38274709486331,10.0346473852342,31097,0,1,0,0
2003,Never treated,4.49980967033027,8.41516046585109,10.0985607932552,31097,0,1,0,0
2004,Never treated,4.30406509320417,8.48239468587354,10.1321757041057,31097,0,1,0,0
2005,Never treated,4.27666611901606,8.43489794868941,10.1586335199758,31097,0,1,0,0
2006,Never treated,4.36944785246702,8.43054538469057,10.2108987201689,31097,0,1,0,0
2007,Never treated,4.11087386417331,8.52575642207673,10.2325034884809,31097,0,1,0,0
2001,Never treated,4.69134788222914,8.83346272071993,9.95830712230024,31099,0,1,0,0
2002,Never treated,4.56434819146784,8.82776136765472,9.98100399496396,31099,0,1,0,0
2003,Never treated,4.61512051684126,8.83185793519791,10.004779804018,31099,0,1,0,0
2004,Never treated,4.52178857704904,8.83258770243455,10.0169055195717,31099,0,1,0,0
2005,Never treated,4.43081679884331,8.80372460211062,10.0653512674277,31099,0,1,0,0
2006,Never treated,4.45434729625351,8.78660945506113,10.1040991553433,31099,0,1,0,0
2007,Never treated,4.35670882668959,8.79072562826358,10.1582847976521,31099,0,1,0,0
2001,Never treated,5.52942908751142,9.0788640091878,9.9410723128634,31101,0,1,0,0
2002,Never treated,5.33271879326537,9.07474971766984,9.97264041122444,31101,0,1,0,0
2003,Never treated,5.4249500174814,9.0455836463617,9.96918165573149,31101,0,1,0,0
2004,Never treated,5.30826769740121,9.03360319347613,10.0212705881925,31101,0,1,0,0
2005,Never treated,5.30330490805908,9.00331620254186,10.0395033564536,31101,0,1,0,0
2006,Never treated,5.23110861685459,8.98931956604295,10.0705262524656,31101,0,1,0,0
2007,Never treated,5.26269018890489,8.98719682066197,10.1328119629254,31101,0,1,0,0
2001,Never treated,4.9416424226093,8.29629711264251,9.91100919393497,31105,0,1,0,0
2002,Never treated,4.7361984483945,8.28677323113125,9.92969121803277,31105,0,1,0,0
2003,Never treated,4.75359019110636,8.25426877009018,9.96048206405594,31105,0,1,0,0
2004,Never treated,4.31748811353631,8.24354550792826,10.011220252339,31105,0,1,0,0
2005,Never treated,4.51085950651685,8.23827262463303,10.0604485653899,31105,0,1,0,0
2006,Never treated,4.48863636973214,8.22013395715186,10.1204520527736,31105,0,1,0,0
2007,Never treated,4.38202663467388,8.19118600464279,10.1745065640914,31105,0,1,0,0
2001,Never treated,5.06890420222023,9.1248914101437,9.79294697683676,31107,0,1,0,0
2002,Never treated,5.21493575760899,9.11635930850529,9.82325315982552,31107,0,1,0,0
2003,Never treated,5.04985600724954,9.11140362411616,9.84818623675104,31107,0,1,0,0
2004,Never treated,5.19295685089021,9.10620133223504,9.88205960512251,31107,0,1,0,0
2005,Never treated,5.08140436498446,9.07406235368355,9.92162212273161,31107,0,1,0,0
2006,Never treated,5.03695260241363,9.06566136060674,9.95579533215947,31107,0,1,0,0
2007,Never treated,5.14166355650266,9.06323150693797,10.0106813866382,31107,0,1,0,0
2001,Never treated,8.76155013912964,12.4420692414379,10.2871159660351,31109,0,1,0,0
2002,Never treated,8.65973387819835,12.4546616966757,10.3292126996517,31109,0,1,0,0
2003,Never treated,8.57828829077605,12.4684638327122,10.3510857952446,31109,0,1,0,0
2004,Never treated,8.52694548285892,12.4751145647509,10.3844929398896,31109,0,1,0,0
2005,Never treated,8.53168763756669,12.5008705900049,10.4020786386338,31109,0,1,0,0
2006,Never treated,8.52038808231276,12.5102098368538,10.4316126733802,31109,0,1,0,0
2007,Never treated,8.5571828396324,12.5220979759235,10.4615306759112,31109,0,1,0,0
2001,Never treated,6.80239476332431,10.4532838582002,10.0548772815869,31111,0,1,0,0
2002,Never treated,6.72982407048948,10.449004416092,10.0742846234781,31111,0,1,0,0
2003,Never treated,6.64118216974059,10.4550999702028,10.0957181852069,31111,0,1,0,0
2004,Never treated,6.50128967054039,10.466070363075,10.1332888915144,31111,0,1,0,0
2005,Never treated,6.42486902390539,10.4685740630286,10.1701885535992,31111,0,1,0,0
2006,Never treated,6.45676965557216,10.4756810512493,10.2064768690551,31111,0,1,0,0
2007,Never treated,6.55393340402581,10.4758221128793,10.2551650299146,31111,0,1,0,0
2001,Never treated,7.05012252026906,10.4813641635517,10.0659464802338,31119,0,1,0,0
2002,Never treated,6.98656645940643,10.48971745075,10.1118828815014,31119,0,1,0,0
2003,Never treated,6.88959130835447,10.486038311754,10.1410861248199,31119,0,1,0,0
2004,Never treated,6.80239476332431,10.4819811705267,10.1800202005092,31119,0,1,0,0
2005,Never treated,6.81563999007433,10.4756246210252,10.2042215764825,31119,0,1,0,0
2006,Never treated,6.7428806357919,10.4678918572033,10.2525586604481,31119,0,1,0,0
2007,Never treated,6.76272950693188,10.4388399214787,10.3015251448155,31119,0,1,0,0
2001,Never treated,4.62497281328427,8.99689959612336,9.97385281519669,31121,0,1,0,0
2002,Never treated,4.69134788222914,8.99949587624899,10.0503114569769,31121,0,1,0,0
2003,Never treated,4.74493212836325,9.00060650757189,10.062241904897,31121,0,1,0,0
2004,Never treated,4.82028156560504,9.00307016981826,10.0903404937493,31121,0,1,0,0
2005,Never treated,4.76217393479776,8.96559006690791,10.102707195731,31121,0,1,0,0
2006,Never treated,4.80402104473326,8.95622201636254,10.1094442524275,31121,0,1,0,0
2007,Never treated,4.80402104473326,8.93366417870094,10.1735146897492,31121,0,1,0,0
2001,Never treated,4.24849524204936,8.59230066390304,9.9335316738845,31123,0,1,0,0
2002,Never treated,4.44265125649032,8.57376254290413,9.96918165573149,31123,0,1,0,0
2003,Never treated,4.46590811865458,8.57432938278705,10.0204702680217,31123,0,1,0,0
2004,Never treated,4.40671924726425,8.55986946569667,10.0425100911849,31123,0,1,0,0
2005,Never treated,4.20469261939097,8.52575642207673,10.1135863903295,31123,0,1,0,0
2006,Never treated,4.24849524204936,8.5167931113949,10.1788060095044,31123,0,1,0,0
2007,Never treated,4.04305126783455,8.51759311143756,10.2161061102779,31123,0,1,0,0
2001,Never treated,4.14313472639153,8.29054350077274,9.79160581988804,31125,0,1,0,0
2002,Never treated,3.98898404656427,8.26462082941122,9.87127423017148,31125,0,1,0,0
2003,Never treated,3.85014760171006,8.23323750070527,9.87919485996708,31125,0,1,0,0
2004,Never treated,3.61091791264422,8.21608809863232,9.90887302481247,31125,0,1,0,0
2005,Never treated,3.46573590279973,8.20603776277881,9.92299601892417,31125,0,1,0,0
2006,Never treated,3.68887945411394,8.1934002319521,10.0675178393578,31125,0,1,0,0
2007,Never treated,3.66356164612965,8.17159948034546,10.0798748698419,31125,0,1,0,0
2001,Never treated,4.78749174278205,8.91112538371068,10.4958747299449,31127,0,1,0,0
2002,Never treated,4.83628190695148,8.89384721767028,10.4779075018273,31127,0,1,0,0
2003,Never treated,4.92725368515721,8.87402812255634,10.5287840661879,31127,0,1,0,0
2004,Never treated,4.95582705760126,8.85822643936501,10.7176348107416,31127,0,1,0,0
2005,Never treated,4.71849887129509,8.86205867739547,10.5717270973899,31127,0,1,0,0
2006,Never treated,4.64439089914137,8.86996051052395,10.5925263050515,31127,0,1,0,0
2007,Never treated,4.67282883446191,8.84577725518844,10.5528656919634,31127,0,1,0,0
2001,Never treated,4.74493212836325,8.50895938648913,9.79238838001741,31129,0,1,0,0
2002,Never treated,4.55387689160054,8.48879371689454,9.84421514107106,31129,0,1,0,0
2003,Never treated,4.64439089914137,8.48838210956212,9.86396679437384,31129,0,1,0,0
2004,Never treated,4.46590811865458,8.48073665440562,9.89025032575411,31129,0,1,0,0
2005,Never treated,4.70048036579242,8.45126704130007,9.92520011944178,31129,0,1,0,0
2006,Never treated,4.47733681447821,8.43054538469057,9.97659859935345,31129,0,1,0,0
2007,Never treated,4.33073334028633,8.41272116981953,10.0334626289579,31129,0,1,0,0
2001,Never treated,5.98393628068719,9.6476270924073,10.0220702683631,31131,0,1,0,0
2002,Never treated,5.91079664404053,9.64607600310259,10.0650109866928,31131,0,1,0,0
2003,Never treated,5.94542060860658,9.6445872815098,10.0948101448605,31131,0,1,0,0
2004,Never treated,5.70711026474888,9.64711032991276,10.1307824749728,31131,0,1,0,0
2005,Never treated,5.69035945432406,9.64114828775614,10.160568654878,31131,0,1,0,0
2006,Never treated,5.74939298590825,9.65020690680168,10.2004390309951,31131,0,1,0,0
2007,Never treated,5.80814248998044,9.65001365141408,10.2078423592752,31131,0,1,0,0
2001,Never treated,3.63758615972639,8.00869818298853,9.90298742749445,31133,0,1,0,0
2002,Never treated,3.46573590279973,8.00903068506973,9.94563666604429,31133,0,1,0,0
2003,Never treated,3.13549421592915,7.96866570046623,10.0234903449308,31133,0,1,0,0
2004,Never treated,3.09104245335832,7.96276393016811,10.0625404823907,31133,0,1,0,0
2005,Never treated,3.13549421592915,7.93880224815448,10.055865232957,31133,0,1,0,0
2006,Never treated,3.49650756146648,7.90507284949867,10.1161766459465,31133,0,1,0,0
2007,Never treated,3.55534806148941,7.89580837708318,10.084516607743,31133,0,1,0,0
2001,Never treated,4.12713438504509,8.04782935745784,9.97497065415799,31135,0,1,0,0
2002,Never treated,4.14313472639153,8.03365842788615,9.99620346103587,31135,0,1,0,0
2003,Never treated,4.06044301054642,8.02092771898158,10.0788684116508,31135,0,1,0,0
2004,Never treated,3.73766961828337,8.03008409426756,10.1029120172297,31135,0,1,0,0
2005,Never treated,3.73766961828337,8.0179667034936,10.1286690258759,31135,0,1,0,0
2006,Never treated,3.73766961828337,7.98786409608569,10.1494487891308,31135,0,1,0,0
2007,Never treated,3.61091791264422,7.96206730875367,10.2170931869662,31135,0,1,0,0
2001,Never treated,5.57215403217776,9.18327745242649,10.1069996619011,31137,0,1,0,0
2002,Never treated,5.49306144334055,9.1801903950253,10.1318574228219,31137,0,1,0,0
2003,Never treated,5.46806014113513,9.17139162183761,10.1656210211415,31137,0,1,0,0
2004,Never treated,5.29330482472449,9.16565676434954,10.2077685966433,31137,0,1,0,0
2005,Never treated,5.19295685089021,9.14216859187285,10.229043277416,31137,0,1,0,0
2006,Never treated,5.24174701505964,9.13970329237674,10.2601124952248,31137,0,1,0,0
2007,Never treated,5.13579843705026,9.11975899374495,10.3217043445695,31137,0,1,0,0
2001,Never treated,5.17614973257383,8.96290412809293,9.84987578308748,31139,0,1,0,0
2002,Never treated,4.90527477843843,8.95376929454945,9.87570517152368,31139,0,1,0,0
2003,Never treated,5.18178355029209,8.95092176479726,9.90747957380566,31139,0,1,0,0
2004,Never treated,5.11198778835654,8.93774393694244,9.98105026448392,31139,0,1,0,0
2005,Never treated,5.02388052084628,8.91891797990868,10.0286212832929,31139,0,1,0,0
2006,Never treated,4.97673374242057,8.90463009700501,10.0709492464231,31139,0,1,0,0
2007,Never treated,4.85203026391962,8.8879288190033,10.1265511006502,31139,0,1,0,0
2001,Never treated,6.87935580446044,10.3576793307345,10.1588272020667,31141,0,1,0,0
2002,Never treated,6.82219739062049,10.3505103844494,10.1938036528886,31141,0,1,0,0
2003,Never treated,6.73696695800186,10.3489102817014,10.2086902387059,31141,0,1,0,0
2004,Never treated,6.61873898351722,10.3507981312342,10.2333666736877,31141,0,1,0,0
2005,Never treated,6.5191472879404,10.3473076145208,10.2678181172857,31141,0,1,0,0
2006,Never treated,6.67834211465433,10.3531609153086,10.3105846615394,31141,0,1,0,0
2007,Never treated,6.65027904858742,10.3673787891129,10.3919141813586,31141,0,1,0,0
2001,Never treated,4.20469261939097,8.61758136544751,9.96406511442173,31143,0,1,0,0
2002,Never treated,3.98898404656427,8.61577075477723,9.99469843258951,31143,0,1,0,0
2003,Never treated,4.07753744390572,8.60886037994206,10.0353049771563,31143,0,1,0,0
2004,Never treated,3.93182563272433,8.59766657556611,10.0699760926938,31143,0,1,0,0
2005,Never treated,3.91202300542815,8.57243866564222,10.089053839495,31143,0,1,0,0
2006,Never treated,3.93182563272433,8.55468163582723,10.1260709469918,31143,0,1,0,0
2007,Never treated,3.89182029811063,8.55313931818971,10.1695756441756,31143,0,1,0,0
2001,Never treated,5.69035945432406,9.34128091123678,9.94453352197213,31145,0,1,0,0
2002,Never treated,5.65248918026865,9.33273498018979,9.98128157997615,31145,0,1,0,0
2003,Never treated,5.59842195899838,9.32554230166487,10.0324962330997,31145,0,1,0,0
2004,Never treated,5.54517744447956,9.3130774494273,10.0657764555798,31145,0,1,0,0
2005,Never treated,5.4553211153577,9.30891793533718,10.0902160511483,31145,0,1,0,0
2006,Never treated,5.40267738187228,9.29366997956319,10.1315390402029,31145,0,1,0,0
2007,Never treated,5.37527840768417,9.27312736007495,10.1810814096291,31145,0,1,0,0
2001,Never treated,5.12396397940326,9.13172997139427,9.87277057987407,31147,0,1,0,0
2002,Never treated,4.99721227376411,9.11767668711276,9.8928815067489,31147,0,1,0,0
2003,Never treated,4.83628190695148,9.10007897771865,9.93061621992438,31147,0,1,0,0
2004,Never treated,4.92725368515721,9.09133158539398,9.95503581441671,31147,0,1,0,0
2005,Never treated,4.93447393313069,9.06785472367943,9.97845586877343,31147,0,1,0,0
2006,Never treated,4.72738781871234,9.05005424204284,10.0035591062603,31147,0,1,0,0
2007,Never treated,4.74493212836325,9.02389030459845,10.0595934625117,31147,0,1,0,0
2001,Never treated,3.3322045101752,7.45066079621154,9.76036747794131,31149,0,1,0,0
2002,Never treated,3.29583686600433,7.42892719480227,9.79657027019005,31149,0,1,0,0
2003,Never treated,3.2188758248682,7.38150189450671,9.8356903944703,31149,0,1,0,0
2004,Never treated,2.70805020110221,7.37274636640433,9.89232548782994,31149,0,1,0,0
2005,Never treated,2.63905732961526,7.33106030521863,9.91418018207487,31149,0,1,0,0
2006,Never treated,3.13549421592915,7.32712329225929,9.95408560529922,31149,0,1,0,0
2007,Never treated,3.29583686600433,7.3178761986265,10.0060441408612,31149,0,1,0,0
2001,Never treated,5.72031177660741,9.54258941775309,10.1655056032324,31151,0,1,0,0
2002,Never treated,5.71042701737487,9.55236857416808,10.2115970570529,31151,0,1,0,0
2003,Never treated,5.66296048013595,9.56507343167757,10.2561143136283,31151,0,1,0,0
2004,Never treated,5.44241771052179,9.56127889406298,10.3126458324819,31151,0,1,0,0
2005,Never treated,5.50125821054473,9.54552606707193,10.3377020739303,31151,0,1,0,0
2006,Never treated,5.4971682252932,9.5314088634456,10.3493265547826,31151,0,1,0,0
2007,Never treated,5.40267738187228,9.53394445360403,10.3708313976902,31151,0,1,0,0
2001,Never treated,7.56837926783652,11.7457658496633,10.3186719417052,31153,0,1,0,0
2002,Never treated,7.54009032014532,11.7689775417394,10.3328319344342,31153,0,1,0,0
2003,Never treated,7.53315880745556,11.7912387874179,10.3719274598057,31153,0,1,0,0
2004,Never treated,7.49665243816828,11.8182534288698,10.4033533360658,31153,0,1,0,0
2005,Never treated,7.53529670244409,11.8439902505021,10.4266171707583,31153,0,1,0,0
2006,Never treated,7.53743003658651,11.8668656729249,10.4445901671864,31153,0,1,0,0
2007,Never treated,7.61283103040736,11.8930659274639,10.4445610614598,31153,0,1,0,0
2001,Never treated,5.82304589548302,9.90273727114542,9.97720259035841,31155,0,1,0,0
2002,Never treated,5.73657229747919,9.89777124554002,10.0287536313685,31155,0,1,0,0
2003,Never treated,5.60947179518496,9.90673228270102,10.0488425203955,31155,0,1,0,0
2004,Never treated,5.6021188208797,9.91516905730997,10.0820102360729,31155,0,1,0,0
2005,Never treated,5.46806014113513,9.91482306219987,10.1250698857834,31155,0,1,0,0
2006,Never treated,5.50533153593236,9.90633349898605,10.1567722607623,31155,0,1,0,0
2007,Never treated,5.63835466933375,9.91036385647556,10.1973132144359,31155,0,1,0,0
2001,Never treated,6.82328612235569,10.5084317373198,10.096584182498,31157,0,1,0,0
2002,Never treated,6.7696419768525,10.511757440963,10.1055300339423,31157,0,1,0,0
2003,Never treated,6.62936325343745,10.5133618139023,10.1265110966498,31157,0,1,0,0
2004,Never treated,6.4723462945009,10.5101504898743,10.1692690485346,31157,0,1,0,0
2005,Never treated,6.43294009273918,10.4991872709301,10.2031105475556,31157,0,1,0,0
2006,Never treated,6.4425401664682,10.4955152116955,10.2436316111891,31157,0,1,0,0
2007,Never treated,6.64248680136726,10.5020492906062,10.2948875423195,31157,0,1,0,0
2001,Never treated,5.89715386763674,9.72088595653485,10.0997941938967,31159,0,1,0,0
2002,Never treated,5.77765232322266,9.71938440965974,10.1249496910678,31159,0,1,0,0
2003,Never treated,5.76519110278484,9.71426221942538,10.1309417994374,31159,0,1,0,0
2004,Never treated,5.52545293913178,9.72716794793781,10.1570439102585,31159,0,1,0,0
2005,Never treated,5.52545293913178,9.71872301409103,10.2087639333889,31159,0,1,0,0
2006,Never treated,5.52545293913178,9.72196567591274,10.250016196421,31159,0,1,0,0
2007,Never treated,5.46806014113513,9.70966005555597,10.2966776297687,31159,0,1,0,0
2001,Never treated,4.66343909411207,8.69567404882425,9.76048285811912,31161,0,1,0,0
2002,Never treated,4.43081679884331,8.69901462316851,9.79400745191731,31161,0,1,0,0
2003,Never treated,4.45434729625351,8.67265729404031,9.82292804467771,31161,0,1,0,0
2004,Never treated,4.31748811353631,8.66509582133973,9.84945366404364,31161,0,1,0,0
2005,Never treated,4.26267987704132,8.62873456614915,9.86583760508422,31161,0,1,0,0
2006,Never treated,4.27666611901606,8.60813018640834,9.90598443273472,31161,0,1,0,0
2007,Never treated,4.11087386417331,8.59452453435256,9.97655212339313,31161,0,1,0,0
2001,Never treated,3.78418963391826,8.08363720314155,9.78436612162827,31163,0,1,0,0
2002,Never treated,3.80666248977032,8.06274790108635,9.78757152293879,31163,0,1,0,0
2003,Never treated,3.89182029811063,8.05452260953729,9.82254861003078,31163,0,1,0,0
2004,Never treated,3.68887945411394,8.05801080080209,9.850350454123,31163,0,1,0,0
2005,Never treated,3.63758615972639,8.03689677268507,9.85445485895882,31163,0,1,0,0
2006,Never treated,3.52636052461616,8.01466637046494,9.88078171500049,31163,0,1,0,0
2007,Never treated,3.55534806148941,7.98752447984877,9.95346748484115,31163,0,1,0,0
2001,Never treated,3.91202300542815,8.76545853150423,10.5099323992568,31167,0,1,0,0
2002,Never treated,4.06044301054642,8.78370269863522,10.4889381576407,31167,0,1,0,0
2003,Never treated,4.20469261939097,8.79087775422416,10.5352379382308,31167,0,1,0,0
2004,Never treated,3.89182029811063,8.786456678344,10.5649118409001,31167,0,1,0,0
2005,Never treated,3.8286413964891,8.7721454392451,10.6136639100889,31167,0,1,0,0
2006,Never treated,3.87120101090789,8.77230041793584,10.7363097151686,31167,0,1,0,0
2007,Never treated,3.91202300542815,8.75557997214314,10.7641175719849,31167,0,1,0,0
2001,Never treated,4.78749174278205,8.68490859582083,9.92240743738864,31169,0,1,0,0
2002,Never treated,4.75359019110636,8.65469170460187,9.95811777318724,31169,0,1,0,0
2003,Never treated,4.61512051684126,8.63533171943328,10.0001150461197,31169,0,1,0,0
2004,Never treated,4.55387689160054,8.60940767540405,10.0659889818808,31169,0,1,0,0
2005,Never treated,4.65396035015752,8.58466490653125,10.0770626368818,31169,0,1,0,0
2006,Never treated,4.58496747867057,8.55313931818971,10.1287089436453,31169,0,1,0,0
2007,Never treated,4.51085950651685,8.54811029405096,10.2754992843851,31169,0,1,0,0
2001,Never treated,2.19722457733622,6.56244409369372,9.83150808274396,31171,0,1,0,0
2002,Never treated,2.30258509299405,6.52356230614951,9.88943933681007,31171,0,1,0,0
2003,Never treated,2.484906649788,6.50727771238501,9.94362131027577,31171,0,1,0,0
2004,Never treated,2.56494935746154,6.46614472423762,9.95636459213689,31171,0,1,0,0
2005,Never treated,2.70805020110221,6.41017488196617,9.90188627116915,31171,0,1,0,0
2006,Never treated,2.77258872223978,6.40191719672719,9.92520011944178,31171,0,1,0,0
2007,Never treated,2.77258872223978,6.39692965521615,10.0091080343998,31171,0,1,0,0
2001,Never treated,4.33073334028633,8.87360810154911,10.0653512674277,31173,0,1,0,0
2002,Never treated,4.53259949315326,8.86686366120209,10.1271109886872,31173,0,1,0,0
2003,Never treated,4.49980967033027,8.87290767425985,10.1538181636943,31173,0,1,0,0
2004,Never treated,4.36944785246702,8.87975079851313,10.2186631892968,31173,0,1,0,0
2005,Never treated,4.35670882668959,8.88834286910928,10.251994226807,31173,0,1,0,0
2006,Never treated,4.31748811353631,8.88128059507042,10.313110670793,31173,0,1,0,0
2007,Never treated,4.4188406077966,8.89082357600438,10.3630619862913,31173,0,1,0,0
2001,Never treated,4.69134788222914,8.44160720445964,9.88195743398576,31175,0,1,0,0
2002,Never treated,4.67282883446191,8.42485858021344,9.8853744971092,31175,0,1,0,0
2003,Never treated,4.51085950651685,8.43620003220671,9.91650248961362,31175,0,1,0,0
2004,Never treated,4.75359019110636,8.41183267575841,9.95427571936823,31175,0,1,0,0
2005,Never treated,4.34380542185368,8.37401542173991,9.98474490684306,31175,0,1,0,0
2006,Never treated,4.24849524204936,8.365672383775,9.9958844018021,31175,0,1,0,0
2007,Never treated,4.49980967033027,8.3513747067213,10.081257097962,31175,0,1,0,0
2001,Never treated,5.92958914338989,9.85890850913816,10.3515650514482,31177,0,1,0,0
2002,Never treated,5.89715386763674,9.86806760730487,10.3911776009,31177,0,1,0,0
2003,Never treated,5.84932477994686,9.88067941321012,10.4347038659499,31177,0,1,0,0
2004,Never treated,5.83773044716594,9.87996300748917,10.4651298571275,31177,0,1,0,0
2005,Never treated,5.73009978297357,9.88562903423482,10.52013158711,31177,0,1,0,0
2006,Never treated,5.67332326717149,9.8933867103567,10.5981835330859,31177,0,1,0,0
2007,Never treated,5.59842195899838,9.89590890701258,10.6083656559718,31177,0,1,0,0
2001,Never treated,4.99043258677874,9.02292586811622,9.96988372217581,31095,0,1,0,0
2002,Never treated,5.0998664278242,9.01554129367111,10.0054573261198,31095,0,1,0,0
2003,Never treated,4.93447393313069,9.00060650757189,10.044205559475,31095,0,1,0,0
2004,Never treated,4.99721227376411,8.99243308745722,10.0979846852602,31095,0,1,0,0
2005,Never treated,5.08759633523238,8.96123778149188,10.1243885912976,31095,0,1,0,0
2006,Never treated,5.12396397940326,8.94871583384369,10.1658518170036,31095,0,1,0,0
2007,Never treated,5.09375020080676,8.9165060800392,10.2411376666158,31095,0,1,0,0
2001,Never treated,3.98898404656427,8.29129585190541,9.87060272520035,31181,0,1,0,0
2002,Never treated,3.85014760171006,8.2666784433059,9.896664327188,31181,0,1,0,0
2003,Never treated,4.0943445622221,8.26539293085222,9.89520333294843,31181,0,1,0,0
2004,Never treated,3.93182563272433,8.25166392360559,9.92431906211606,31181,0,1,0,0
2005,Never treated,3.78418963391826,8.21554741194707,9.95754951063466,31181,0,1,0,0
2006,Never treated,3.91202300542815,8.19533366716287,10.0458114277483,31181,0,1,0,0
2007,Never treated,4.00733318523247,8.18144069571937,10.0177978987135,31181,0,1,0,0
2001,Never treated,2.70805020110221,6.75460409948796,9.80846233212702,31183,0,1,0,0
2002,Never treated,2.56494935746154,6.73459165997295,9.85198370966901,31183,0,1,0,0
2003,Never treated,2.63905732961526,6.71901315438526,9.93071353878972,31183,0,1,0,0
2004,Never treated,2.56494935746154,6.70441435496411,9.97371299742563,31183,0,1,0,0
2005,Never treated,2.83321334405622,6.69084227741856,10.0391978196886,31183,0,1,0,0
2006,Never treated,2.99573227355399,6.68210859744981,10.0816337379196,31183,0,1,0,0
2007,Never treated,2.56494935746154,6.67959918584438,10.1372544754875,31183,0,1,0,0
2001,Never treated,6.11809719804135,9.58383310084107,10.1039764132855,31185,0,1,0,0
2002,Never treated,6.12029741895095,9.57345453954382,10.1185182837398,31185,0,1,0,0
2003,Never treated,6.1463292576689,9.57157490517093,10.2405667477778,31185,0,1,0,0
2004,Never treated,6.02586597382531,9.56275625899453,10.2849331548001,31185,0,1,0,0
2005,Never treated,6.04737217904628,9.55605547567857,10.3089526606443,31185,0,1,0,0
2006,Never treated,6.07764224334903,9.5678749463268,10.3291473679298,31185,0,1,0,0
2007,Never treated,5.99645208861902,9.56254534044346,10.3110837216532,31185,0,1,0,0
2001,Never treated,5.65948221575962,9.25646030758974,10.0732303271232,31037,0,1,0,0
2002,Never treated,5.54907608489522,9.25951141598263,10.0751693742257,31037,0,1,0,0
2003,Never treated,5.36597601502185,9.25855894424666,10.0640320340938,31037,0,1,0,0
2004,Never treated,5.15905529921453,9.26131861674081,10.1106643103283,31037,0,1,0,0
2005,Never treated,5.2257466737132,9.22935837781194,10.1545575064912,31037,0,1,0,0
2006,Never treated,5.09375020080676,9.20351714662806,10.2452315830864,31037,0,1,0,0
2007,Never treated,5.12396397940326,9.20623194393164,10.2967451175365,31037,0,1,0,0
2001,Never treated,5.23644196282995,9.17823031805795,9.93793728726535,31179,0,1,0,0
2002,Never treated,5.08759633523238,9.16461052027001,9.98612688605693,31179,0,1,0,0
2003,Never treated,4.98360662170834,9.15809926013049,9.99816116613881,31179,0,1,0,0
2004,Never treated,5.01063529409626,9.14238267879296,10.0367939198444,31179,0,1,0,0
2005,Never treated,5.03043792139244,9.15535606364342,10.0840993151314,31179,0,1,0,0
2006,Never treated,4.969813299576,9.16230492293763,10.0979023570175,31179,0,1,0,0
2007,Never treated,4.78749174278205,9.13345932764022,10.1330901989111,31179,0,1,0,0
2001,Never treated,5.31811999384422,10.1931676276506,10.0016119505293,35006,0,0,0,1
2002,Never treated,5.35658627467201,10.20114470801,10.0528984458728,35006,0,0,0,1
2003,Never treated,5.44241771052179,10.2132123883635,10.0684085946499,35006,0,0,0,1
2004,Never treated,5.13579843705026,10.2239755767131,10.1102171285821,35006,0,0,0,1
2005,Never treated,5.26269018890489,10.2101998952697,10.1627701504662,35006,0,0,0,1
2006,Never treated,5.47227067367148,10.2027028608016,10.2149715971734,35006,0,0,0,1
2007,Never treated,5.44241771052179,10.2113030799075,10.2677139126277,35006,0,0,0,1
2001,Never treated,5.50125821054473,9.55775254863573,9.99561084141193,35007,0,0,0,1
2002,Never treated,5.51745289646471,9.56184195714092,10.0466350617546,35007,0,0,0,1
2003,Never treated,5.47227067367148,9.54237420199846,10.0470249675323,35007,0,0,0,1
2004,Never treated,5.45958551414416,9.53632927858255,10.0876823537118,35007,0,0,0,1
2005,Never treated,5.42934562895444,9.51088931013479,10.122663242289,35007,0,0,0,1
2006,Never treated,5.18738580584075,9.49732219931357,10.1715662278441,35007,0,0,0,1
2007,Never treated,5.37527840768417,9.48630405147376,10.2128454966658,35007,0,0,0,1
2001,Never treated,6.4723462945009,10.7084891178702,9.99988804682244,35009,0,0,0,1
2002,Never treated,6.59304453414244,10.7090254786751,10.0285771633749,35009,0,0,0,1
2003,Never treated,6.42324696353352,10.7182991154604,10.0564661171332,35009,0,0,0,1
2004,Never treated,6.54678541076052,10.7305098166521,10.0848503165018,35009,0,0,0,1
2005,Never treated,6.51323011091231,10.7331959062966,10.1362249355217,35009,0,0,0,1
2006,Never treated,6.53813982376767,10.7263024212181,10.1884033022429,35009,0,0,0,1
2007,Never treated,6.5792512120101,10.7168148933522,10.2279595014348,35009,0,0,0,1
2001,Never treated,6.96885037834195,11.0199070148541,10.0761795603542,35005,0,0,0,1
2002,Never treated,6.94889722231331,11.0154273014151,10.1029939340842,35005,0,0,0,1
2003,Never treated,6.82219739062049,11.0250511011213,10.1018054824147,35005,0,0,0,1
2004,Never treated,6.6631326959908,11.026743672117,10.1517138842178,35005,0,0,0,1
2005,Never treated,6.78332520060396,11.0234209229079,10.1835783842921,35005,0,0,0,1
2006,Never treated,6.81783057145415,11.0267599329406,10.2393881972584,35005,0,0,0,1
2007,Never treated,6.83840520084734,11.0417851899874,10.2935682586005,35005,0,0,0,1
2001,Never treated,7.52617891334615,12.0818407355108,10.0986430673102,35013,0,0,0,1
2002,Never treated,7.62119516280984,12.0928479548155,10.1368190302378,35013,0,0,0,1
2003,Never treated,7.57865685059476,12.11478486502,10.1751545657912,35013,0,0,0,1
2004,Never treated,7.56060116276856,12.1309395327147,10.2216503322415,35013,0,0,0,1
2005,Never treated,7.62851762657506,12.1536049776254,10.2600774928622,35013,0,0,0,1
2006,Never treated,7.59689443814454,12.1728002062666,10.307918793054,35013,0,0,0,1
2007,Never treated,7.65681009148038,12.1970571276032,10.3552635635075,35013,0,0,0,1
2001,Never treated,6.57786135772105,10.8383448539841,10.2819582342453,35015,0,0,0,1
2002,Never treated,6.49828214947643,10.8459137580149,10.3112167622974,35015,0,0,0,1
2003,Never treated,6.41836493593621,10.847743584692,10.3381230379441,35015,0,0,0,1
2004,Never treated,6.48920493132532,10.8524584237989,10.4104557459748,35015,0,0,0,1
2005,Never treated,6.52356230614951,10.8241288071475,10.4674936887728,35015,0,0,0,1
2006,Never treated,6.56667242980324,10.8324575615674,10.5302812325461,35015,0,0,0,1
2007,Never treated,6.68336094576627,10.8445879633189,10.6156527389318,35015,0,0,0,1
2001,Never treated,5.64544689764324,10.336924443719,10.0830971018266,35017,0,0,0,1
2002,Never treated,5.79605775076537,10.3225596640505,10.0816755780485,35017,0,0,0,1
2003,Never treated,5.94803498918065,10.3036720762004,10.1002460599056,35017,0,0,0,1
2004,Never treated,5.66988092298052,10.287490657345,10.1622684814415,35017,0,0,0,1
2005,Never treated,5.62401750618734,10.2849672978938,10.2084322645387,35017,0,0,0,1
2006,Never treated,5.64544689764324,10.287490657345,10.2277426052187,35017,0,0,0,1
2007,Never treated,5.73334127689775,10.305279255278,10.2849672978938,35017,0,0,0,1
2001,Never treated,3.25809653802148,7.67693714581808,9.9287166065819,35011,0,0,0,1
2002,Never treated,3.17805383034795,7.66809370908241,9.96519394197211,35011,0,0,0,1
2003,Never treated,3.3322045101752,7.64444076155657,9.96420628757083,35011,0,0,0,1
2004,Never treated,2.83321334405622,7.61579107203583,9.99131526290165,35011,0,0,0,1
2005,Never treated,2.94443897916644,7.6004023345004,10.0198473536523,35011,0,0,0,1
2006,Never treated,2.77258872223978,7.55590509361135,10.0812989538522,35011,0,0,0,1
2007,Never treated,2.63905732961526,7.53422832627409,10.1667360413466,35011,0,0,0,1
2001,Never treated,3.98898404656427,8.61250337122056,9.84230339921113,35023,0,0,0,1
2002,Never treated,4.31748811353631,8.5850387383113,9.82444434519567,35023,0,0,0,1
2003,Never treated,4.14313472639153,8.56693528331105,9.86511048341512,35023,0,0,0,1
2004,Never treated,3.80666248977032,8.55120807000351,10.0113100350649,35023,0,0,0,1
2005,Never treated,3.80666248977032,8.50815244676409,10.0788264539022,35023,0,0,0,1
2006,Never treated,4.21950770517611,8.48611523584538,10.2362744351463,35023,0,0,0,1
2007,Never treated,4.17438726989564,8.52018870039604,10.3645765643923,35023,0,0,0,1
2001,Never treated,6.7286286130847,10.9159426447531,10.2368119828666,35025,0,0,0,1
2002,Never treated,6.66568371778241,10.9289734384357,10.2362027402796,35025,0,0,0,1
2003,Never treated,6.71901315438526,10.9290630899603,10.2771179371243,35025,0,0,0,1
2004,Never treated,6.70563909486,10.935069328745,10.3133430089456,35025,0,0,0,1
2005,Never treated,6.79122146272619,10.9343561891177,10.3923742687834,35025,0,0,0,1
2006,Never treated,6.89162589705225,10.947168357678,10.5296933273422,35025,0,0,0,1
2007,Never treated,7.03262426102801,10.9673703606831,10.6201559281374,35025,0,0,0,1
2001,Never treated,5.66296048013595,9.88195743398576,9.92378025580389,35027,0,0,0,1
2002,Never treated,5.65248918026865,9.89065557372075,9.96486483221103,35027,0,0,0,1
2003,Never treated,5.74300318780948,9.91916403192114,10.0186894822248,35027,0,0,0,1
2004,Never treated,5.5683445037611,9.93721242193775,10.0834730495325,35027,0,0,0,1
2005,Never treated,5.63835466933375,9.93605154340939,10.1029529764958,35027,0,0,0,1
2006,Never treated,5.56068163101553,9.94280441491308,10.1427012840278,35027,0,0,0,1
2007,Never treated,5.7037824746562,9.94424554500829,10.1767156680178,35027,0,0,0,1
2001,Never treated,5.92425579741453,9.78171532060622,10.5390585849585,35028,0,0,0,1
2002,Never treated,5.64190707093811,9.811317437564,10.5769420997503,35028,0,0,0,1
2003,Never treated,5.71042701737487,9.83686686519423,10.6439237711392,35028,0,0,0,1
2004,Never treated,5.71373280550937,9.83910901859992,10.6731790207359,35028,0,0,0,1
2005,Never treated,5.68017260901707,9.82973336394747,10.6994620428955,35028,0,0,0,1
2006,Never treated,5.65948221575962,9.83483390921908,10.9615035156633,35028,0,0,0,1
2007,Never treated,5.82600010738045,9.82800941136017,11.0953169229154,35028,0,0,0,1
2001,Never treated,5.45958551414416,10.1257907508526,9.82633649334771,35029,0,0,0,1
2002,Never treated,5.50125821054473,10.1367002395271,9.91304176534094,35029,0,0,0,1
2003,Never treated,5.65948221575962,10.1539349383777,9.91689723944605,35029,0,0,0,1
2004,Never treated,5.62762111369064,10.1693073781308,9.98266835041057,35029,0,0,0,1
2005,Never treated,5.60947179518496,10.1698055292341,10.0783648024408,35029,0,0,0,1
2006,Never treated,5.80814248998044,10.1821414937779,10.1295069645958,35029,0,0,0,1
2007,Never treated,5.73009978297357,10.1961571664989,10.183616169333,35029,0,0,0,1
2001,Never treated,6.30444880242198,11.2259764570943,10.1703800107804,35031,0,0,0,1
2002,Never treated,6.24416690066374,11.2077309407671,10.1809677625033,35031,0,0,0,1
2003,Never treated,6.18620862390049,11.1929130196877,10.1863706282012,35031,0,0,0,1
2004,Never treated,6.22257626807137,11.1917693356607,10.2168739207762,35031,0,0,0,1
2005,Never treated,6.27852142416584,11.1647145994436,10.2566413043479,35031,0,0,0,1
2006,Never treated,6.28785856016178,11.1627578736399,10.2935005560854,35031,0,0,0,1
2007,Never treated,6.29526600143965,11.1548066219679,10.32901669168,35031,0,0,0,1
2001,Never treated,2.77258872223978,8.55814317774519,10.0317928126891,35033,0,0,0,1
2002,Never treated,2.70805020110221,8.56350409427949,10.0076223172681,35033,0,0,0,1
2003,Never treated,3.04452243772342,8.56731580081945,10.0588232442451,35033,0,0,0,1
2004,Never treated,2.19722457733622,8.55448897615993,10.0939839375181,35033,0,0,0,1
2005,Never treated,2.484906649788,8.52674740422105,10.1278703356853,35033,0,0,0,1
2006,Never treated,3.04452243772342,8.52674740422105,10.1947756155819,35033,0,0,0,1
2007,Never treated,2.83321334405622,8.52595469708481,10.2435960271663,35033,0,0,0,1
2001,Never treated,6.4118182677099,11.02732889525,10.0650960677325,35035,0,0,0,1
2002,Never treated,6.44571981938558,11.02968258229,10.1081819601818,35035,0,0,0,1
2003,Never treated,6.28599809450886,11.0358247106059,10.1080597182649,35035,0,0,0,1
2004,Never treated,6.38350663488401,11.0599126704973,10.1183569673981,35035,0,0,0,1
2005,Never treated,6.45833828334479,11.0561144295105,10.1616893196654,35035,0,0,0,1
2006,Never treated,6.37672694789863,11.0435456411174,10.237062739616,35035,0,0,0,1
2007,Never treated,6.39359075395063,11.0557353903701,10.2685125376463,35035,0,0,0,1
2001,Never treated,4.79579054559674,9.19461741151095,9.91837616502988,35037,0,0,0,1
2002,Never treated,4.71849887129509,9.18049952996516,9.95882764756929,35037,0,0,0,1
2003,Never treated,4.55387689160054,9.17336513585129,9.99611231164195,35037,0,0,0,1
2004,Never treated,4.61512051684126,9.1503780308035,10.0000696503824,35037,0,0,0,1
2005,Never treated,4.69134788222914,9.12074383816443,10.0299880361455,35037,0,0,0,1
2006,Never treated,4.77068462446567,9.10542420202662,10.0776929287278,35037,0,0,0,1
2007,Never treated,4.70048036579242,9.10320049641828,10.1219803056349,35037,0,0,0,1
2001,Never treated,5.8111409929767,10.623617404426,10.0487992836962,35039,0,0,0,1
2002,Never treated,6.0591231955818,10.6218150316264,10.0607904019099,35039,0,0,0,1
2003,Never treated,5.97635090929793,10.6176621002881,10.0746217636895,35039,0,0,0,1
2004,Never treated,5.85220247977447,10.6156527389318,10.0980670067256,35039,0,0,0,1
2005,Never treated,5.67675380226828,10.6096496701736,10.1251900660539,35039,0,0,0,1
2006,Never treated,5.74300318780948,10.6128033142577,10.1857298562375,35039,0,0,0,1
2007,Never treated,5.73334127689775,10.6158979992769,10.2679223110863,35039,0,0,0,1
2001,Never treated,5.76205138278018,9.81071415238377,9.95375281868368,35041,0,0,0,1
2002,Never treated,5.78074351579233,9.80873721599032,9.99529159301117,35041,0,0,0,1
2003,Never treated,6.05678401322862,9.81175596193654,10.0076673714458,35041,0,0,0,1
2004,Never treated,6.01615715969835,9.80912192650041,10.051347055775,35041,0,0,0,1
2005,Never treated,6.0282785202307,9.84150576018025,10.0954293527071,35041,0,0,0,1
2006,Never treated,5.98141421125448,9.84575250188489,10.1488621526917,35041,0,0,0,1
2007,Never treated,5.44673737166631,9.85450737031441,10.1694223581052,35041,0,0,0,1
2001,Never treated,6.80128303447162,11.4376845435795,10.4890773616723,35043,0,0,0,1
2002,Never treated,6.83195356556585,11.4691094093858,10.4452302789368,35043,0,0,0,1
2003,Never treated,6.7696419768525,11.500792153147,10.4677212330027,35043,0,0,0,1
2004,Never treated,6.96034772910131,11.5398107937516,10.4979739462721,35043,0,0,0,1
2005,Never treated,6.99117688712121,11.5683601718583,10.5201585743855,35043,0,0,0,1
2006,Never treated,7.03790596344718,11.624958668646,10.5486255139097,35043,0,0,0,1
2007,Never treated,6.94505106372583,11.6769472645927,10.5828907153038,35043,0,0,0,1
2001,Never treated,7.4593388952203,11.6630681233999,10.2891240330101,35045,0,0,0,1
2002,Never treated,7.56631101477246,11.6951136795412,10.291195939055,35045,0,0,0,1
2003,Never treated,7.44658509915773,11.7155152269367,10.3273163446613,35045,0,0,0,1
2004,Never treated,7.37713371283395,11.7296162418437,10.3822341008384,35045,0,0,0,1
2005,Never treated,7.35308192051543,11.7115877813522,10.4251047373803,35045,0,0,0,1
2006,Never treated,7.36770857237437,11.7086567086741,10.4973667314374,35045,0,0,0,1
2007,Never treated,7.44775128004791,11.7141423748665,10.5602819036303,35045,0,0,0,1
2001,Never treated,5.57215403217776,10.3007188557172,10.0100073959138,35047,0,0,0,1
2002,Never treated,5.8805329864007,10.2972848557766,10.0344719543315,35047,0,0,0,1
2003,Never treated,5.67332326717149,10.2927216475339,10.0384554129466,35047,0,0,0,1
2004,Never treated,5.605802066296,10.2917386799096,10.0990543360801,35047,0,0,0,1
2005,Never treated,5.65599181081985,10.2777715431607,10.137887512106,35047,0,0,0,1
2006,Never treated,5.73009978297357,10.2675402140637,10.1972386710143,35047,0,0,0,1
2007,Never treated,5.73979291217923,10.257869870415,10.2373492417846,35047,0,0,0,1
2001,Never treated,7.61726781362835,11.784874418433,10.2960362687111,35049,0,0,0,1
2002,Never treated,7.59940133341582,11.8070566968162,10.3483977076072,35049,0,0,0,1
2003,Never treated,7.60140233458373,11.825500130015,10.3433540873616,35049,0,0,0,1
2004,Never treated,7.55485852104068,11.8434227441743,10.3917607718316,35049,0,0,0,1
2005,Never treated,7.57147364885127,11.8463645347597,10.4119002675778,35049,0,0,0,1
2006,Never treated,7.63530388625941,11.8540155941226,10.4722046547179,35049,0,0,0,1
2007,Never treated,7.67508185771633,11.8731770052561,10.5292922846258,35049,0,0,0,1
2001,Never treated,4.81218435537242,9.48432911729596,9.9219657737819,35051,0,0,0,1
2002,Never treated,4.64439089914137,9.47201208899573,9.98631100573524,35051,0,0,0,1
2003,Never treated,4.47733681447821,9.48135938353142,9.99583881360032,35051,0,0,0,1
2004,Never treated,4.46590811865458,9.46869661504613,10.0341648761777,35051,0,0,0,1
2005,Never treated,4.61512051684126,9.44034036408688,10.0656064020126,35051,0,0,0,1
2006,Never treated,4.65396035015752,9.42327195821398,10.0939426092268,35051,0,0,0,1
2007,Never treated,4.69134788222914,9.43172237267073,10.1259508725455,35051,0,0,0,1
2001,Never treated,5.17614973257383,9.80151019642366,10.1876133087851,35053,0,0,0,1
2002,Never treated,5.15329159449778,9.79629202093257,10.2297651427473,35053,0,0,0,1
2003,Never treated,5.19849703126583,9.80796735067872,10.2508644028687,35053,0,0,0,1
2004,Never treated,5.17614973257383,9.80493712880685,10.299272626591,35053,0,0,0,1
2005,Never treated,5.29831736654804,9.80664620108657,10.3085192333949,35053,0,0,0,1
2006,Never treated,5.37989735354046,9.80377770838712,10.3806219473347,35053,0,0,0,1
2007,Never treated,5.34233425196481,9.806425839693,10.3623354372094,35053,0,0,0,1
2001,Never treated,6.20859002609663,10.3177141663129,9.97329342678009,35055,0,0,0,1
2002,Never treated,6.12029741895095,10.3361462083284,9.98428382236422,35055,0,0,0,1
2003,Never treated,6.26339826259162,10.3478528096018,10.0475446055296,35055,0,0,0,1
2004,Never treated,6.08449941307517,10.3577745703416,10.0826374181644,35055,0,0,0,1
2005,Never treated,6.09582456243222,10.3478528096018,10.1329312163988,35055,0,0,0,1
2006,Never treated,6.19847871649231,10.3512136193588,10.1668513173367,35055,0,0,0,1
2007,Never treated,6.19236248947487,10.3613553394373,10.2056271100768,35055,0,0,0,1
2001,Never treated,4.99721227376411,9.7271083051978,10.0240666754945,35057,0,0,0,1
2002,Never treated,5.08759633523238,9.72394213868892,10.0482802974377,35057,0,0,0,1
2003,Never treated,4.83628190695148,9.73091828718485,10.0785746704346,35057,0,0,0,1
2004,Never treated,5.0998664278242,9.77246729009772,10.0949340171071,35057,0,0,0,1
2005,Never treated,4.96284463025991,9.7223852521469,10.1416773393889,35057,0,0,0,1
2006,Never treated,5.25227342804663,9.72184576464693,10.2085796864975,35057,0,0,0,1
2007,Never treated,5.14749447681345,9.71577147142487,10.2615115860442,35057,0,0,0,1
2001,Never treated,4.29045944114839,8.3020178097512,9.90268723236536,35059,0,0,0,1
2002,Never treated,4.39444915467244,8.28526113406895,9.91046316627255,35059,0,0,0,1
2003,Never treated,4.48863636973214,8.25634777291802,9.9475044379529,35059,0,0,0,1
2004,Never treated,4.33073334028633,8.25009775257285,9.9954740331485,35059,0,0,0,1
2005,Never treated,4.17438726989564,8.2398574110186,10.0311329063718,35059,0,0,0,1
2006,Never treated,3.93182563272433,8.23110984032815,10.080000605922,35059,0,0,0,1
2007,Never treated,4.20469261939097,8.22094116828139,10.1800960385193,35059,0,0,0,1
2001,Never treated,6.289715570909,11.1185338191432,10.0169055195717,35061,0,0,0,1
2002,Never treated,6.31716468674728,11.129378392163,10.0316168802467,35061,0,0,0,1
2003,Never treated,6.42162226780652,11.1350852514742,10.047847603043,35061,0,0,0,1
2004,Never treated,6.39859493453521,11.1356541502328,10.0838488559549,35061,0,0,0,1
2005,Never treated,6.40357419793482,11.1338588307166,10.1053666085456,35061,0,0,0,1
2006,Never treated,6.40522845803084,11.1476133276358,10.143094829881,35061,0,0,0,1
2007,Never treated,6.54391184556479,11.1768791376368,10.1865966850178,35061,0,0,0,1
2001,Never treated,9.3461815948876,13.2404610302302,10.3629040857368,35001,0,0,0,1
2002,Never treated,9.32785670540402,13.2587177815795,10.3957112279025,35001,0,0,0,1
2003,Never treated,9.24956108512946,13.2750175093909,10.4290441409021,35001,0,0,0,1
2004,Never treated,9.25167423546916,13.292170284956,10.4623887995337,35001,0,0,0,1
2005,Never treated,9.23200401161221,13.317471174051,10.4959853249461,35001,0,0,0,1
2006,Never treated,9.27087087171621,13.3343214033266,10.5312158245312,35001,0,0,0,1
2007,Never treated,9.33441468707811,13.3516082775765,10.564189017728,35001,0,0,0,1
2001,Never treated,4.0943445622221,8.45659356928731,9.90083403507056,35019,0,0,0,1
2002,Never treated,4.31748811353631,8.44225410475174,9.9089724827667,35019,0,0,0,1
2003,Never treated,4.33073334028633,8.44526745184465,9.96274653641105,35019,0,0,0,1
2004,Never treated,4.18965474202643,8.40536737623398,10.0009771738134,35019,0,0,0,1
2005,Never treated,4.21950770517611,8.40088406901585,9.96133184222057,35019,0,0,0,1
2006,Never treated,4.31748811353631,8.38822281011928,10.0969550947403,35019,0,0,0,1
2007,Never treated,4.47733681447821,8.39117635083275,10.0646280324086,35019,0,0,0,1
2001,Never treated,4.12713438504509,7.84345640437612,9.96674400217114,38001,0,1,0,0
2002,Never treated,3.97029191355212,7.82883452758809,9.98262215569986,38001,0,1,0,0
2003,Never treated,4.11087386417331,7.81075811652936,10.0081178016142,38001,0,1,0,0
2004,Never treated,4.0943445622221,7.80384330353877,10.0475878965099,38001,0,1,0,0
2005,Never treated,4.06044301054642,7.76472054477148,10.0827210127308,38001,0,1,0,0
2006,Never treated,3.89182029811063,7.7336835707759,10.120130017508,38001,0,1,0,0
2007,Never treated,4.17438726989564,7.7376162828579,10.1765634725985,38001,0,1,0,0
2001,Never treated,5.37527840768417,9.34522085417,9.92172032079719,38003,0,1,0,0
2002,Never treated,5.44241771052179,9.32839003875,9.96974334831319,38003,0,1,0,0
2003,Never treated,5.36597601502185,9.31946379899454,10.0113549234051,38003,0,1,0,0
2004,Never treated,5.34710753071747,9.31596085383987,10.0724705448909,38003,0,1,0,0
2005,Never treated,5.48893772615669,9.30519590298886,10.0976141547798,38003,0,1,0,0
2006,Never treated,5.48063892334199,9.2927495082169,10.1441173248576,38003,0,1,0,0
2007,Never treated,5.39362754635236,9.28794935130317,10.203777313027,38003,0,1,0,0
2001,Never treated,4.86753445045558,8.85552084853691,9.89197149657488,38009,0,1,0,0
2002,Never treated,4.91998092582813,8.8378263640077,9.92778984505909,38009,0,1,0,0
2003,Never treated,4.74493212836325,8.83273359199642,9.96298212432177,38009,0,1,0,0
2004,Never treated,4.8283137373023,8.8236479491913,10.0472848202839,38009,0,1,0,0
2005,Never treated,4.81218435537242,8.79815271810719,10.1205325453885,38009,0,1,0,0
2006,Never treated,4.68213122712422,8.77755545321306,10.1447067505776,38009,0,1,0,0
2007,Never treated,4.78749174278205,8.76045304631527,10.2070675801407,38009,0,1,0,0
2001,Never treated,4.72738781871234,8.04686951095958,9.90867407922343,38011,0,1,0,0
2002,Never treated,4.67282883446191,8.03592636989179,9.94482141602911,38011,0,1,0,0
2003,Never treated,4.58496747867057,8.03171037532204,10.0393287754475,38011,0,1,0,0
2004,Never treated,4.58496747867057,8.03624994213212,10.0353049771563,38011,0,1,0,0
2005,Never treated,4.63472898822964,7.99496952269788,10.0678996887865,38011,0,1,0,0
2006,Never treated,4.69134788222914,7.98480338973441,10.1797547221726,38011,0,1,0,0
2007,Never treated,4.75359019110636,7.98548435673382,10.2605674144845,38011,0,1,0,0
2001,Never treated,3.78418963391826,8.85166342536678,10.041552403492,38005,0,1,0,0
2002,Never treated,3.46573590279973,8.83360848269089,10.070272370181,38005,0,1,0,0
2003,Never treated,3.58351893845611,8.83593778931984,10.0828463914793,38005,0,1,0,0
2004,Never treated,3.04452243772342,8.85337967292763,10.1308621403782,38005,0,1,0,0
2005,Never treated,2.89037175789616,8.84217104861172,10.156539359589,38005,0,1,0,0
2006,Never treated,2.99573227355399,8.84217104861172,10.217020103578,38005,0,1,0,0
2007,Never treated,3.25809653802148,8.83608319099221,10.2691717906324,38005,0,1,0,0
2001,Never treated,8.06117135969092,11.7305417691585,10.2647917648585,38017,0,1,0,0
2002,Never treated,7.95191138185419,11.7378673982258,10.3044759886172,38017,0,1,0,0
2003,Never treated,7.90875473878325,11.7501218116,10.3353024359671,38017,0,1,0,0
2004,Never treated,7.86326672400957,11.7720768814569,10.3880102678811,38017,0,1,0,0
2005,Never treated,7.90801944463247,11.794986770466,10.4139431078352,38017,0,1,0,0
2006,Never treated,7.90137735379262,11.812155601121,10.452446760283,38017,0,1,0,0
2007,Never treated,7.96137020171951,11.8329561338867,10.5021866815524,38017,0,1,0,0
2001,Never treated,4.89783979995091,8.45019832259196,9.9948353469954,38019,0,1,0,0
2002,Never treated,4.69134788222914,8.42989086301344,10.0228693095562,38019,0,1,0,0
2003,Never treated,4.71849887129509,8.41405243249672,10.0509588318943,38019,0,1,0,0
2004,Never treated,4.68213122712422,8.38776764397578,10.0823865925288,38019,0,1,0,0
2005,Never treated,4.64439089914137,8.34735341212434,10.1332094192105,38019,0,1,0,0
2006,Never treated,4.67282883446191,8.3059782109673,10.1490577364119,38019,0,1,0,0
2007,Never treated,4.69134788222914,8.25270667656764,10.2670536975126,38019,0,1,0,0
2001,Never treated,4.53259949315326,8.6429443967218,9.90653291072209,38021,0,1,0,0
2002,Never treated,4.51085950651685,8.62353322718756,9.95218247407489,38021,0,1,0,0
2003,Never treated,4.68213122712422,8.60959004068221,9.99506349602334,38021,0,1,0,0
2004,Never treated,4.29045944114839,8.62515033292133,10.0709915359797,38021,0,1,0,0
2005,Never treated,4.51085950651685,8.60520406873895,10.0837236028391,38021,0,1,0,0
2006,Never treated,4.74493212836325,8.58988587680968,10.1226230824528,38021,0,1,0,0
2007,Never treated,4.62497281328427,8.59044365315583,10.1712602419935,38021,0,1,0,0
2001,Never treated,4.04305126783455,7.68799716639302,9.7434361643879,38023,0,1,0,0
2002,Never treated,4.06044301054642,7.69575799055476,9.8440559687667,38023,0,1,0,0
2003,Never treated,4.11087386417331,7.69848278788095,9.89646293759916,38023,0,1,0,0
2004,Never treated,4.11087386417331,7.69302574841789,9.89389165886268,38023,0,1,0,0
2005,Never treated,3.87120101090789,7.64491934495886,9.96824479975141,38023,0,1,0,0
2006,Never treated,3.89182029811063,7.62217459481762,10.0221590822536,38023,0,1,0,0
2007,Never treated,3.85014760171006,7.60539236481493,10.1096476988099,38023,0,1,0,0
2001,Never treated,3.73766961828337,8.17919979842309,9.96218089887535,38025,0,1,0,0
2002,Never treated,3.58351893845611,8.17188200612782,9.99829760729877,38025,0,1,0,0
2003,Never treated,3.52636052461616,8.17075142375753,10.048583072154,38025,0,1,0,0
2004,Never treated,3.40119738166216,8.14757773620177,10.0181100433728,38025,0,1,0,0
2005,Never treated,3.13549421592915,8.10922495308995,10.0700607523619,38025,0,1,0,0
2006,Never treated,3.80666248977032,8.10379671298179,10.1387177649855,38025,0,1,0,0
2007,Never treated,3.3322045101752,8.09864284375942,10.1896059030117,38025,0,1,0,0
2001,Never treated,4.11087386417331,7.89282552625112,9.84776340376377,38027,0,1,0,0
2002,Never treated,3.8286413964891,7.87511928104029,9.89968031419317,38027,0,1,0,0
2003,Never treated,3.71357206670431,7.87016594646984,9.90458694797943,38027,0,1,0,0
2004,Never treated,3.8286413964891,7.86978390253015,9.94740873959406,38027,0,1,0,0
2005,Never treated,3.8286413964891,7.84384863815247,9.96119026266442,38027,0,1,0,0
2006,Never treated,4.0943445622221,7.80506704425849,9.97998552350885,38027,0,1,0,0
2007,Never treated,4.06044301054642,7.79110951061003,10.0503977978507,38027,0,1,0,0
2001,Never treated,4.4188406077966,8.34260168068419,9.84617618582301,38029,0,1,0,0
2002,Never treated,4.17438726989564,8.31630024903685,9.86271763999292,38029,0,1,0,0
2003,Never treated,4.18965474202643,8.29729437026692,9.91452639965134,38029,0,1,0,0
2004,Never treated,4.23410650459726,8.27639470486331,10.0055024779429,38029,0,1,0,0
2005,Never treated,3.80666248977032,8.22416351263786,10.0321885475519,38029,0,1,0,0
2006,Never treated,4.00733318523247,8.19090888118251,10.0375812870168,38029,0,1,0,0
2007,Never treated,3.93182563272433,8.16308637558322,10.0965429615331,38029,0,1,0,0
2001,Never treated,4.56434819146784,8.20001364817543,10.0026539240306,38031,0,1,0,0
2002,Never treated,4.71849887129509,8.18227973925902,10.0616444823308,38031,0,1,0,0
2003,Never treated,4.68213122712422,8.16451026874704,10.1223820895609,38031,0,1,0,0
2004,Never treated,4.72738781871234,8.16820293023605,10.1628858845095,38031,0,1,0,0
2005,Never treated,4.64439089914137,8.16905314992734,10.2046656426557,38031,0,1,0,0
2006,Never treated,4.72738781871234,8.16820293023605,10.2751200721078,38031,0,1,0,0
2007,Never treated,4.58496747867057,8.14438886554762,10.3142718221219,38031,0,1,0,0
2001,Never treated,3.61091791264422,7.52779398772144,9.75138477432617,38033,0,1,0,0
2002,Never treated,3.40119738166216,7.51261754467451,9.7846477086546,38033,0,1,0,0
2003,Never treated,3.78418963391826,7.50714107972761,9.80405388282064,38033,0,1,0,0
2004,Never treated,3.61091791264422,7.47533923656674,9.89741917713452,38033,0,1,0,0
2005,Never treated,3.55534806148941,7.43779512167193,9.95118187839879,38033,0,1,0,0
2006,Never treated,3.36729582998647,7.41697962138115,10.0090180537456,38033,0,1,0,0
2007,Never treated,3.46573590279973,7.40974195408092,10.025262609462,38033,0,1,0,0
2001,Never treated,7.35436233042148,11.0854601165824,10.1424650821529,38035,0,1,0,0
2002,Never treated,7.30988148582479,11.0802022060912,10.171145473157,38035,0,1,0,0
2003,Never treated,7.28138566357028,11.0779955002075,10.2073997018479,38035,0,1,0,0
2004,Never treated,7.20637729147225,11.0976221197262,10.2434536784116,38035,0,1,0,0
2005,Never treated,7.29369772060144,11.1062796601139,10.2712507934603,38035,0,1,0,0
2006,Never treated,7.28207365809346,11.1129850675048,10.3126458324819,38035,0,1,0,0
2007,Never treated,7.28207365809346,11.0983792481259,10.3624302344224,38035,0,1,0,0
2001,Never treated,3.63758615972639,7.93164402145431,9.76944174190706,38037,0,1,0,0
2002,Never treated,3.55534806148941,7.89655270164304,9.83649268371185,38037,0,1,0,0
2003,Never treated,3.46573590279973,7.88945914940452,9.87426469385922,38037,0,1,0,0
2004,Never treated,3.2188758248682,7.87283617502572,9.93416223680405,38037,0,1,0,0
2005,Never treated,3.13549421592915,7.84893372636407,9.96721324341667,38037,0,1,0,0
2006,Never treated,3.29583686600433,7.82484569102686,10.004824986442,38037,0,1,0,0
2007,Never treated,3.46573590279973,7.79729127354747,10.0477177582074,38037,0,1,0,0
2001,Never treated,2.89037175789616,7.68524360797583,10.0134176119083,38013,0,1,0,0
2002,Never treated,2.77258872223978,7.65822752616135,10.045247497574,38013,0,1,0,0
2003,Never treated,2.70805020110221,7.64873978895624,10.1454528580909,38013,0,1,0,0
2004,Never treated,2.83321334405622,7.63867982387611,10.1998443901777,38013,0,1,0,0
2005,Never treated,2.77258872223978,7.58578882173203,10.2761195035491,38013,0,1,0,0
2006,Never treated,2.83321334405622,7.55118686729615,10.3289186732852,38013,0,1,0,0
2007,Never treated,2.99573227355399,7.51697722460432,10.3825438326131,38013,0,1,0,0
2001,Never treated,3.17805383034795,7.87625888230323,9.90248705220255,38041,0,1,0,0
2002,Never treated,3.29583686600433,7.86057078553866,9.92078704961419,38041,0,1,0,0
2003,Never treated,3.49650756146648,7.83755436088108,9.95099117518009,38041,0,1,0,0
2004,Never treated,3.55534806148941,7.83873755959928,10.0021557243328,38041,0,1,0,0
2005,Never treated,3.36729582998647,7.82003798945875,10.0169501574469,38041,0,1,0,0
2006,Never treated,3.49650756146648,7.81561053203519,10.0812989538522,38041,0,1,0,0
2007,Never treated,3.49650756146648,7.78113850984502,10.142150059508,38041,0,1,0,0
2001,Never treated,3.49650756146648,7.88945914940452,9.85145714444174,38043,0,1,0,0
2002,Never treated,3.09104245335832,7.86057078553866,9.89485035914046,38043,0,1,0,0
2003,Never treated,2.99573227355399,7.86018505747217,9.92039383260249,38043,0,1,0,0
2004,Never treated,3.09104245335832,7.84776253747361,9.96486483221103,38043,0,1,0,0
2005,Never treated,2.94443897916644,7.79110951061003,10.0171733169399,38043,0,1,0,0
2006,Never treated,2.94443897916644,7.77443551030296,10.0198918604062,38043,0,1,0,0
2007,Never treated,2.70805020110221,7.74759683869289,10.0842245211998,38043,0,1,0,0
2001,Never treated,4.30406509320417,8.43879912398823,9.83942891623541,38045,0,1,0,0
2002,Never treated,4.36944785246702,8.42748727833174,9.88567993388616,38045,0,1,0,0
2003,Never treated,4.43081679884331,8.41715183723601,9.97142653554432,38045,0,1,0,0
2004,Never treated,4.23410650459726,8.4096079807363,10.0439883523237,38045,0,1,0,0
2005,Never treated,4.07753744390572,8.36264243156764,10.0903404937493,38045,0,1,0,0
2006,Never treated,3.95124371858143,8.33734856449717,10.1366606394875,38045,0,1,0,0
2007,Never treated,3.87120101090789,8.31776616671934,10.1853904577239,38045,0,1,0,0
2001,Never treated,2.77258872223978,7.70391020961631,9.75701564863587,38047,0,1,0,0
2002,Never treated,2.63905732961526,7.69302574841789,9.81290617430489,38047,0,1,0,0
2003,Never treated,2.63905732961526,7.66058546170326,9.82140944150052,38047,0,1,0,0
2004,Never treated,2.83321334405622,7.64921631982063,9.81700330931435,38047,0,1,0,0
2005,Never treated,2.99573227355399,7.60539236481493,9.89202207442685,38047,0,1,0,0
2006,Never treated,2.77258872223978,7.58171964012531,9.91699590256092,38047,0,1,0,0
2007,Never treated,2.99573227355399,7.57660976697304,9.9410723128634,38047,0,1,0,0
2001,Never treated,4.00733318523247,8.66802408111882,9.94362131027577,38049,0,1,0,0
2002,Never treated,3.89182029811063,8.65294711239386,9.92549363279874,38049,0,1,0,0
2003,Never treated,3.98898404656427,8.65032450401942,9.95977336354672,38049,0,1,0,0
2004,Never treated,3.63758615972639,8.6312359074569,10.0161910424492,38049,0,1,0,0
2005,Never treated,3.89182029811063,8.60282027738367,10.1056117366263,38049,0,1,0,0
2006,Never treated,3.8286413964891,8.58727879898293,10.1313798108725,38049,0,1,0,0
2007,Never treated,4.02535169073515,8.55910259449345,10.2398169218094,38049,0,1,0,0
2001,Never treated,4.26267987704132,8.1056094022999,9.78549199429842,38051,0,1,0,0
2002,Never treated,4.20469261939097,8.0805469658245,9.8453286383626,38051,0,1,0,0
2003,Never treated,4.29045944114839,8.07215530818825,9.86578568535212,38051,0,1,0,0
2004,Never treated,4.04305126783455,8.03786623470962,9.90703126615949,38051,0,1,0,0
2005,Never treated,3.98898404656427,7.9912539298402,9.9276434357472,38051,0,1,0,0
2006,Never treated,4.24849524204936,7.96346006663897,9.9446294958673,38051,0,1,0,0
2007,Never treated,4.00733318523247,7.90948949267376,10.0127454634726,38051,0,1,0,0
2001,Never treated,4.31748811353631,8.6417090661138,10.0966254017639,38053,0,1,0,0
2002,Never treated,4.34380542185368,8.6436496153688,10.0784487549238,38053,0,1,0,0
2003,Never treated,4.44265125649032,8.62819774945915,10.1295468489312,38053,0,1,0,0
2004,Never treated,4.33073334028633,8.61377528926248,10.1713367472342,38053,0,1,0,0
2005,Never treated,4.40671924726425,8.61974977974133,10.2319276174601,38053,0,1,0,0
2006,Never treated,4.18965474202643,8.61920811682297,10.378229936129,38053,0,1,0,0
2007,Never treated,4.57471097850338,8.61974977974133,10.5099869263704,38053,0,1,0,0
2001,Never treated,4.85203026391962,9.11997793189579,10.2086165385916,38055,0,1,0,0
2002,Never treated,4.85981240436167,9.10675605571961,10.2460838558653,38055,0,1,0,0
2003,Never treated,4.64439089914137,9.09683567117936,10.2735672499735,38055,0,1,0,0
2004,Never treated,4.65396035015752,9.08239335764556,10.3445450043474,38055,0,1,0,0
2005,Never treated,4.59511985013459,9.0415666277275,10.3915766493282,38055,0,1,0,0
2006,Never treated,4.67282883446191,9.02905827475689,10.4378441388285,38055,0,1,0,0
2007,Never treated,4.71849887129509,9.02905827475689,10.5216687006062,38055,0,1,0,0
2001,Never treated,5.48063892334199,9.05450494041805,10.5465249486106,38057,0,1,0,0
2002,Never treated,5.63121178182137,9.05087559732516,10.5406991007658,38057,0,1,0,0
2003,Never treated,5.6970934865054,9.04617302576227,10.5788525633003,38057,0,1,0,0
2004,Never treated,5.50125821054473,9.03717675296699,10.6466860064948,38057,0,1,0,0
2005,Never treated,5.58724865840025,9.00097644407034,10.6551394624686,38057,0,1,0,0
2006,Never treated,5.4971682252932,8.98444303246535,10.718166289816,38057,0,1,0,0
2007,Never treated,5.4249500174814,8.98306328938037,10.7532324165664,38057,0,1,0,0
2001,Never treated,6.24027584517077,10.1328119629254,10.125750716423,38059,0,1,0,0
2002,Never treated,6.13772705408623,10.1358286762044,10.1358683092028,38059,0,1,0,0
2003,Never treated,6.0913098820777,10.1354719085158,10.1761448157198,38059,0,1,0,0
2004,Never treated,5.96870755998537,10.1394288620802,10.1988401312921,38059,0,1,0,0
2005,Never treated,6.04500531403601,10.1376106078933,10.2338698545199,38059,0,1,0,0
2006,Never treated,6.10031895202006,10.147178551738,10.297487182535,38059,0,1,0,0
2007,Never treated,6.07534603108868,10.1598724376301,10.3343604645788,38059,0,1,0,0
2001,Never treated,4.88280192258637,8.78920309447372,9.9765056452727,38061,0,1,0,0
2002,Never treated,4.81218435537242,8.77971129020447,10.0308248009973,38061,0,1,0,0
2003,Never treated,4.9416424226093,8.77709288285557,10.136304168546,38061,0,1,0,0
2004,Never treated,4.70953020131233,8.78354947715327,10.2545668701177,38061,0,1,0,0
2005,Never treated,4.64439089914137,8.77847995250849,10.2597624164535,38061,0,1,0,0
2006,Never treated,4.59511985013459,8.76029622047005,10.2181522963178,38061,0,1,0,0
2007,Never treated,4.7361984483945,8.77678438370149,10.2674012334861,38061,0,1,0,0
2001,Never treated,4.20469261939097,8.19007704971905,9.789198406134,38063,0,1,0,0
2002,Never treated,4.26267987704132,8.14960173573616,9.88822161886569,38063,0,1,0,0
2003,Never treated,3.91202300542815,8.14002395246292,9.91095956737483,38063,0,1,0,0
2004,Never treated,4.04305126783455,8.14293601043227,9.89495122151384,38063,0,1,0,0
2005,Never treated,4.04305126783455,8.12563098847706,9.92127835354468,38063,0,1,0,0
2006,Never treated,3.80666248977032,8.08794755464267,9.98294547387084,38063,0,1,0,0
2007,Never treated,3.71357206670431,8.07837810362652,10.0526400479386,38063,0,1,0,0
2001,Never treated,2.83321334405622,7.59538727885397,10.7467128455529,38065,0,1,0,0
2002,Never treated,2.39789527279837,7.57660976697304,10.649084858097,38065,0,1,0,0
2003,Never treated,2.70805020110221,7.55171221535131,10.6608528904226,38065,0,1,0,0
2004,Never treated,2.484906649788,7.53529670244409,10.7393488352952,38065,0,1,0,0
2005,Never treated,2.77258872223978,7.49164547360513,10.7067663489328,38065,0,1,0,0
2006,Never treated,2.77258872223978,7.4667994750186,10.7420329357854,38065,0,1,0,0
2007,Never treated,2.89037175789616,7.44132038971762,10.7981664214338,38065,0,1,0,0
2001,Never treated,5.48479693349065,9.03336450150698,10.1677346587288,38067,0,1,0,0
2002,Never treated,5.50125821054473,9.02111503886543,10.1913696049906,38067,0,1,0,0
2003,Never treated,5.48479693349065,9.01383875160839,10.2143855380379,38067,0,1,0,0
2004,Never treated,5.4249500174814,9.00908061416198,10.2266936098069,38067,0,1,0,0
2005,Never treated,5.38449506278909,8.97081334141145,10.254637260432,38067,0,1,0,0
2006,Never treated,5.32300997913841,8.95467362895641,10.3030016551509,38067,0,1,0,0
2007,Never treated,5.27299955856375,8.93326847863642,10.3704239827324,38067,0,1,0,0
2001,Never treated,4.85981240436167,8.43359416753992,9.90188627116915,38069,0,1,0,0
2002,Never treated,4.70953020131233,8.41958036254924,9.95664910065036,38069,0,1,0,0
2003,Never treated,4.68213122712422,8.40357646462927,10.0481937735354,38069,0,1,0,0
2004,Never treated,4.53259949315326,8.37930948405285,10.0825538166094,38069,0,1,0,0
2005,Never treated,4.55387689160054,8.34355383500512,10.1033215344147,38069,0,1,0,0
2006,Never treated,4.46590811865458,8.33278946841796,10.0970787015883,38069,0,1,0,0
2007,Never treated,4.45434729625351,8.31752199628717,10.1237068323331,38069,0,1,0,0
2001,Never treated,5.96870755998537,9.37704054786718,9.96448857409353,38071,0,1,0,0
2002,Never treated,5.81413053182507,9.37211902753881,9.98585064296125,38071,0,1,0,0
2003,Never treated,5.81413053182507,9.35901896434754,10.0204702680217,38071,0,1,0,0
2004,Never treated,5.78689738136671,9.34687973611501,10.0681541740914,38071,0,1,0,0
2005,Never treated,5.84354441703136,9.33246950520925,10.1204922998909,38071,0,1,0,0
2006,Never treated,5.66642668811243,9.32482909846088,10.1519089110346,38071,0,1,0,0
2007,Never treated,5.65248918026865,9.32572052301626,10.2070306709189,38071,0,1,0,0
2001,Never treated,4.96284463025991,8.67675776108758,9.9681041956221,38073,0,1,0,0
2002,Never treated,4.91998092582813,8.67317077287059,10.0198028449175,38073,0,1,0,0
2003,Never treated,4.83628190695148,8.67317077287059,10.021848199121,38073,0,1,0,0
2004,Never treated,4.87519732320115,8.66939912430557,10.0580952707626,38073,0,1,0,0
2005,Never treated,4.75359019110636,8.65799806800726,10.1218195468531,38073,0,1,0,0
2006,Never treated,4.76217393479776,8.6438258423496,10.1125321794708,38073,0,1,0,0
2007,Never treated,4.79579054559674,8.65608519028286,10.1660056513244,38073,0,1,0,0
2001,Never treated,3.68887945411394,7.83518375526675,9.92221116653423,38075,0,1,0,0
2002,Never treated,3.63758615972639,7.83676478326407,9.94217927964711,38075,0,1,0,0
2003,Never treated,3.55534806148941,7.82284529027977,9.97455161096713,38075,0,1,0,0
2004,Never treated,3.17805383034795,7.80628928926703,10.0387611765937,38075,0,1,0,0
2005,Never treated,3.63758615972639,7.7848892956551,10.0914183480946,38075,0,1,0,0
2006,Never treated,3.58351893845611,7.77148876011762,10.197126845462,38075,0,1,0,0
2007,Never treated,3.61091791264422,7.72312009226633,10.2616863348432,38075,0,1,0,0
2001,Never treated,5.8111409929767,9.77752742540792,10.142150059508,38077,0,1,0,0
2002,Never treated,5.80814248998044,9.76715223257887,10.1726364416067,38077,0,1,0,0
2003,Never treated,5.83773044716594,9.77883094793657,10.1962691005326,38077,0,1,0,0
2004,Never treated,5.77455154554441,9.76640701198776,10.2325754490465,38077,0,1,0,0
2005,Never treated,5.5834963087817,9.75155940106197,10.272012012832,38077,0,1,0,0
2006,Never treated,5.60947179518496,9.72651168206693,10.3064495304262,38077,0,1,0,0
2007,Never treated,5.62040086571715,9.7111762641128,10.3701418289567,38077,0,1,0,0
2001,Never treated,5.17614973257383,9.53184399290347,10.048583072154,38079,0,1,0,0
2002,Never treated,5.17614973257383,9.52995706295831,10.0564232088068,38079,0,1,0,0
2003,Never treated,5.01063529409626,9.52733849876202,10.1169443382608,38079,0,1,0,0
2004,Never treated,5.09375020080676,9.53358261982651,10.1696905933108,38079,0,1,0,0
2005,Never treated,4.91265488573605,9.51973501133361,10.2008847796745,38079,0,1,0,0
2006,Never treated,4.86753445045558,9.51510077596271,10.2290071704672,38079,0,1,0,0
2007,Never treated,5.12989871492307,9.52098184856287,10.2571329119145,38079,0,1,0,0
2001,Never treated,3.89182029811063,8.37678103769949,10.4223111074132,38081,0,1,0,0
2002,Never treated,4.11087386417331,8.36310917603352,10.4759349478583,38081,0,1,0,0
2003,Never treated,3.87120101090789,8.34711636103872,10.5820285807067,38081,0,1,0,0
2004,Never treated,3.66356164612965,8.32385113133882,10.597309505386,38081,0,1,0,0
2005,Never treated,4.00733318523247,8.31996102188653,10.6123850431873,38081,0,1,0,0
2006,Never treated,4.0943445622221,8.32675881451173,10.6028155921712,38081,0,1,0,0
2007,Never treated,3.97029191355212,8.31360713931756,10.6325808598695,38081,0,1,0,0
2001,Never treated,1.38629436111989,7.39817409297047,9.86344650299894,38083,0,1,0,0
2002,Never treated,1.79175946922805,7.36137542897735,9.83836219257567,38083,0,1,0,0
2003,Never treated,1.94591014905531,7.33432935030054,9.94960748814968,38083,0,1,0,0
2004,Never treated,1.94591014905531,7.2868764117507,9.90588467713585,38083,0,1,0,0
2005,Never treated,1.38629436111989,7.24921505711439,10.0071265872956,38083,0,1,0,0
2006,Never treated,1.6094379124341,7.22183582528845,9.95356260516843,38083,0,1,0,0
2007,Never treated,2.07944154167984,7.1777824161952,9.97189358520019,38083,0,1,0,0
2001,Never treated,2.99573227355399,8.29928590689727,10.176905879724,38085,0,1,0,0
2002,Never treated,2.89037175789616,8.32069157104845,10.1850509439797,38085,0,1,0,0
2003,Never treated,2.56494935746154,8.32579052588609,10.2432045193222,38085,0,1,0,0
2004,Never treated,2.484906649788,8.32796785830549,10.3003490891701,38085,0,1,0,0
2005,Never treated,2.30258509299405,8.3170334764924,10.3124797664204,38085,0,1,0,0
2006,Never treated,2.39789527279837,8.33902300574476,10.3340679481227,38085,0,1,0,0
2007,Never treated,1.38629436111989,8.32845106681936,10.3788207046116,38085,0,1,0,0
2001,Never treated,6.30627528694802,10.0130143770634,10.0354802619946,38089,0,1,0,0
2002,Never treated,6.24222326545517,10.0072167382986,10.0739473695649,38089,0,1,0,0
2003,Never treated,6.23244801655052,10.0028350260368,10.1154083638279,38089,0,1,0,0
2004,Never treated,6.07534603108868,10.005186372361,10.1444710219787,38089,0,1,0,0
2005,Never treated,6.24416690066374,10.0050056957265,10.1944766507454,38089,0,1,0,0
2006,Never treated,6.34212141872115,10.0037852738515,10.2750166256154,38089,0,1,0,0
2007,Never treated,6.35262939631957,10.0169947933297,10.3465695242156,38089,0,1,0,0
2001,Never treated,2.63905732961526,7.68845535654994,10.0059990134892,38091,0,1,0,0
2002,Never treated,2.94443897916644,7.65728279297819,10.0005235150477,38091,0,1,0,0
2003,Never treated,3.04452243772342,7.64012317269536,10.0588232442451,38091,0,1,0,0
2004,Never treated,3.40119738166216,7.63094658089046,10.0980670067256,38091,0,1,0,0
2005,Never treated,3.13549421592915,7.58680353516258,10.1636571026868,38091,0,1,0,0
2006,Never treated,3.04452243772342,7.55276208421415,10.2109354869024,38091,0,1,0,0
2007,Never treated,2.70805020110221,7.51860721681525,10.2489549256266,38091,0,1,0,0
2001,Never treated,6.19644412779452,9.97924416493538,10.0967902618393,38093,0,1,0,0
2002,Never treated,6.09356977004514,9.97039825781875,10.1269910390659,38093,0,1,0,0
2003,Never treated,6.06145691892802,9.95944246468057,10.1450209689619,38093,0,1,0,0
2004,Never treated,5.99396142730657,9.94893881544005,10.1911446246754,38093,0,1,0,0
2005,Never treated,6.06610809010375,9.94294862141704,10.2275256619486,38093,0,1,0,0
2006,Never treated,6.07764224334903,9.939626599152,10.2460838558653,38093,0,1,0,0
2007,Never treated,6.11368217983223,9.92568926051981,10.2971836770443,38093,0,1,0,0
2001,Never treated,3.89182029811063,7.9291264873068,9.89812319003698,38095,0,1,0,0
2002,Never treated,4.07753744390572,7.90617884039481,9.93455007798795,38095,0,1,0,0
2003,Never treated,4.14313472639153,7.88344635413774,9.9338227523322,38095,0,1,0,0
2004,Never treated,4.11087386417331,7.85593219971861,9.97580821411575,38095,0,1,0,0
2005,Never treated,3.98898404656427,7.81035268372429,10.0346035303937,38095,0,1,0,0
2006,Never treated,3.68887945411394,7.77779262633883,10.0511745304349,38095,0,1,0,0
2007,Never treated,3.55534806148941,7.74066440191724,10.1100137980269,38095,0,1,0,0
2001,Never treated,5.24174701505964,9.03133331615006,10.031352923534,38097,0,1,0,0
2002,Never treated,5.01063529409626,9.02605689186869,10.0683661957184,38097,0,1,0,0
2003,Never treated,5.16478597392351,9.02328764080633,10.108752224963,38097,0,1,0,0
2004,Never treated,5.14166355650266,9.02713842775492,10.1341626702657,38097,0,1,0,0
2005,Never treated,5.01727983681492,9.00183909739884,10.1669665800397,38097,0,1,0,0
2006,Never treated,5.08759633523238,8.9851948179913,10.1973132144359,38097,0,1,0,0
2007,Never treated,5.05624580534831,8.99603266932437,10.2425279172631,38097,0,1,0,0
2001,Never treated,5.77144112313002,9.40360186880847,9.92900908976621,38099,0,1,0,0
2002,Never treated,5.82008293035236,9.38277992891569,9.97956857694146,38099,0,1,0,0
2003,Never treated,5.84643877505772,9.37143829231851,9.98266835041057,38099,0,1,0,0
2004,Never treated,5.77144112313002,9.36031089855248,10.0304285259773,38099,0,1,0,0
2005,Never treated,5.6970934865054,9.34119318039495,10.0736100018731,38099,0,1,0,0
2006,Never treated,5.69035945432406,9.32438308801684,10.0966254017639,38099,0,1,0,0
2007,Never treated,5.67332326717149,9.30628671302339,10.1685788644581,38099,0,1,0,0
2001,Never treated,7.25559127425367,10.9615382294481,10.0623272218495,38101,0,1,0,0
2002,Never treated,7.14282740116162,10.9470274853257,10.0932811241688,38101,0,1,0,0
2003,Never treated,7.04664727784876,10.9395149660126,10.1250298224834,38101,0,1,0,0
2004,Never treated,7.05875815251866,10.9407384897358,10.1705714313127,38101,0,1,0,0
2005,Never treated,7.11882624906208,10.9427390038091,10.207510384576,38101,0,1,0,0
2006,Never treated,7.10085190894405,10.9336068447589,10.2388520329648,38101,0,1,0,0
2007,Never treated,7.15851399732932,10.9347484788465,10.2908565763749,38101,0,1,0,0
2001,Never treated,4.7361984483945,8.49556089128912,9.84458644461597,38103,0,1,0,0
2002,Never treated,4.46590811865458,8.47886807709457,9.89040231298747,38103,0,1,0,0
2003,Never treated,4.92725368515721,8.45977592054629,9.9023869470921,38103,0,1,0,0
2004,Never treated,4.72738781871234,8.44052810648075,9.92915529928471,38103,0,1,0,0
2005,Never treated,4.71849887129509,8.40760151478614,9.98644907325047,38103,0,1,0,0
2006,Never treated,4.65396035015752,8.37516869138682,9.98419157995109,38103,0,1,0,0
2007,Never treated,4.58496747867057,8.34711636103872,10.0087030576804,38103,0,1,0,0
2001,Never treated,6.2363695902037,9.87688687073895,10.1189617695454,38105,0,1,0,0
2002,Never treated,6.19031540585315,9.87852865449493,10.1202507928861,38105,0,1,0,0
2003,Never treated,6.16751649088834,9.87065439544089,10.1937662508352,38105,0,1,0,0
2004,Never treated,6.07073772800249,9.86495460281934,10.2652445608817,38105,0,1,0,0
2005,Never treated,6.12468339089421,9.859169871885,10.3661832940986,38105,0,1,0,0
2006,Never treated,6.16961073249146,9.86495460281934,10.5260244829285,38105,0,1,0,0
2007,Never treated,6.18826412308259,9.88154864501737,10.6358554462494,38105,0,1,0,0
2001,Never treated,7.68753876620163,11.1576495419452,10.2230679214871,38015,0,1,0,0
2002,Never treated,7.6685611080159,11.1698293387504,10.2585712310834,38015,0,1,0,0
2003,Never treated,7.60738142563979,11.1812357737254,10.3110504587264,38015,0,1,0,0
2004,Never treated,7.50933526601659,11.192210429028,10.3605009225249,38015,0,1,0,0
2005,Never treated,7.52294091807237,11.2143037724801,10.3795664399723,38015,0,1,0,0
2006,Never treated,7.60140233458373,11.2336876393011,10.406865511167,38015,0,1,0,0
2007,Never treated,7.62803112693033,11.2538697213068,10.455503103127,38015,0,1,0,0
2001,Never treated,4.35670882668959,7.87929148508227,9.92397621896344,38039,0,1,0,0
2002,Never treated,4.23410650459726,7.86365126544865,9.93066488054092,38039,0,1,0,0
2003,Never treated,4.15888308335967,7.85166117788927,9.95745476880607,38039,0,1,0,0
2004,Never treated,4.36944785246702,7.83478810738819,10.0100523427642,38039,0,1,0,0
2005,Never treated,4.30406509320417,7.81318726752142,10.0331113203296,38039,0,1,0,0
2006,Never treated,4.07753744390572,7.79193595693806,10.053242872621,38039,0,1,0,0
2007,Never treated,4.17438726989564,7.77191025643576,10.0584807345016,38039,0,1,0,0
2001,Never treated,4.91265488573605,9.53914039514886,10.0105915474503,40005,0,0,1,0
2002,Never treated,4.89034912822175,9.54709828207456,10.0310888971298,40005,0,0,1,0
2003,Never treated,4.78749174278205,9.55845881323179,10.0417701403361,40005,0,0,1,0
2004,Never treated,4.7361984483945,9.5682944974133,10.0487992836962,40005,0,0,1,0
2005,Never treated,4.85203026391962,9.56815466660834,10.055006200175,40005,0,0,1,0
2006,Never treated,4.95582705760126,9.56941244051464,10.1274707512478,40005,0,0,1,0
2007,Never treated,4.99043258677874,9.57865728444884,10.1547908696442,40005,0,0,1,0
2001,Never treated,3.97029191355212,8.63905677917308,10.0640320340938,40007,0,0,1,0
2002,Never treated,3.89182029811063,8.62371303479391,10.0363124456486,40007,0,0,1,0
2003,Never treated,3.8286413964891,8.61812390999468,10.0550491693447,40007,0,0,1,0
2004,Never treated,3.55534806148941,8.60593640125063,10.0894690701616,40007,0,0,1,0
2005,Never treated,3.43398720448515,8.59822003005861,10.1530003588704,40007,0,0,1,0
2006,Never treated,3.43398720448515,8.5762165318657,10.2228862915395,40007,0,0,1,0
2007,Never treated,3.89182029811063,8.58016799057763,10.2934667031088,40007,0,0,1,0
2001,Never treated,6.03548143252476,9.89651328879879,10.0702300501996,40009,0,0,1,0
2002,Never treated,5.88610403145016,9.90173601949732,10.0502251086477,40009,0,0,1,0
2003,Never treated,5.73657229747919,9.86946530392169,10.1320961432814,40009,0,0,1,0
2004,Never treated,5.88887795833288,9.81945355692612,10.200699075204,40009,0,0,1,0
2005,Never treated,5.79301360838414,9.8329577863456,10.3028675169883,40009,0,0,1,0
2006,Never treated,5.93489419561959,9.86843016072073,10.438986276507,40009,0,0,1,0
2007,Never treated,5.93489419561959,9.94208307029549,10.5385023156568,40009,0,0,1,0
2001,Never treated,4.06044301054642,8.69951474821019,9.94314086441278,40003,0,0,1,0
2002,Never treated,3.89182029811063,8.6919864817894,9.93793728726535,40003,0,0,1,0
2003,Never treated,4.02535169073515,8.67982211486446,9.95967883218587,40003,0,0,1,0
2004,Never treated,3.76120011569356,8.67282848294769,10.0105915474503,40003,0,0,1,0
2005,Never treated,3.91202300542815,8.64329706821196,10.0139997753336,40003,0,0,1,0
2006,Never treated,3.85014760171006,8.63497622707262,10.0872663803281,40003,0,0,1,0
2007,Never treated,3.98898404656427,8.62532985002082,10.1299854716629,40003,0,0,1,0
2001,Never treated,6.33682573114644,10.5096324469742,9.91264549032089,40013,0,0,1,0
2002,Never treated,6.29156913955832,10.5176185816667,9.9517061248066,40013,0,0,1,0
2003,Never treated,6.1779441140506,10.5236338402116,10.0318807673045,40013,0,0,1,0
2004,Never treated,6.24222326545517,10.5353708444922,10.0797910370045,40013,0,0,1,0
2005,Never treated,6.2803958389602,10.5374418982833,10.1005745615306,40013,0,0,1,0
2006,Never treated,6.13556489108174,10.5656599287966,10.1617665606186,40013,0,0,1,0
2007,Never treated,6.19236248947487,10.5833975063141,10.2140190765856,40013,0,0,1,0
2001,Never treated,5.47646355193151,10.3100853522402,10.0546623803332,40015,0,0,1,0
2002,Never treated,5.35185813347607,10.309152640647,10.0933224798066,40015,0,0,1,0
2003,Never treated,5.45958551414416,10.311349785244,10.127670563425,40015,0,0,1,0
2004,Never treated,5.27811465923052,10.3165570075042,10.1524937633761,40015,0,0,1,0
2005,Never treated,5.32787616878958,10.2990706607898,10.1982817735937,40015,0,0,1,0
2006,Never treated,5.41164605185504,10.2948199290672,10.2129188857749,40015,0,0,1,0
2007,Never treated,5.3890717298165,10.2569222525499,10.2579049501336,40015,0,0,1,0
2001,Never treated,7.14045304310116,11.4041926026715,10.2034069426524,40017,0,0,1,0
2002,Never treated,7.16472037877186,11.419636241657,10.182671114733,40017,0,0,1,0
2003,Never treated,7.12125245324454,11.4392573960449,10.2350190322662,40017,0,0,1,0
2004,Never treated,7.08590146436561,11.4677293345173,10.2387805226673,40017,0,0,1,0
2005,Never treated,7.00033446027523,11.4842481740834,10.2625945366661,40017,0,0,1,0
2006,Never treated,7.07834157955767,11.5124853681418,10.3464089976882,40017,0,0,1,0
2007,Never treated,7.09090982207998,11.5516460530818,10.3836890067583,40017,0,0,1,0
2001,Never treated,6.64639051484773,10.7293939526717,10.1821414937779,40019,0,0,1,0
2002,Never treated,6.68835471394676,10.7386983723595,10.2099423103112,40019,0,0,1,0
2003,Never treated,6.66695679242921,10.7473151126766,10.2351625866735,40019,0,0,1,0
2004,Never treated,6.59578051396131,10.7559008780215,10.2588516376748,40019,0,0,1,0
2005,Never treated,6.55961523749324,10.751178192918,10.3066500115816,40019,0,0,1,0
2006,Never treated,6.63856778916652,10.758881125459,10.3485579152367,40019,0,0,1,0
2007,Never treated,6.62804137617953,10.7639906952666,10.4155923578005,40019,0,0,1,0
2001,Never treated,6.12249280951439,10.6664172926973,9.94659493357006,40021,0,0,1,0
2002,Never treated,6.13772705408623,10.6785142144061,10.0004327585926,40021,0,0,1,0
2003,Never treated,6.14846829591765,10.6879597097894,10.0438580053834,40021,0,0,1,0
2004,Never treated,6.02586597382531,10.695552035767,10.077020603297,40021,0,0,1,0
2005,Never treated,6.16331480403464,10.7029522906432,10.1099731269542,40021,0,0,1,0
2006,Never treated,6.08221891037645,10.7140176887311,10.1450602393187,40021,0,0,1,0
2007,Never treated,6.06610809010375,10.7158611709905,10.1898687792549,40021,0,0,1,0
2001,Never treated,4.93447393313069,9.62937960011146,9.91689723944605,40023,0,0,1,0
2002,Never treated,5.09375020080676,9.64075822143992,9.93192922616743,40023,0,0,1,0
2003,Never treated,5.03043792139244,9.63821907492125,9.91393281039767,40023,0,0,1,0
2004,Never treated,4.77912349311153,9.64127827605738,9.9514678650547,40023,0,0,1,0
2005,Never treated,4.94875989037817,9.62251624577579,9.99264246384702,40023,0,0,1,0
2006,Never treated,4.90527477843843,9.62172128051365,10.0624125315237,40023,0,0,1,0
2007,Never treated,5.19295685089021,9.61593880452958,10.1269110646577,40023,0,0,1,0
2001,Never treated,3.66356164612965,8.02747653086048,9.8545598789127,40025,0,0,1,0
2002,Never treated,3.63758615972639,8.01268092970684,9.86162334843743,40025,0,0,1,0
2003,Never treated,3.80666248977032,7.99665387546261,9.88343789473042,40025,0,0,1,0
2004,Never treated,3.58351893845611,7.97487690055888,9.86026685008157,40025,0,0,1,0
2005,Never treated,3.55534806148941,7.90470391387375,9.93027552929251,40025,0,0,1,0
2006,Never treated,3.93182563272433,7.88608140177575,9.95764424348808,40025,0,0,1,0
2007,Never treated,3.55534806148941,7.88419993367604,10.0333748133705,40025,0,0,1,0
2001,Never treated,5.15329159449778,9.96359439326825,10.0099624470431,40001,0,0,1,0
2002,Never treated,4.99721227376411,9.96899435473825,10.0581809422126,40001,0,0,1,0
2003,Never treated,5.03695260241363,9.97924416493538,10.0536732393,40001,0,0,1,0
2004,Never treated,4.76217393479776,9.98741501247141,10.0703146883714,40001,0,0,1,0
2005,Never treated,4.77068462446567,9.98262215569986,10.0922880754278,40001,0,0,1,0
2006,Never treated,4.98360662170834,9.99094882830612,10.109729065775,40001,0,0,1,0
2007,Never treated,4.969813299576,9.99597557197128,10.1450602393187,40001,0,0,1,0
2001,Never treated,3.76120011569356,8.70863965598719,9.8866465353401,40029,0,0,1,0
2002,Never treated,3.91202300542815,8.69684451965431,9.92485757827232,40029,0,0,1,0
2003,Never treated,3.68887945411394,8.69634305704456,9.97785263449143,40029,0,0,1,0
2004,Never treated,3.55534806148941,8.68236858937522,9.94381342400769,40029,0,0,1,0
2005,Never treated,3.29583686600433,8.64716826783798,9.96683786803689,40029,0,0,1,0
2006,Never treated,3.91202300542815,8.63159273172473,9.9984794998917,40029,0,0,1,0
2007,Never treated,3.68887945411394,8.64011853825354,10.0690867331857,40029,0,0,1,0
2001,Never treated,7.18387071506245,11.6276638704404,10.119082686093,40031,0,0,1,0
2002,Never treated,7.15226885603254,11.624117941636,10.1421894427662,40031,0,0,1,0
2003,Never treated,7.14598446771439,11.6109410727109,10.1906569936149,40031,0,0,1,0
2004,Never treated,7.11963563801764,11.6356562403505,10.2137624736405,40031,0,0,1,0
2005,Never treated,7.0343879299155,11.6258701479864,10.2562197339921,40031,0,0,1,0
2006,Never treated,7.04925484125584,11.6285372562918,10.3032698775088,40031,0,0,1,0
2007,Never treated,7.07496319796604,11.6483563025066,10.3293106892322,40031,0,0,1,0
2001,Never treated,4.06044301054642,8.7827830173932,9.83360142507196,40033,0,0,1,0
2002,Never treated,3.66356164612965,8.77431295828538,9.87101601238917,40033,0,0,1,0
2003,Never treated,3.87120101090789,8.79042130689787,9.83595789574253,40033,0,0,1,0
2004,Never treated,3.68887945411394,8.78431534990266,9.92284890601475,40033,0,0,1,0
2005,Never treated,3.55534806148941,8.76997321185875,10.0310888971298,40033,0,0,1,0
2006,Never treated,3.29583686600433,8.7551071216339,10.0976965067522,40033,0,0,1,0
2007,Never treated,3.40119738166216,8.75888368001702,10.1423075832353,40033,0,0,1,0
2001,Never treated,5.36129216570943,9.60339546000766,10.0937772789793,40035,0,0,1,0
2002,Never treated,5.18738580584075,9.59994706414989,10.0973258694577,40035,0,0,1,0
2003,Never treated,5.05624580534831,9.60615910303254,10.1528055448198,40035,0,0,1,0
2004,Never treated,4.94875989037817,9.61126184003447,10.1652362429614,40035,0,0,1,0
2005,Never treated,5.37063802812766,9.61720450099805,10.1557237780536,40035,0,0,1,0
2006,Never treated,5.27811465923052,9.61660516025491,10.2211409634839,40035,0,0,1,0
2007,Never treated,5.31320597904179,9.62483129129166,10.235736598313,40035,0,0,1,0
2001,Never treated,5.06259503302697,9.39914089486785,9.98502145551739,40011,0,0,1,0
2002,Never treated,4.83628190695148,9.3657188691557,10.0126109795545,40011,0,0,1,0
2003,Never treated,4.9416424226093,9.32892308780313,10.0423360343549,40011,0,0,1,0
2004,Never treated,4.79579054559674,9.46319805327378,10.0448134886266,40011,0,0,1,0
2005,Never treated,4.94875989037817,9.45312967553723,10.0906307996093,40011,0,0,1,0
2006,Never treated,4.89783979995091,9.43067999595766,10.2323235644084,40011,0,0,1,0
2007,Never treated,5.06259503302697,9.44200749423127,10.2185537342007,40011,0,0,1,0
2001,Never treated,6.22257626807137,10.1512456646143,9.98313018018832,40039,0,0,1,0
2002,Never treated,6.11146733950268,10.1305035960642,9.98483709823245,40039,0,0,1,0
2003,Never treated,6.04500531403601,10.1348770127042,10.0484533227863,40039,0,0,1,0
2004,Never treated,5.98645200528444,10.1320563604954,10.0807546905828,40039,0,0,1,0
2005,Never treated,5.89989735358249,10.1482360276027,10.1293873020441,40039,0,0,1,0
2006,Never treated,5.98393628068719,10.1583235505828,10.2296568961614,40039,0,0,1,0
2007,Never treated,6.02344759296103,10.1606459824376,10.2819924790615,40039,0,0,1,0
2001,Never treated,5.86929691313377,10.5386877731412,9.9206887598559,40041,0,0,1,0
2002,Never treated,5.94542060860658,10.5451572112134,9.9448693903149,40041,0,0,1,0
2003,Never treated,5.83773044716594,10.5616809038325,9.96730706524908,40041,0,0,1,0
2004,Never treated,5.84354441703136,10.5726749769008,10.0207371125864,40041,0,0,1,0
2005,Never treated,5.86929691313377,10.5714451220224,10.04094248799,40041,0,0,1,0
2006,Never treated,5.89164421182577,10.5889049350341,10.0879318547111,40041,0,0,1,0
2007,Never treated,5.88887795833288,10.609328821155,10.1458453227741,40041,0,0,1,0
2001,Never treated,4.00733318523247,8.4446224985814,9.94975071700577,40043,0,0,1,0
2002,Never treated,4.04305126783455,8.43337670532313,9.93270649120535,40043,0,0,1,0
2003,Never treated,4.14313472639153,8.42967259388674,9.93251223157674,40043,0,0,1,0
2004,Never treated,4.20469261939097,8.44526745184465,9.95982062587629,40043,0,0,1,0
2005,Never treated,4.14313472639153,8.39185670010494,10.0344280917967,40043,0,0,1,0
2006,Never treated,4.24849524204936,8.37953902611744,10.175078352088,40043,0,0,1,0
2007,Never treated,4.24849524204936,8.38206051742474,10.2235400050184,40043,0,0,1,0
2001,Never treated,3.55534806148941,8.27868216297091,9.93241508760931,40045,0,0,1,0
2002,Never treated,3.49650756146648,8.2960476427647,9.96491185452313,40045,0,0,1,0
2003,Never treated,3.46573590279973,8.28475659319044,10.0339893606003,40045,0,0,1,0
2004,Never treated,3.8286413964891,8.28853445941392,10.1048761720473,40045,0,0,1,0
2005,Never treated,3.55534806148941,8.26384813136891,10.1609552328943,40045,0,0,1,0
2006,Never treated,3.85014760171006,8.24354550792826,10.2395311258658,40045,0,0,1,0
2007,Never treated,3.80666248977032,8.25218543600333,10.3203540833687,40045,0,0,1,0
2001,Never treated,7.01121398735037,10.9562478563553,10.1200494924848,40047,0,0,1,0
2002,Never treated,6.92853781816467,10.9546238131795,10.1467082032795,40047,0,0,1,0
2003,Never treated,6.84587987526405,10.9531721675808,10.1629244595476,40047,0,0,1,0
2004,Never treated,6.81124437860129,10.9564921077261,10.1878767092871,40047,0,0,1,0
2005,Never treated,6.81892406527552,10.9510696700915,10.2370269210727,40047,0,0,1,0
2006,Never treated,6.89871453432999,10.9542916946976,10.3002482200141,40047,0,0,1,0
2007,Never treated,6.91572344863131,10.9583917414416,10.3671901217329,40047,0,0,1,0
2001,Never treated,5.86078622346587,10.2069568483882,10.0907551906118,40049,0,0,1,0
2002,Never treated,5.90536184805457,10.2128454966658,10.1116798893971,40049,0,0,1,0
2003,Never treated,5.88610403145016,10.2122949066029,10.1564228886581,40049,0,0,1,0
2004,Never treated,5.6021188208797,10.2075472760964,10.2131757052505,40049,0,0,1,0
2005,Never treated,5.6937321388027,10.1994725600255,10.2614416779732,40049,0,0,1,0
2006,Never treated,5.78074351579233,10.2021095650262,10.3461199849857,40049,0,0,1,0
2007,Never treated,5.82008293035236,10.2063291367457,10.539641011576,40049,0,0,1,0
2001,Never treated,6.58892647753352,10.7339589239593,10.0595506881677,40051,0,0,1,0
2002,Never treated,6.44571981938558,10.7543433616248,10.0906722649961,40051,0,0,1,0
2003,Never treated,6.49526555593701,10.7664197008858,10.1322950334748,40051,0,0,1,0
2004,Never treated,6.3456363608286,10.7844619392827,10.1588659339837,40051,0,0,1,0
2005,Never treated,6.26530121273771,10.7997184240325,10.1774762978559,40051,0,0,1,0
2006,Never treated,6.25190388316589,10.8205180107453,10.2632228089381,40051,0,0,1,0
2007,Never treated,6.22455842927536,10.8283018553512,10.2828140030346,40051,0,0,1,0
2001,Never treated,8.04462627976734,12.265284505162,10.1046717524959,40027,0,0,1,0
2002,Never treated,7.9820748750812,12.2789931271818,10.1393103810074,40027,0,0,1,0
2003,Never treated,7.88231491898027,12.2961007177159,10.1640424888485,40027,0,0,1,0
2004,Never treated,7.79523492900217,12.3064789091229,10.1977231039578,40027,0,0,1,0
2005,Never treated,7.83597458172157,12.3277945801952,10.1978348628567,40027,0,0,1,0
2006,Never treated,7.94058382710424,12.3538372635154,10.2581855435906,40027,0,0,1,0
2007,Never treated,8.05134093329298,12.3711886995785,10.3146364771126,40027,0,0,1,0
2001,Never treated,3.66356164612965,8.67658724356649,10.0710338237479,40055,0,0,1,0
2002,Never treated,3.76120011569356,8.6901375863976,10.0983962248356,40055,0,0,1,0
2003,Never treated,3.85014760171006,8.67658724356649,10.0978200219962,40055,0,0,1,0
2004,Never treated,3.87120101090789,8.68185981297147,10.1141130792914,40055,0,0,1,0
2005,Never treated,3.66356164612965,8.66681936537205,10.1492141758506,40055,0,0,1,0
2006,Never treated,3.49650756146648,8.6569551337914,10.2052204482106,40055,0,0,1,0
2007,Never treated,3.68887945411394,8.66613030419061,10.2163986790337,40055,0,0,1,0
2001,Never treated,3.76120011569356,8.06495089174914,9.88093514806562,40057,0,0,1,0
2002,Never treated,3.61091791264422,8.04494704961772,9.88822161886569,40057,0,0,1,0
2003,Never treated,4.02535169073515,8.02812905943176,9.94092783550997,40057,0,0,1,0
2004,Never treated,3.76120011569356,8.00636756765025,9.9533247873833,40057,0,0,1,0
2005,Never treated,3.89182029811063,7.98548435673382,9.94664282285006,40057,0,0,1,0
2006,Never treated,3.71357206670431,7.9728107841214,10.0598928317003,40057,0,0,1,0
2007,Never treated,4.04305126783455,7.94909149983052,10.0907551906118,40057,0,0,1,0
2001,Never treated,3.89182029811063,8.14322675036744,9.98054118197842,40059,0,0,1,0
2002,Never treated,3.91202300542815,8.14757773620177,10.0171286890252,40059,0,0,1,0
2003,Never treated,3.73766961828337,8.12710918534638,10.0929915868061,40059,0,0,1,0
2004,Never treated,3.49650756146648,8.12651816878071,10.1281499498196,40059,0,0,1,0
2005,Never treated,3.71357206670431,8.0925452638913,10.1322552586006,40059,0,0,1,0
2006,Never treated,3.58351893845611,8.09742629859721,10.2144954502914,40059,0,0,1,0
2007,Never treated,3.8286413964891,8.10228362448007,10.2700039105057,40059,0,0,1,0
2001,Never treated,5.10594547390058,9.37661723160128,9.85293082891897,40061,0,0,1,0
2002,Never treated,5.13579843705026,9.37466766539786,9.87868243361716,40061,0,0,1,0
2003,Never treated,4.99043258677874,9.39764947028118,9.89681534276806,40061,0,0,1,0
2004,Never treated,4.85203026391962,9.40029935589935,9.91837616502988,40061,0,0,1,0
2005,Never treated,4.93447393313069,9.38999170021426,9.96665012749377,40061,0,0,1,0
2006,Never treated,4.91265488573605,9.39490940131062,10.0165483448201,40061,0,0,1,0
2007,Never treated,4.7361984483945,9.40112600718227,10.0865171919138,40061,0,0,1,0
2001,Never treated,6.7719355558396,11.1294517635027,10.1223419184319,40037,0,0,1,0
2002,Never treated,6.80461452006262,11.1374025807338,10.1295069645958,40037,0,0,1,0
2003,Never treated,6.67834211465433,11.1386101258543,10.1712984953455,40037,0,0,1,0
2004,Never treated,6.53087762772588,11.1367327103141,10.2085428330453,40037,0,0,1,0
2005,Never treated,6.49072353450251,11.129378392163,10.2782185012744,40037,0,0,1,0
2006,Never treated,6.55677835615804,11.1302878165014,10.3375401174962,40037,0,0,1,0
2007,Never treated,6.58202513889283,11.139467615497,10.3947327243232,40037,0,0,1,0
2001,Never treated,6.06378520868761,10.2375998638657,10.0677299959302,40065,0,0,1,0
2002,Never treated,6.01859321449623,10.217860240241,10.0788264539022,40065,0,0,1,0
2003,Never treated,6.01615715969835,10.2132857505526,10.1582460432196,40065,0,0,1,0
2004,Never treated,5.91350300563827,10.2072890068678,10.1693073781308,40065,0,0,1,0
2005,Never treated,5.80513496891649,10.1841072449874,10.2366686650591,40065,0,0,1,0
2006,Never treated,5.87773578177964,10.1732856558893,10.2809646241041,40065,0,0,1,0
2007,Never treated,5.97380961186926,10.1557626303566,10.3036385658205,40065,0,0,1,0
2001,Never treated,4.07753744390572,8.79679268767466,9.83841555579241,40067,0,0,1,0
2002,Never treated,3.71357206670431,8.78492762605832,9.92083619087074,40067,0,0,1,0
2003,Never treated,3.55534806148941,8.78477459216102,9.99090301453908,40067,0,0,1,0
2004,Never treated,3.04452243772342,8.776938645175,9.99693235724599,40067,0,0,1,0
2005,Never treated,3.80666248977032,8.7621765093349,9.95717048945231,40067,0,0,1,0
2006,Never treated,3.61091791264422,8.75115798136203,10.0162357122279,40067,0,0,1,0
2007,Never treated,3.91202300542815,8.73681053295389,10.136383395293,40067,0,0,1,0
2001,Never treated,4.45434729625351,9.25109836444835,9.8888306631925,40069,0,0,1,0
2002,Never treated,4.4188406077966,9.2533040714083,9.96067096606358,40069,0,0,1,0
2003,Never treated,4.49980967033027,9.2596066132791,9.98216009118743,40069,0,0,1,0
2004,Never treated,4.38202663467388,9.24744345992769,10.0533720020734,40069,0,0,1,0
2005,Never treated,4.18965474202643,9.23229753932823,10.0957181852069,40069,0,0,1,0
2006,Never treated,4.18965474202643,9.24638296332311,10.1426225562684,40069,0,0,1,0
2007,Never treated,4.66343909411207,9.25512251474808,10.1969404417483,40069,0,0,1,0
2001,Never treated,7.02464903045364,10.7686323475861,10.2561143136283,40071,0,0,1,0
2002,Never treated,6.82001636467413,10.771784802805,10.2737399048885,40071,0,0,1,0
2003,Never treated,6.72743172485086,10.7632925854234,10.2706968151898,40071,0,0,1,0
2004,Never treated,6.56526497003536,10.7536812160354,10.3011892700265,40071,0,0,1,0
2005,Never treated,6.42162226780652,10.7383078914122,10.3137080027282,40071,0,0,1,0
2006,Never treated,6.53958595561767,10.7280138111525,10.3954361205324,40071,0,0,1,0
2007,Never treated,6.62539236800796,10.7354179357922,10.4596402078872,40071,0,0,1,0
2001,Never treated,5.66988092298052,9.53985992316954,10.2147518652455,40073,0,0,1,0
2002,Never treated,5.57972982598622,9.54194363148589,10.2040364906947,40073,0,0,1,0
2003,Never treated,5.57594910314632,9.55251062971203,10.2794208580383,40073,0,0,1,0
2004,Never treated,5.59098698051086,9.5566214867309,10.2876609251767,40073,0,0,1,0
2005,Never treated,5.36129216570943,9.55265266507908,10.3126790423851,40073,0,0,1,0
2006,Never treated,5.4249500174814,9.55343349919151,10.3770162115577,40073,0,0,1,0
2007,Never treated,5.40717177146012,9.56654520543029,10.4377562280286,40073,0,0,1,0
2001,Never treated,4.54329478227,9.2179116374725,9.82935650319305,40075,0,0,1,0
2002,Never treated,4.75359019110636,9.20853875002955,9.8967650067753,40075,0,0,1,0
2003,Never treated,4.60517018598809,9.20893939106056,9.93701903574492,40075,0,0,1,0
2004,Never treated,4.38202663467388,9.19166710671056,9.96401805227616,40075,0,0,1,0
2005,Never treated,4.26267987704132,9.18901458526143,10.031528902417,40075,0,0,1,0
2006,Never treated,4.26267987704132,9.16847616787748,10.0969138890622,40075,0,0,1,0
2007,Never treated,4.11087386417331,9.13776967914135,10.1416379359569,40075,0,0,1,0
2001,Never treated,4.24849524204936,9.26738211234338,10.1625772306238,40077,0,0,1,0
2002,Never treated,4.40671924726425,9.26501793326688,10.1572766939647,40077,0,0,1,0
2003,Never treated,4.43081679884331,9.26302769425519,10.2847282717534,40077,0,0,1,0
2004,Never treated,4.07753744390572,9.27105910701089,10.4042628404486,40077,0,0,1,0
2005,Never treated,4.27666611901606,9.25674674479034,10.409973774703,40077,0,0,1,0
2006,Never treated,4.56434819146784,9.25588718693215,10.564627936961,40077,0,0,1,0
2007,Never treated,4.46590811865458,9.2535914139705,10.6086127098555,40077,0,0,1,0
2001,Never treated,3.73766961828337,8.53208180390999,10.0237563849271,40053,0,0,1,0
2002,Never treated,3.73766961828337,8.52377150677636,10.0810059258241,40053,0,0,1,0
2003,Never treated,3.61091791264422,8.5131851700187,10.114396566182,40053,0,0,1,0
2004,Never treated,3.49650756146648,8.47532898731754,10.1406523452126,40053,0,0,1,0
2005,Never treated,3.49650756146648,8.44827174594982,10.2647220857309,40053,0,0,1,0
2006,Never treated,3.66356164612965,8.41626727282628,10.2631530203974,40053,0,0,1,0
2007,Never treated,3.36729582998647,8.40782465436087,10.3573935574778,40053,0,0,1,0
2001,Never treated,6.0282785202307,10.3778877526843,9.9908113807078,40081,0,0,1,0
2002,Never treated,5.93489419561959,10.381893285046,10.0190458931704,40081,0,0,1,0
2003,Never treated,5.7268477475872,10.3814903529346,10.0592940036743,40081,0,0,1,0
2004,Never treated,5.70044357339069,10.3826367334416,10.0731037368325,40081,0,0,1,0
2005,Never treated,5.62401750618734,10.3744282426032,10.0917083412611,40081,0,0,1,0
2006,Never treated,5.66296048013595,10.3809631966206,10.1660441062072,40081,0,0,1,0
2007,Never treated,5.76205138278018,10.3802495425263,10.2418508571036,40081,0,0,1,0
2001,Never treated,5.87211778947542,10.4518112527222,9.92710641813476,40083,0,0,1,0
2002,Never treated,5.73657229747919,10.4597262158286,9.95180141281468,40083,0,0,1,0
2003,Never treated,5.65599181081985,10.4803817762718,9.9939679056645,40083,0,0,1,0
2004,Never treated,5.38449506278909,10.5054510276735,10.0434668625896,40083,0,0,1,0
2005,Never treated,5.42934562895444,10.475539969718,10.0584807345016,40083,0,0,1,0
2006,Never treated,5.4380793089232,10.4846691183861,10.1040991553433,40083,0,0,1,0
2007,Never treated,5.47227067367148,10.5275525719086,10.1840317105814,40083,0,0,1,0
2001,Never treated,3.85014760171006,9.0808010006212,10.00278975361,40085,0,0,1,0
2002,Never treated,4.33073334028633,9.09144421703233,10.0207371125864,40085,0,0,1,0
2003,Never treated,4.18965474202643,9.10119492471538,9.99287111367081,40085,0,0,1,0
2004,Never treated,3.3322045101752,9.11382947159534,9.93343462890408,40085,0,0,1,0
2005,Never treated,3.98898404656427,9.10952506673737,9.90138534444426,40085,0,0,1,0
2006,Never treated,3.98898404656427,9.11250701162742,9.87498519206342,40085,0,0,1,0
2007,Never treated,4.47733681447821,9.11184512522708,10.0504841312705,40085,0,0,1,0
2001,Never treated,5.96614673912369,10.2353420007078,10.1141130792914,40087,0,0,1,0
2002,Never treated,5.86078622346587,10.2422072616978,10.1470217934981,40087,0,0,1,0
2003,Never treated,6.01615715969835,10.2630134287028,10.0652662080988,40087,0,0,1,0
2004,Never treated,5.97380961186926,10.2789744371246,10.0717946979445,40087,0,0,1,0
2005,Never treated,5.92425579741453,10.30624900907,10.102871056286,40087,0,0,1,0
2006,Never treated,5.88332238848828,10.3343279669755,10.1770199893835,40087,0,0,1,0
2007,Never treated,6.04500531403601,10.3701104736224,10.2225592744772,40087,0,0,1,0
2001,Never treated,5.95842469302978,10.4393374412069,10.0957594401833,40089,0,0,1,0
2002,Never treated,5.74939298590825,10.4385178649989,10.0965429615331,40089,0,0,1,0
2003,Never treated,5.6937321388027,10.4365246646673,10.1179535626567,40089,0,0,1,0
2004,Never treated,5.73334127689775,10.4319664365394,10.1704182978183,40089,0,0,1,0
2005,Never treated,5.66296048013595,10.4193902660424,10.2165814910486,40089,0,0,1,0
2006,Never treated,5.78074351579233,10.4176874769411,10.2727380911766,40089,0,0,1,0
2007,Never treated,5.76832099579377,10.4184645474246,10.3054130703458,40089,0,0,1,0
2001,Never treated,5.24174701505964,9.8827234631834,9.8288178841991,40091,0,0,1,0
2002,Never treated,5.20948615284142,9.8895407464035,9.88021892559677,40091,0,0,1,0
2003,Never treated,5.26785815906333,9.89474948659284,9.8795534022405,40091,0,0,1,0
2004,Never treated,5.82894561761021,9.89857550817511,9.92407418614452,40091,0,0,1,0
2005,Never treated,5.48063892334199,9.87369822372538,9.91041351260686,40091,0,0,1,0
2006,Never treated,5.4249500174814,9.87560234904659,10.0304725642906,40091,0,0,1,0
2007,Never treated,5.34710753071747,9.88629052770761,10.053802313195,40091,0,0,1,0
2001,Never treated,4.65396035015752,8.92837525985363,10.0552639875019,40093,0,0,1,0
2002,Never treated,4.70953020131233,8.927977461002,10.0257494320691,40093,0,0,1,0
2003,Never treated,4.64439089914137,8.91179955618953,10.064457783419,40093,0,0,1,0
2004,Never treated,4.67282883446191,8.905037290767,10.104385494903,40093,0,0,1,0
2005,Never treated,4.81218435537242,8.87961160998204,10.159446732792,40093,0,0,1,0
2006,Never treated,4.83628190695148,8.87807925612644,10.2731182076351,40093,0,0,1,0
2007,Never treated,4.98360662170834,8.87961160998204,10.2700385671451,40093,0,0,1,0
2001,Never treated,5.16478597392351,9.49904691947415,9.97184689004947,40095,0,0,1,0
2002,Never treated,5.21493575760899,9.51767800208641,10.0231798754541,40095,0,0,1,0
2003,Never treated,5.18178355029209,9.52266627534072,10.0578382123661,40095,0,0,1,0
2004,Never treated,4.99043258677874,9.54337814614876,10.0810477922284,40095,0,0,1,0
2005,Never treated,4.94875989037817,9.57254997141339,10.1272708991377,40095,0,0,1,0
2006,Never treated,5.10594547390058,9.58383310084107,10.1688089787492,40095,0,0,1,0
2007,Never treated,5.06890420222023,9.60716828668868,10.2614766326196,40095,0,0,1,0
2001,Never treated,6.25575004175337,10.5589588261151,10.1766395732036,40097,0,0,1,0
2002,Never treated,6.15697898558556,10.5652472598544,10.1376897312071,40097,0,0,1,0
2003,Never treated,6.15697898558556,10.570880932645,10.1804372384089,40097,0,0,1,0
2004,Never treated,6.13988455222626,10.5760748191307,10.1921941000341,40097,0,0,1,0
2005,Never treated,6.1527326947041,10.5727517926327,10.2470063324253,40097,0,0,1,0
2006,Never treated,6.06378520868761,10.5781906825165,10.269691946691,40097,0,0,1,0
2007,Never treated,6.24610676548156,10.5908429933043,10.3087859800872,40097,0,0,1,0
2001,Never treated,5.11198778835654,9.44943600950432,9.95778632594351,40099,0,0,1,0
2002,Never treated,5.12989871492307,9.44501715910407,9.96969655264646,40099,0,0,1,0
2003,Never treated,5.04342511691925,9.44927852918903,10.0045990539045,40099,0,0,1,0
2004,Never treated,4.91265488573605,9.45038037095012,9.99907042242986,40099,0,0,1,0
2005,Never treated,5.19295685089021,9.44097578904869,10.043032079974,40099,0,0,1,0
2006,Never treated,5.09375020080676,9.45093083689411,10.0391978196886,40099,0,0,1,0
2007,Never treated,5.15905529921453,9.44509623861856,10.1471001756897,40099,0,0,1,0
2001,Never treated,7.00850518208228,11.1527587174894,10.1581297709097,40101,0,0,1,0
2002,Never treated,7.02286808608264,11.1554073084848,10.1988773440561,40101,0,0,1,0
2003,Never treated,7.02642680869964,11.1621189821659,10.2225592744772,40101,0,0,1,0
2004,Never treated,6.7945865808765,11.1630558833629,10.238923538149,40101,0,0,1,0
2005,Never treated,6.91075078796194,11.160484402635,10.2405310545256,40101,0,0,1,0
2006,Never treated,6.95177216439891,11.1649412187101,10.3026662760016,40101,0,0,1,0
2007,Never treated,6.78332520060396,11.1660028124742,10.3625566167291,40101,0,0,1,0
2001,Never treated,5.06890420222023,9.34215779659637,10.252629192258,40103,0,0,1,0
2002,Never treated,4.75359019110636,9.33291192436436,10.1523378361937,40103,0,0,1,0
2003,Never treated,4.85981240436167,9.32910070769702,10.2337620513684,40103,0,0,1,0
2004,Never treated,4.70953020131233,9.32865659879423,10.3556135754433,40103,0,0,1,0
2005,Never treated,4.83628190695148,9.31739944426959,10.4038385080081,40103,0,0,1,0
2006,Never treated,4.85203026391962,9.31235529738291,10.4035959514609,40103,0,0,1,0
2007,Never treated,4.85981240436167,9.30237245742268,10.450191772337,40103,0,0,1,0
2001,Never treated,4.55387689160054,9.27021176901357,9.91595945403145,40105,0,0,1,0
2002,Never treated,4.56434819146784,9.27397223222096,9.93658378002532,40105,0,0,1,0
2003,Never treated,4.62497281328427,9.29403793099775,9.93827537802179,40105,0,0,1,0
2004,Never treated,4.4188406077966,9.27977314669152,9.95859107876215,40105,0,0,1,0
2005,Never treated,4.36944785246702,9.27152954028861,10.0178870928446,40105,0,0,1,0
2006,Never treated,4.43081679884331,9.27077674078001,10.0962131326288,40105,0,0,1,0
2007,Never treated,4.53259949315326,9.27874640464024,10.1336464387442,40105,0,0,1,0
2001,Never treated,4.39444915467244,9.36751504634818,9.95346748484115,40107,0,0,1,0
2002,Never treated,4.36944785246702,9.36254630486551,9.97278037903208,40107,0,0,1,0
2003,Never treated,4.40671924726425,9.36648905446611,9.98787465579629,40107,0,0,1,0
2004,Never treated,3.97029191355212,9.36005264520451,10.0343842273379,40107,0,0,1,0
2005,Never treated,3.91202300542815,9.33140689995563,10.0414217386254,40107,0,0,1,0
2006,Never treated,3.91202300542815,9.32473991228468,10.0851422203424,40107,0,0,1,0
2007,Never treated,3.66356164612965,9.32241827538153,10.1329709643965,40107,0,0,1,0
2001,Never treated,9.60535102218049,13.4072941685503,10.3143049780709,40109,0,0,1,0
2002,Never treated,9.48895647241422,13.4173556650055,10.3497746551645,40109,0,0,1,0
2003,Never treated,9.38630845479796,13.4263448893254,10.4022001084183,40109,0,0,1,0
2004,Never treated,9.28591155882326,13.4291095692283,10.4365246646673,40109,0,0,1,0
2005,Never treated,9.29062920320499,13.4402685944802,10.4663267112542,40109,0,0,1,0
2006,Never treated,9.35703475112699,13.4483190800525,10.5476282955412,40109,0,0,1,0
2007,Never treated,9.38303237979429,13.4581539531761,10.5838027542807,40109,0,0,1,0
2001,Never treated,6.10702288774225,10.5887537596452,10.0650960677325,40111,0,0,1,0
2002,Never treated,5.96870755998537,10.5898115077479,10.0671782951926,40111,0,0,1,0
2003,Never treated,6.04973345523196,10.5927020100684,10.0999174503319,40111,0,0,1,0
2004,Never treated,5.96100533962327,10.590717259332,10.1306629649637,40111,0,0,1,0
2005,Never treated,5.90808293816893,10.580454536867,10.1577420988754,40111,0,0,1,0
2006,Never treated,5.91889385427315,10.5743635614498,10.195970581929,40111,0,0,1,0
2007,Never treated,5.86929691313377,10.5781906825165,10.2178967519156,40111,0,0,1,0
2001,Never treated,5.87773578177964,10.7159499277305,10.045594569161,40113,0,0,1,0
2002,Never treated,5.78382518232974,10.7188081170537,10.1039354959181,40113,0,0,1,0
2003,Never treated,5.96100533962327,10.7189851003735,9.99570203652394,40113,0,0,1,0
2004,Never treated,5.78074351579233,10.7160386765935,10.0609612763603,40113,0,0,1,0
2005,Never treated,5.61312810638807,10.7141510665239,10.1212969022596,40113,0,0,1,0
2006,Never treated,5.77765232322266,10.7154616681443,10.220485679322,40113,0,0,1,0
2007,Never treated,5.73657229747919,10.7203777505019,10.2882055874995,40113,0,0,1,0
2001,Never treated,6.21060007702465,10.4110879809464,9.91610758389223,40115,0,0,1,0
2002,Never treated,5.78996017089725,10.4008631285777,9.96758847794265,40115,0,0,1,0
2003,Never treated,5.8171111599632,10.396963537967,10.0149394778303,40115,0,0,1,0
2004,Never treated,5.72031177660741,10.3987324243351,10.0317488324801,40115,0,0,1,0
2005,Never treated,5.83773044716594,10.389303013298,10.061516416761,40115,0,0,1,0
2006,Never treated,5.95842469302978,10.3980923267746,10.1399026460436,40115,0,0,1,0
2007,Never treated,5.90536184805457,10.3807770750827,10.227127810342,40115,0,0,1,0
2001,Never treated,4.83628190695148,9.73287715167018,9.97347992435616,40117,0,0,1,0
2002,Never treated,5.02388052084628,9.73157166845605,10.0019744992508,40117,0,0,1,0
2003,Never treated,4.86753445045558,9.73406247747719,10.0078926118909,40117,0,0,1,0
2004,Never treated,4.83628190695148,9.72871741189501,10.0885553349981,40117,0,0,1,0
2005,Never treated,4.70048036579242,9.7103881225703,10.1324541171531,40117,0,0,1,0
2006,Never treated,4.77912349311153,9.7066816015412,10.210273478787,40117,0,0,1,0
2007,Never treated,4.75359019110636,9.71050941555364,10.2980602194779,40117,0,0,1,0
2001,Never treated,7.16317239084664,11.1444237164164,10.0031066175648,40119,0,0,1,0
2002,Never treated,7.07157336421153,11.1425137449195,10.0122074192504,40119,0,0,1,0
2003,Never treated,6.96034772910131,11.1526583626633,10.0411167875242,40119,0,0,1,0
2004,Never treated,6.87729607149743,11.1474836324913,10.0763057618983,40119,0,0,1,0
2005,Never treated,6.7202201551353,11.2355105048742,10.140415658821,40119,0,0,1,0
2006,Never treated,6.81014245011514,11.2552034087613,10.2195019472549,40119,0,0,1,0
2007,Never treated,6.83625927727707,11.2686348830546,10.263571678604,40119,0,0,1,0
2001,Never treated,6.23244801655052,10.6839127412031,10.1448638721114,40121,0,0,1,0
2002,Never treated,6.19031540585315,10.6952576017012,10.1649668101159,40121,0,0,1,0
2003,Never treated,6.1527326947041,10.6930352273824,10.2291515904407,40121,0,0,1,0
2004,Never treated,6.11809719804135,10.6973620319624,10.260287488663,40121,0,0,1,0
2005,Never treated,6.04025471127741,10.6914220489581,10.2837032263908,40121,0,0,1,0
2006,Never treated,6.09582456243222,10.6993718105472,10.3554544942957,40121,0,0,1,0
2007,Never treated,6.18001665365257,10.7015126323133,10.4195394952737,40121,0,0,1,0
2001,Never treated,6.14203740558736,10.458090798648,9.99720555640988,40123,0,0,1,0
2002,Never treated,6.27476202124194,10.4592100571844,10.0420748922922,40123,0,0,1,0
2003,Never treated,6.19644412779452,10.4624173909763,10.0542754416582,40123,0,0,1,0
2004,Never treated,6.15697898558556,10.4647876355357,10.1037718097043,40123,0,0,1,0
2005,Never treated,6.289715570909,10.4774569752667,10.1414803067005,40123,0,0,1,0
2006,Never treated,6.2709884318583,10.4846411561351,10.190844572164,40123,0,0,1,0
2007,Never treated,6.23441072571837,10.5026262057745,10.2417439109508,40123,0,0,1,0
2001,Never treated,6.84800527457636,11.1022618681032,10.0318807673045,40125,0,0,1,0
2002,Never treated,6.81563999007433,11.1092787026688,10.0527261880024,40125,0,0,1,0
2003,Never treated,6.66695679242921,11.1101766643563,10.0915426411778,40125,0,0,1,0
2004,Never treated,6.65544035036765,11.1231220694517,10.1138295120131,40125,0,0,1,0
2005,Never treated,6.68586094706836,11.1238306297754,10.1377292905164,40125,0,0,1,0
2006,Never treated,6.80461452006262,11.1296571746191,10.1864083078862,40125,0,0,1,0
2007,Never treated,6.84800527457636,11.1443225215946,10.2305225409405,40125,0,0,1,0
2001,Never treated,4.89034912822175,9.3698196865215,9.83985528729127,40127,0,0,1,0
2002,Never treated,4.86753445045558,9.36913738372318,9.89741917713452,40127,0,0,1,0
2003,Never treated,4.64439089914137,9.36785680985117,9.91941011307994,40127,0,0,1,0
2004,Never treated,4.70048036579242,9.36990494164752,9.95041884722056,40127,0,0,1,0
2005,Never treated,4.57471097850338,9.34853587072758,9.95982062587629,40127,0,0,1,0
2006,Never treated,4.60517018598809,9.34966743719728,9.98276073343064,40127,0,0,1,0
2007,Never treated,4.87519732320115,9.36082720525012,10.1282697605188,40127,0,0,1,0
2001,Never treated,3.40119738166216,8.11342663994365,10.0189568023422,40129,0,0,1,0
2002,Never treated,3.17805383034795,8.07589363029886,10.0115344566193,40129,0,0,1,0
2003,Never treated,3.13549421592915,8.0727793331695,10.0735678229077,40129,0,0,1,0
2004,Never treated,3.2188758248682,8.08764028777898,10.1461984093429,40129,0,0,1,0
2005,Never treated,3.40119738166216,8.09040229659332,10.2494857018107,40129,0,0,1,0
2006,Never treated,3.46573590279973,8.08794755464267,10.2944479744414,40129,0,0,1,0
2007,Never treated,3.17805383034795,8.09346227450118,10.394549148261,40129,0,0,1,0
2001,Never treated,6.75110146893676,11.2022067414001,10.2831219006098,40131,0,0,1,0
2002,Never treated,6.78105762593618,11.2286376255865,10.291094142343,40131,0,0,1,0
2003,Never treated,6.71295620067707,11.2550481192107,10.3149347323218,40131,0,0,1,0
2004,Never treated,6.62007320653036,11.2776081127243,10.3524909626588,40131,0,0,1,0
2005,Never treated,6.70808408385307,11.2857236901952,10.4051715183848,40131,0,0,1,0
2006,Never treated,6.75227037614174,11.3048182984821,10.4256684603403,40131,0,0,1,0
2007,Never treated,6.76041469108343,11.3288583856378,10.4943804990573,40131,0,0,1,0
2001,Never treated,5.70044357339069,10.1162978997105,9.92627591416656,40133,0,0,1,0
2002,Never treated,5.63121178182137,10.10968838312,9.95669651086727,40133,0,0,1,0
2003,Never treated,5.57972982598622,10.1070812446056,10.0219814465839,40133,0,0,1,0
2004,Never treated,5.45958551414416,10.1148418832754,10.0594223541569,40133,0,0,1,0
2005,Never treated,5.50533153593236,10.0917083412611,10.1394288620802,40133,0,0,1,0
2006,Never treated,5.31320597904179,10.0914183480946,10.2219776466299,40133,0,0,1,0
2007,Never treated,5.37527840768417,10.0868502338385,10.2809646241041,40133,0,0,1,0
2001,Never treated,6.08904487544685,10.5790306871477,9.89040231298747,40135,0,0,1,0
2002,Never treated,6.12029741895095,10.5882244657361,9.91901635415375,40135,0,0,1,0
2003,Never treated,6.07073772800249,10.596584731846,9.9663214967075,40135,0,0,1,0
2004,Never treated,5.88332238848828,10.6103650395443,10.0101422304047,40135,0,0,1,0
2005,Never treated,5.79909265446053,10.6037592930384,10.0617298502666,40135,0,0,1,0
2006,Never treated,6.0330862217988,10.6136393319119,10.0746217636895,40135,0,0,1,0
2007,Never treated,6.00881318544259,10.620717403612,10.1015594194213,40135,0,0,1,0
2001,Never treated,6.3456363608286,10.663358365139,10.1359871987744,40137,0,0,1,0
2002,Never treated,6.30078579466324,10.6600554422145,10.1370961536981,40137,0,0,1,0
2003,Never treated,6.20657592672493,10.6584351340015,10.1890047834084,40137,0,0,1,0
2004,Never treated,6.17170059741091,10.6636623413844,10.2157768680808,40137,0,0,1,0
2005,Never treated,6.19440539110467,10.6593278024345,10.2640947550025,40137,0,0,1,0
2006,Never treated,6.30261897574491,10.6634519061334,10.3395788541861,40137,0,0,1,0
2007,Never treated,6.30809844150953,10.6723913454953,10.4177173754357,40137,0,0,1,0
2001,Never treated,6.06378520868761,9.91026453681515,10.106142641423,40139,0,0,1,0
2002,Never treated,5.95583736946483,9.90573502507661,10.123185173446,40139,0,0,1,0
2003,Never treated,5.83773044716594,9.8997806906048,10.1262710390348,40139,0,0,1,0
2004,Never treated,5.79605775076537,9.91521847541183,10.1679265862575,40139,0,0,1,0
2005,Never treated,5.72358510195238,9.90033258084283,10.2079161164665,40139,0,0,1,0
2006,Never treated,5.64544689764324,9.89595928611534,10.2473609046377,40139,0,0,1,0
2007,Never treated,5.69035945432406,9.91100919393497,10.3008532823876,40139,0,0,1,0
2001,Never treated,4.33073334028633,9.13356731317027,10.0165483448201,40141,0,0,1,0
2002,Never treated,4.31748811353631,9.09649955555242,10.0398524270566,40141,0,0,1,0
2003,Never treated,4.63472898822964,9.09369418985686,10.0550491693447,40141,0,0,1,0
2004,Never treated,4.43081679884331,9.07383312732152,10.0681541740914,40141,0,0,1,0
2005,Never treated,4.40671924726425,9.03121370607875,10.105325748023,40141,0,0,1,0
2006,Never treated,4.36944785246702,9.01784725986073,10.1816115921758,40141,0,0,1,0
2007,Never treated,4.40671924726425,9.00060650757189,10.196716711417,40141,0,0,1,0
2001,Never treated,4.67282883446191,9.54007568065896,9.8423565525319,40063,0,0,1,0
2002,Never treated,4.66343909411207,9.54909571461196,9.85098299855398,40063,0,0,1,0
2003,Never treated,4.62497281328427,9.54423786822493,9.87796459530504,40063,0,0,1,0
2004,Never treated,4.45434729625351,9.54373645350864,9.96486483221103,40063,0,0,1,0
2005,Never treated,4.27666611901606,9.52770259852938,9.98331485239568,40063,0,0,1,0
2006,Never treated,4.11087386417331,9.52039529527969,10.0714143332124,40063,0,0,1,0
2007,Never treated,4.52178857704904,9.52156805800298,10.1400210569691,40063,0,0,1,0
2001,Never treated,6.11146733950268,10.983749159325,9.9661336591864,40145,0,0,1,0
2002,Never treated,5.93753620508243,11.0109439498581,10.0011132313206,40145,0,0,1,0
2003,Never treated,5.89164421182577,11.0309464157618,10.0199363651794,40145,0,0,1,0
2004,Never treated,5.85220247977447,11.0475988812755,10.1074482844336,40145,0,0,1,0
2005,Never treated,5.92425579741453,11.054043757225,10.1077336667459,40145,0,0,1,0
2006,Never treated,6.00635315960173,11.0822656182275,10.1780463907965,40145,0,0,1,0
2007,Never treated,6.02102334934953,11.1157261012791,10.3091859667596,40145,0,0,1,0
2001,Never treated,6.8001700683022,10.7992694077787,10.359106973305,40147,0,0,1,0
2002,Never treated,6.73340189183736,10.8034253002475,10.3902561117083,40147,0,0,1,0
2003,Never treated,6.67076632084587,10.8015532121196,10.4836060027981,40147,0,0,1,0
2004,Never treated,6.55677835615804,10.80092160956,10.467635909984,40147,0,0,1,0
2005,Never treated,6.60800062529609,10.7926126163375,10.4379613412078,40147,0,0,1,0
2006,Never treated,6.66568371778241,10.7975122253561,10.4852561451127,40147,0,0,1,0
2007,Never treated,6.75576892198425,10.8178364001729,10.5250313142364,40147,0,0,1,0
2001,Never treated,4.63472898822964,9.34312148321,10.0032423856731,40149,0,0,1,0
2002,Never treated,4.71849887129509,9.33838172185707,10.0411603576612,40149,0,0,1,0
2003,Never treated,4.35670882668959,9.33626792857397,10.0547913266273,40149,0,0,1,0
2004,Never treated,4.46590811865458,9.34513346831771,10.1018874899594,40149,0,0,1,0
2005,Never treated,4.17438726989564,9.32981087195235,10.163965423497,40149,0,0,1,0
2006,Never treated,4.39444915467244,9.34574500898239,10.2296208113622,40149,0,0,1,0
2007,Never treated,4.33073334028633,9.36134324551271,10.302968122297,40149,0,0,1,0
2001,Never treated,4.8283137373023,9.08330213880546,9.82016028994637,40151,0,0,1,0
2002,Never treated,4.57471097850338,9.07977600195507,9.84400290570124,40151,0,0,1,0
2003,Never treated,4.58496747867057,9.06670092177457,9.8599013243732,40151,0,0,1,0
2004,Never treated,4.59511985013459,9.04864463297588,9.88267241282221,40151,0,0,1,0
2005,Never treated,4.62497281328427,9.05368656193081,9.91931168788301,40151,0,0,1,0
2006,Never treated,4.56434819146784,9.03396112463786,9.9904905961577,40151,0,0,1,0
2007,Never treated,4.48863636973214,9.04440384443155,10.0350419922764,40151,0,0,1,0
2001,Never treated,5.82008293035236,9.81977980346264,10.1168231628593,40153,0,0,1,0
2002,Never treated,5.78996017089725,9.8254178971142,10.0997941938967,40153,0,0,1,0
2003,Never treated,5.73334127689775,9.83263581156418,10.1488230313568,40153,0,0,1,0
2004,Never treated,5.64190707093811,9.847023015555,10.2140557287746,40153,0,0,1,0
2005,Never treated,5.7268477475872,9.84591140439853,10.3093192601052,40153,0,0,1,0
2006,Never treated,5.86929691313377,9.85634353272731,10.444473739197,40153,0,0,1,0
2007,Never treated,5.95064255258773,9.88302971063373,10.4909130411108,40153,0,0,1,0
2001,Never treated,9.50061907027523,13.2470540558234,10.3972992569429,40143,0,0,1,0
2002,Never treated,9.3886539073726,13.2532758436329,10.4079529931494,40143,0,0,1,0
2003,Never treated,9.27556615689389,13.253709133264,10.429310157308,40143,0,0,1,0
2004,Never treated,9.18502256399189,13.2509518237734,10.472063081843,40143,0,0,1,0
2005,Never treated,9.21303673352392,13.2543333015713,10.5038339022405,40143,0,0,1,0
2006,Never treated,9.31775876874345,13.2641510926024,10.5732381552897,40143,0,0,1,0
2007,Never treated,9.36108525866861,13.2800626108042,10.6032378842296,40143,0,0,1,0
2001,Never treated,6.38856140554563,10.7836328377739,9.95432324223862,40079,0,0,1,0
2002,Never treated,6.20455776256869,10.7915434053955,9.95127721637198,40079,0,0,1,0
2003,Never treated,6.21060007702465,10.7976349197246,10.0012492703186,40079,0,0,1,0
2004,Never treated,6.11589212548303,10.802733849801,10.024465479089,40079,0,0,1,0
2005,Never treated,6.37842618365159,10.7979824720398,10.0587804369422,40079,0,0,1,0
2006,Never treated,6.26339826259162,10.802021562821,10.1288286873938,40079,0,0,1,0
2007,Never treated,6.38012253689976,10.8122500179895,10.1724072064869,40079,0,0,1,0
2001,Never treated,7.4318919168078,11.8756709458582,10.4943528070478,45003,0,0,1,0
2002,Never treated,7.34407285057307,11.8867347736744,10.5314293229708,45003,0,0,1,0
2003,Never treated,7.33236920592906,11.8975277840093,10.5451572112134,45003,0,0,1,0
2004,Never treated,7.23417717974985,11.9108891744747,10.5573220157105,45003,0,0,1,0
2005,Never treated,7.20117088328168,11.9096861324482,10.597309505386,45003,0,0,1,0
2006,Never treated,7.27378631784489,11.9192235593823,10.6118927354851,45003,0,0,1,0
2007,Never treated,7.30720231476474,11.9388335182032,10.6461389279992,45003,0,0,1,0
2001,Never treated,4.29045944114839,9.30474104739767,10.2015530303676,45005,0,0,1,0
2002,Never treated,4.04305126783455,9.31280670352067,10.234803662008,45005,0,0,1,0
2003,Never treated,3.97029191355212,9.30683167216494,10.250016196421,45005,0,0,1,0
2004,Never treated,3.71357206670431,9.30610499396056,10.3162261446108,45005,0,0,1,0
2005,Never treated,3.68887945411394,9.28145099943413,10.3711133569959,45005,0,0,1,0
2006,Never treated,3.68887945411394,9.26350192009041,10.4739584952286,45005,0,0,1,0
2007,Never treated,3.8286413964891,9.25129035830514,10.4796794797334,45005,0,0,1,0
2001,Never treated,5.79301360838414,10.1794512320337,10.078070913235,45001,0,0,1,0
2002,Never treated,5.58724865840025,10.1805130447994,10.1227435571231,45001,0,0,1,0
2003,Never treated,5.5834963087817,10.1800202005092,10.1731329375018,45001,0,0,1,0
2004,Never treated,5.27299955856375,10.1774762978559,10.2086902387059,45001,0,0,1,0
2005,Never treated,5.42053499927229,10.1533119824317,10.2170931869662,45001,0,0,1,0
2006,Never treated,5.41610040220442,10.1463160771667,10.2475735876344,45001,0,0,1,0
2007,Never treated,5.34710753071747,10.1392708841968,10.255587045043,45001,0,0,1,0
2001,Never treated,5.40267738187228,10.0625404823907,10.5416768375154,45011,0,0,1,0
2002,Never treated,5.29330482472449,10.0592940036743,10.4546678616504,45011,0,0,1,0
2003,Never treated,5.17048399503815,10.062241904897,10.1807404294974,45011,0,0,1,0
2004,Never treated,5.10594547390058,10.0578382123661,10.2001045890455,45011,0,0,1,0
2005,Never treated,5.01727983681492,10.0455511917996,10.2285015362467,45011,0,0,1,0
2006,Never treated,5.00394630594546,10.0412910566833,10.2590969289594,45011,0,0,1,0
2007,Never treated,5.04342511691925,10.0422489945777,10.2879332934202,45011,0,0,1,0
2001,Never treated,7.59135704669855,11.7394951404126,10.1948877043563,45013,0,0,1,0
2002,Never treated,7.50328963067508,11.7743123288604,10.2136891464178,45013,0,0,1,0
2003,Never treated,7.58222919427646,11.7938774410437,10.2451249978981,45013,0,0,1,0
2004,Never treated,7.57044325205737,11.8047215632009,10.2788713886058,45013,0,0,1,0
2005,Never treated,7.6511201757027,11.8446220304914,10.3246947675929,45013,0,0,1,0
2006,Never treated,7.74586822979227,11.8712360704849,10.3654275075723,45013,0,0,1,0
2007,Never treated,7.71779621101358,11.9047648294966,10.3850491306156,45013,0,0,1,0
2001,Never treated,7.88645727097769,12.0366357241652,10.2142389695719,45007,0,0,1,0
2002,Never treated,7.70571282389443,12.0451641832395,10.2146419811731,45007,0,0,1,0
2003,Never treated,7.6586995582683,12.0541794157441,10.2433469035463,45007,0,0,1,0
2004,Never treated,7.61184239958042,12.0642037350558,10.2728763320616,45007,0,0,1,0
2005,Never treated,7.62217459481762,12.0690322463943,10.2908905178259,45007,0,0,1,0
2006,Never treated,7.65822752616135,12.0836676952631,10.3213093348537,45007,0,0,1,0
2007,Never treated,7.63964228785801,12.10157287044,10.3445128360428,45007,0,0,1,0
2001,Never treated,5.17048399503815,9.70570712067963,10.011579334887,45009,0,0,1,0
2002,Never treated,5.0998664278242,9.70008535213093,10.0553499018454,45009,0,0,1,0
2003,Never treated,5.03043792139244,9.681343501555,10.0049605214668,45009,0,0,1,0
2004,Never treated,4.93447393313069,9.67690057944416,10.0586091894034,45009,0,0,1,0
2005,Never treated,5.12989871492307,9.66421461929203,10.0778609394809,45009,0,0,1,0
2006,Never treated,5.05624580534831,9.6575870140993,10.1514407827589,45009,0,0,1,0
2007,Never treated,5.14166355650266,9.64173310209426,10.204554644598,45009,0,0,1,0
2001,Never treated,8.67111527368849,12.65266370196,10.2754992843851,45019,0,0,1,0
2002,Never treated,8.49228555571005,12.6662090029732,10.3163585029049,45019,0,0,1,0
2003,Never treated,8.52237971810354,12.679548365088,10.3554863125498,45019,0,0,1,0
2004,Never treated,8.50936261230105,12.6989471069804,10.3868391993014,45019,0,0,1,0
2005,Never treated,8.60575336839572,12.7284285395064,10.4431046939649,45019,0,0,1,0
2006,Never treated,8.70018119275335,12.7385374443996,10.4856752390378,45019,0,0,1,0
2007,Never treated,8.71292443512011,12.7498667858299,10.5372031493266,45019,0,0,1,0
2001,Never treated,6.3919171133926,10.8801958259636,10.2128821918936,45021,0,0,1,0
2002,Never treated,6.15485809401642,10.8884084234511,10.2324675062561,45021,0,0,1,0
2003,Never treated,6.17378610390194,10.8888378203418,10.2685125376463,45021,0,0,1,0
2004,Never treated,6.22059017009974,10.8903299403612,10.3156303153975,45021,0,0,1,0
2005,Never treated,6.289715570909,10.888277700835,10.3203211273815,45021,0,0,1,0
2006,Never treated,6.39359075395063,10.8921361546,10.3433218807238,45021,0,0,1,0
2007,Never treated,6.55393340402581,10.8995317194793,10.3831939572432,45021,0,0,1,0
2001,Never treated,5.80513496891649,10.4362018615598,10.191594534701,45023,0,0,1,0
2002,Never treated,5.52146091786225,10.4371406359415,10.2586062862076,45023,0,0,1,0
2003,Never treated,5.34710753071747,10.4306391789009,10.2752924591517,45023,0,0,1,0
2004,Never treated,5.35185813347607,10.4212987204758,10.3130442785475,45023,0,0,1,0
2005,Never treated,5.35658627467201,10.4014710682888,10.3531290229771,45023,0,0,1,0
2006,Never treated,5.47646355193151,10.3933550817106,10.3756139271628,45023,0,0,1,0
2007,Never treated,5.52545293913178,10.3934469836207,10.4323200745946,45023,0,0,1,0
2001,Never treated,6.07764224334903,10.6721363764959,10.2003647202274,45025,0,0,1,0
2002,Never treated,5.90536184805457,10.6737809422727,10.2153011045628,45025,0,0,1,0
2003,Never treated,5.80513496891649,10.6746600225338,10.2472545461741,45025,0,0,1,0
2004,Never treated,5.73334127689775,10.6737577981427,10.2528407578441,45025,0,0,1,0
2005,Never treated,5.85220247977447,10.6630075084603,10.255516721555,45025,0,0,1,0
2006,Never treated,5.78382518232974,10.6597738380074,10.2883757336555,45025,0,0,1,0
2007,Never treated,5.89989735358249,10.6666504146677,10.3121475515408,45025,0,0,1,0
2001,Never treated,5.9427993751267,10.3987933646441,9.99756970589727,45027,0,0,1,0
2002,Never treated,5.82008293035236,10.4020786386338,10.0155654559415,45027,0,0,1,0
2003,Never treated,5.79605775076537,10.4020786386338,10.0617725315018,45027,0,0,1,0
2004,Never treated,5.65948221575962,10.4066539189346,10.1113956312076,45027,0,0,1,0
2005,Never treated,5.74620319054015,10.3968719586822,10.1447853144304,45027,0,0,1,0
2006,Never treated,5.71042701737487,10.3963528509251,10.1528834749944,45027,0,0,1,0
2007,Never treated,5.66296048013595,10.3952526735634,10.1695756441756,45027,0,0,1,0
2001,Never treated,5.89164421182577,10.5616291238973,10.0744110643777,45029,0,0,1,0
2002,Never treated,5.8805329864007,10.5697259165389,10.0769785679453,45029,0,0,1,0
2003,Never treated,5.82600010738045,10.5756664266599,10.0916254946515,45029,0,0,1,0
2004,Never treated,5.78689738136671,10.5841065825188,10.1595241471524,45029,0,0,1,0
2005,Never treated,5.75574221358691,10.5706243776638,10.195895938352,45029,0,0,1,0
2006,Never treated,5.87493073085203,10.5673089037142,10.2376714586393,45029,0,0,1,0
2007,Never treated,5.94803498918065,10.5750535250625,10.2489549256266,45029,0,0,1,0
2001,Never treated,6.67329796776765,11.1218660941697,10.3335151834725,45031,0,0,1,0
2002,Never treated,6.5191472879404,11.1255261826737,10.3602792878096,45031,0,0,1,0
2003,Never treated,6.39692965521615,11.1252757167321,10.3928954454281,45031,0,0,1,0
2004,Never treated,6.36302810354046,11.1211857314805,10.4206729102547,45031,0,0,1,0
2005,Never treated,6.21860011969173,11.1112083244485,10.4605286000991,45031,0,0,1,0
2006,Never treated,6.16541785423142,11.1102065825301,10.5075029277682,45031,0,0,1,0
2007,Never treated,6.27476202124194,11.1087245574237,10.5469191408501,45031,0,0,1,0
2001,Never treated,5.7268477475872,10.3434184975256,9.9608126191554,45033,0,0,1,0
2002,Never treated,5.52146091786225,10.3445128360428,9.98322252055498,45033,0,0,1,0
2003,Never treated,5.37527840768417,10.3467942180712,10.0458114277483,45033,0,0,1,0
2004,Never treated,5.27811465923052,10.3463126694014,10.0535441487428,45033,0,0,1,0
2005,Never treated,5.36129216570943,10.3328319344342,10.089053839495,45033,0,0,1,0
2006,Never treated,5.27299955856375,10.3314314424047,10.1253502839506,45033,0,0,1,0
2007,Never treated,5.47646355193151,10.3331573493411,10.1535845734106,45033,0,0,1,0
2001,Never treated,7.27170370688737,11.4987656868122,10.1637341918018,45035,0,0,1,0
2002,Never treated,7.21670948670946,11.5247947455403,10.1851264014406,45035,0,0,1,0
2003,Never treated,7.23921497377981,11.553078435744,10.2191008899166,45035,0,0,1,0
2004,Never treated,7.19218205871325,11.5824888403555,10.2641644778542,45035,0,0,1,0
2005,Never treated,7.25488481007734,11.6237689217965,10.2843183796859,45035,0,0,1,0
2006,Never treated,7.37023064180708,11.6753418892145,10.3178132890765,45035,0,0,1,0
2007,Never treated,7.43602781635185,11.7282223112581,10.3338728896045,45035,0,0,1,0
2001,Never treated,5.25227342804663,10.1094442524275,10.1196064889134,45037,0,0,1,0
2002,Never treated,5.03043792139244,10.115934094302,10.1350356861941,45037,0,0,1,0
2003,Never treated,5.0998664278242,10.1179132132306,10.1607619625665,45037,0,0,1,0
2004,Never treated,4.969813299576,10.1386387229746,10.1748115583751,45037,0,0,1,0
2005,Never treated,5.03043792139244,10.1425044530066,10.2064768690551,45037,0,0,1,0
2006,Never treated,4.99721227376411,10.1319370026405,10.2251724215382,45037,0,0,1,0
2007,Never treated,5.27299955856375,10.1431735204696,10.2492734251427,45037,0,0,1,0
2001,Never treated,4.47733681447821,10.0725972153579,10.3901024475871,45039,0,0,1,0
2002,Never treated,4.47733681447821,10.0811733809256,10.42975336079,45039,0,0,1,0
2003,Never treated,4.45434729625351,10.0786166387486,10.4414418436904,45039,0,0,1,0
2004,Never treated,4.49980967033027,10.0917911810076,10.4428714782101,45039,0,0,1,0
2005,Never treated,4.68213122712422,10.0733990892534,10.4661273350163,45039,0,0,1,0
2006,Never treated,4.51085950651685,10.0693409166228,10.4881025262726,45039,0,0,1,0
2007,Never treated,4.54329478227,10.0561227989597,10.5198616742902,45039,0,0,1,0
2001,Never treated,7.32580750259577,11.878727628822,10.3287226076679,45015,0,0,1,0
2002,Never treated,7.30988148582479,11.8888587704724,10.3618613162997,45015,0,0,1,0
2003,Never treated,7.35819375273303,11.8995542787321,10.404959567375,45015,0,0,1,0
2004,Never treated,7.26752542782817,11.9107951339566,10.4376096928526,45015,0,0,1,0
2005,Never treated,7.39756153552405,11.9372646648437,10.4761323784409,45015,0,0,1,0
2006,Never treated,7.43543801981455,11.9727651155417,10.5030106310634,45015,0,0,1,0
2007,Never treated,7.44949800538285,12.0042930020791,10.5414390976281,45015,0,0,1,0
2001,Never treated,6.52795791762255,10.9496831089791,10.1298658663603,45043,0,0,1,0
2002,Never treated,6.33327962813969,10.9695938669813,10.170954162487,45043,0,0,1,0
2003,Never treated,6.36475075685191,10.9829000321766,10.1980955850586,45043,0,0,1,0
2004,Never treated,6.34212141872115,10.9996134192843,10.2474672517903,45043,0,0,1,0
2005,Never treated,6.40357419793482,10.994302856902,10.3129778818939,45043,0,0,1,0
2006,Never treated,6.38350663488401,11.0006320979292,10.3218359798084,45043,0,0,1,0
2007,Never treated,6.52941883826223,11.0079825043624,10.3546268641355,45043,0,0,1,0
2001,Never treated,9.02545553277906,12.8647707107357,10.392742186374,45045,0,0,1,0
2002,Never treated,8.84260448067803,12.8772706967058,10.4158919294153,45045,0,0,1,0
2003,Never treated,8.81729778386658,12.8890482707686,10.4304915970296,45045,0,0,1,0
2004,Never treated,8.78996465113226,12.9017640867124,10.4572577166274,45045,0,0,1,0
2005,Never treated,8.82335348511379,12.915735193518,10.4831300322993,45045,0,0,1,0
2006,Never treated,8.87010104878573,12.9376589839086,10.5120295498082,45045,0,0,1,0
2007,Never treated,8.95751051029161,12.9743620846138,10.5391909844344,45045,0,0,1,0
2001,Never treated,6.87935580446044,11.1089043138542,10.2636414379343,45047,0,0,1,0
2002,Never treated,6.7286286130847,11.1155475670447,10.2804503001716,45047,0,0,1,0
2003,Never treated,6.68210859744981,11.1191715127901,10.300416329622,45047,0,0,1,0
2004,Never treated,6.67456139181443,11.1212449118327,10.3214081019116,45047,0,0,1,0
2005,Never treated,6.63856778916652,11.122959620309,10.3346853825399,45047,0,0,1,0
2006,Never treated,6.67834211465433,11.1255114511194,10.3733036642015,45047,0,0,1,0
2007,Never treated,6.5191472879404,11.1336835049023,10.3959557042659,45047,0,0,1,0
2001,Never treated,5.28826703069454,9.97025795616998,10.2351267000036,45049,0,0,1,0
2002,Never treated,5.03043792139244,9.9664154022386,10.2405310545256,45049,0,0,1,0
2003,Never treated,5.11799381241676,9.97292032725147,10.258746494417,45049,0,0,1,0
2004,Never treated,5.27811465923052,9.96754158132623,10.3143381329206,45049,0,0,1,0
2005,Never treated,5.13579843705026,9.95265859654258,10.3441267356519,45049,0,0,1,0
2006,Never treated,5.17048399503815,9.95584278287006,10.3715518024008,45049,0,0,1,0
2007,Never treated,5.36129216570943,9.95650685651176,10.4323495387882,45049,0,0,1,0
2001,Never treated,8.16166045205628,12.2144573950646,10.0870167132162,45051,0,0,1,0
2002,Never treated,8.00570067866254,12.2359323733629,10.1134242763631,45051,0,0,1,0
2003,Never treated,7.98786409608569,12.2596655438008,10.1425438223104,45051,0,0,1,0
2004,Never treated,7.97453284413023,12.2905746266179,10.1686939282227,45051,0,0,1,0
2005,Never treated,8.11282747875137,12.3396327877414,10.1902441969114,45051,0,0,1,0
2006,Never treated,8.19973896063079,12.3862919942323,10.2365611632225,45051,0,0,1,0
2007,Never treated,8.28652137368124,12.432825674834,10.2603224836762,45051,0,0,1,0
2001,Never treated,5.14749447681345,9.94616382681656,10.0506136174264,45053,0,0,1,0
2002,Never treated,5.09375020080676,9.94984619151415,10.0912940395607,45053,0,0,1,0
2003,Never treated,5.08759633523238,9.95037113843498,10.1425044530066,45053,0,0,1,0
2004,Never treated,5.11799381241676,9.96514693292286,10.2419221481851,45053,0,0,1,0
2005,Never treated,5.37063802812766,9.96104866306066,10.2920777434194,45053,0,0,1,0
2006,Never treated,5.21493575760899,9.97534298963656,10.3813663411533,45053,0,0,1,0
2007,Never treated,5.39362754635236,10.0083429406385,10.4145431498562,45053,0,0,1,0
2001,Never treated,6.3456363608286,10.8864832072043,10.2081742238037,45055,0,0,1,0
2002,Never treated,6.29526600143965,10.892210567667,10.2546724537312,45055,0,0,1,0
2003,Never treated,6.1779441140506,10.9084299820048,10.2985318858164,45055,0,0,1,0
2004,Never treated,6.30261897574491,10.9218654484936,10.301390808437,45055,0,0,1,0
2005,Never treated,6.4085287910595,10.930102460697,10.3250884425537,45055,0,0,1,0
2006,Never treated,6.28599809450886,10.9509819700256,10.3487180972037,45055,0,0,1,0
2007,Never treated,6.3818160174061,10.9760296134711,10.3700791173049,45055,0,0,1,0
2001,Never treated,6.45047042214418,11.0299419604323,10.2387447656008,45057,0,0,1,0
2002,Never treated,6.30627528694802,11.0385924775633,10.2475381436094,45057,0,0,1,0
2003,Never treated,5.99893656194668,11.0460210282622,10.2875247132307,45057,0,0,1,0
2004,Never treated,6.02102334934953,11.0500960394725,10.3192659619194,45057,0,0,1,0
2005,Never treated,5.98645200528444,11.1536901031001,10.3768916436525,45057,0,0,1,0
2006,Never treated,6.07304453410041,11.1805667561806,10.3909319534642,45057,0,0,1,0
2007,Never treated,6.11146733950268,11.2050134739464,10.4502207146405,45057,0,0,1,0
2001,Never treated,6.72383244082121,11.1569502761458,10.1873121946606,45059,0,0,1,0
2002,Never treated,6.48920493132532,11.1574783383838,10.2024062569139,45059,0,0,1,0
2003,Never treated,6.42162226780652,11.1604701771757,10.2144954502914,45059,0,0,1,0
2004,Never treated,6.25766758788264,11.1575924773481,10.2574137220536,45059,0,0,1,0
2005,Never treated,6.32435896238131,11.1487798276205,10.277255573901,45059,0,0,1,0
2006,Never treated,6.35610766069589,11.1472097763793,10.3014243942235,45059,0,0,1,0
2007,Never treated,6.34212141872115,11.1508933397835,10.3560270680302,45059,0,0,1,0
2001,Never treated,4.68213122712422,9.91125728980049,10.0351296615878,45061,0,0,1,0
2002,Never treated,4.63472898822964,9.91847468234438,10.0676451387024,45061,0,0,1,0
2003,Never treated,4.56434819146784,9.9219657737819,10.0758850281324,45061,0,0,1,0
2004,Never treated,4.40671924726425,9.9349862195955,10.1042218823372,45061,0,0,1,0
2005,Never treated,4.54329478227,9.9160088330898,10.1745828213835,45061,0,0,1,0
2006,Never treated,4.4188406077966,9.90862433664128,10.2068830204074,45061,0,0,1,0
2007,Never treated,4.48863636973214,9.90941992118924,10.2515706924062,45061,0,0,1,0
2001,Never treated,8.39615486303918,12.3017509393904,10.2455867850225,45063,0,0,1,0
2002,Never treated,8.27486682068525,12.3138996169836,10.2563251432436,45063,0,0,1,0
2003,Never treated,8.24722005274523,12.3326083754673,10.2728417736319,45063,0,0,1,0
2004,Never treated,8.21093973337902,12.3495710767891,10.3258753278402,45063,0,0,1,0
2005,Never treated,8.28853445941392,12.360067598947,10.347050949243,45063,0,0,1,0
2006,Never treated,8.3091845276863,12.3798452640615,10.3801253767649,45063,0,0,1,0
2007,Never treated,8.352318548226,12.4048128424148,10.4081341252254,45063,0,0,1,0
2001,Never treated,3.58351893845611,9.22147811638664,10.0533720020734,45065,0,0,1,0
2002,Never treated,3.09104245335832,9.23122084955554,10.0797491179502,45065,0,0,1,0
2003,Never treated,2.77258872223978,9.23756635822977,10.1221410385775,45065,0,0,1,0
2004,Never treated,2.77258872223978,9.22038970782918,10.1531561827897,45065,0,0,1,0
2005,Never treated,2.30258509299405,9.21193909333988,10.1632715679453,45065,0,0,1,0
2006,Never treated,2.70805020110221,9.21969646690021,10.202332092194,45065,0,0,1,0
2007,Never treated,2.99573227355399,9.2179116374725,10.205479252168,45065,0,0,1,0
2001,Never treated,5.82894561761021,10.4720064470806,10.055865232957,45067,0,0,1,0
2002,Never treated,5.74620319054015,10.4658709357157,10.0910453761253,45067,0,0,1,0
2003,Never treated,5.69035945432406,10.4649302420986,10.1144775476778,45067,0,0,1,0
2004,Never treated,5.605802066296,10.464302621047,10.1322552586006,45067,0,0,1,0
2005,Never treated,5.61312810638807,10.4472642764418,10.1606073194053,45067,0,0,1,0
2006,Never treated,5.64544689764324,10.4354384579171,10.181460140129,45067,0,0,1,0
2007,Never treated,5.63835466933375,10.4359376723988,10.2148617372447,45067,0,0,1,0
2001,Never treated,4.95582705760126,10.2621405388585,10.166313248989,45069,0,0,1,0
2002,Never treated,4.85981240436167,10.261826111899,10.2042585895296,45069,0,0,1,0
2003,Never treated,4.78749174278205,10.253158022322,10.213579145501,45069,0,0,1,0
2004,Never treated,4.77068462446567,10.2516059937917,10.2583959370271,45069,0,0,1,0
2005,Never treated,4.86753445045558,10.2257884193835,10.305245798713,45069,0,0,1,0
2006,Never treated,4.85981240436167,10.2730836575634,10.3458308887307,45069,0,0,1,0
2007,Never treated,4.96284463025991,10.2719774245194,10.3810562444007,45069,0,0,1,0
2001,Never treated,6.12029741895095,10.5020218101517,10.1274307840209,45071,0,0,1,0
2002,Never treated,5.93489419561959,10.5125191592185,10.1485882712024,45071,0,0,1,0
2003,Never treated,5.83188247728352,10.5177538502426,10.1714514941218,45071,0,0,1,0
2004,Never treated,5.73334127689775,10.5212644260713,10.2064768690551,45071,0,0,1,0
2005,Never treated,5.82600010738045,10.5182136265831,10.2254623501453,45071,0,0,1,0
2006,Never treated,5.75574221358691,10.5266949848914,10.2621056074114,45071,0,0,1,0
2007,Never treated,5.89989735358249,10.5480745424807,10.28233486274,45071,0,0,1,0
2001,Never treated,6.78558764500793,11.113044735156,10.3126790423851,45073,0,0,1,0
2002,Never treated,6.59304453414244,11.1266304311976,10.3271526972882,45073,0,0,1,0
2003,Never treated,6.56526497003536,11.134647416706,10.3529057481728,45073,0,0,1,0
2004,Never treated,6.43294009273918,11.14145590412,10.4021393753704,45073,0,0,1,0
2005,Never treated,6.39692965521615,11.1462290447904,10.4126818464068,45073,0,0,1,0
2006,Never treated,6.41836493593621,11.154491832588,10.483242045741,45073,0,0,1,0
2007,Never treated,6.44413125670044,11.1660169594471,10.4938542197016,45073,0,0,1,0
2001,Never treated,7.20934025660291,11.4220046378474,10.1533119824317,45075,0,0,1,0
2002,Never treated,7.14755927118945,11.4219498772334,10.1815737313145,45075,0,0,1,0
2003,Never treated,7.0057890192535,11.4187136817075,10.2209225831373,45075,0,0,1,0
2004,Never treated,6.87935580446044,11.4307930754316,10.2768426067261,45075,0,0,1,0
2005,Never treated,6.95939851213398,11.4161061469895,10.2897018810522,45075,0,0,1,0
2006,Never treated,6.98007594056176,11.4045158611195,10.3228884383828,45075,0,0,1,0
2007,Never treated,7.04053639021596,11.414375041241,10.3317573132976,45075,0,0,1,0
2001,Never treated,7.22766249872865,11.6218785197248,10.156888691011,45077,0,0,1,0
2002,Never treated,7.07157336421153,11.6213044205513,10.1972013972196,45077,0,0,1,0
2003,Never treated,7.19967834569117,11.6253340842892,10.2233584608028,45077,0,0,1,0
2004,Never treated,7.11476944836646,11.6334070784103,10.2468644683309,45077,0,0,1,0
2005,Never treated,7.19067603433221,11.6415737043851,10.2861274700023,45077,0,0,1,0
2006,Never treated,7.26961674960817,11.6480156420587,10.3166562450293,45077,0,0,1,0
2007,Never treated,7.34018683532012,11.6623191338551,10.3499346423659,45077,0,0,1,0
2001,Never treated,8.6383483129727,12.6878813202257,10.3284611270323,45079,0,0,1,0
2002,Never treated,8.48280876455441,12.7002047038544,10.3618297002451,45079,0,0,1,0
2003,Never treated,8.42463920980563,12.71077053301,10.3933244458636,45079,0,0,1,0
2004,Never treated,8.39434736141739,12.7236663143219,10.4300191886237,45079,0,0,1,0
2005,Never treated,8.38845031552351,12.7517836368662,10.4552727613564,45079,0,0,1,0
2006,Never treated,8.42178300661158,12.7681055099812,10.5202934998394,45079,0,0,1,0
2007,Never treated,8.4707303170059,12.7943008795929,10.551558912205,45079,0,0,1,0
2001,Never treated,5.30330490805908,9.86146692327352,10.0128351093714,45081,0,0,1,0
2002,Never treated,5.16478597392351,9.85807168900565,9.98902284064239,45081,0,0,1,0
2003,Never treated,5.04985600724954,9.85461238475399,10.0287536313685,45081,0,0,1,0
2004,Never treated,5.10594547390058,9.84240970302754,10.118235963062,45081,0,0,1,0
2005,Never treated,5.15329159449778,9.83772161176051,10.1483534559227,45081,0,0,1,0
2006,Never treated,5.16478597392351,9.83681341926814,10.1455706136697,45081,0,0,1,0
2007,Never treated,5.11198778835654,9.84998128501299,10.1882152651615,45081,0,0,1,0
2001,Never treated,8.28853445941392,12.456516139102,10.368981026304,45083,0,0,1,0
2002,Never treated,8.09223940672421,12.4659260681632,10.4058071020082,45083,0,0,1,0
2003,Never treated,8.1056094022999,12.4753323127409,10.4176276772699,45083,0,0,1,0
2004,Never treated,8.10198073185319,12.4841058166943,10.4626460930928,45083,0,0,1,0
2005,Never treated,8.12888014212564,12.4900064520017,10.4780201017598,45083,0,0,1,0
2006,Never treated,8.16394095475501,12.5044943412223,10.5207521102578,45083,0,0,1,0
2007,Never treated,8.22951111896446,12.5307795122538,10.5444726403599,45083,0,0,1,0
2001,Never treated,7.24494154633701,11.5565595019903,10.104385494903,45085,0,0,1,0
2002,Never treated,7.05358572719368,11.5638181791362,10.1259108445259,45085,0,0,1,0
2003,Never treated,6.97260625130175,11.5688614653005,10.1619596369036,45085,0,0,1,0
2004,Never treated,6.92853781816467,11.5683507110756,10.1950371365144,45085,0,0,1,0
2005,Never treated,6.92264389147589,11.5602764988502,10.2208133750776,45085,0,0,1,0
2006,Never treated,6.99301512293296,11.5531168607049,10.2851379958783,45085,0,0,1,0
2007,Never treated,7.05185562295589,11.5542881133109,10.3178132890765,45085,0,0,1,0
2001,Never treated,5.4510384535657,10.2952593335123,10.1037718097043,45087,0,0,1,0
2002,Never treated,5.29330482472449,10.2869456053812,10.1276306041834,45087,0,0,1,0
2003,Never treated,5.2257466737132,10.2816499781163,10.1533119824317,45087,0,0,1,0
2004,Never treated,5.01727983681492,10.2625945366661,10.1804372384089,45087,0,0,1,0
2005,Never treated,5.09375020080676,10.2494503254952,10.2142023240985,45087,0,0,1,0
2006,Never treated,5.32787616878958,10.2422428951719,10.2579049501336,45087,0,0,1,0
2007,Never treated,5.40717177146012,10.2294042752178,10.2932297001791,45087,0,0,1,0
2001,Never treated,5.66988092298052,10.5143666344091,10.0862256892153,45089,0,0,1,0
2002,Never treated,5.52942908751142,10.5036418662469,10.1212566875129,45089,0,0,1,0
2003,Never treated,5.39362754635236,10.4875171685605,10.1464729460639,45089,0,0,1,0
2004,Never treated,5.46806014113513,10.4867361582282,10.1825576481393,45089,0,0,1,0
2005,Never treated,5.32300997913841,10.4576025244005,10.213579145501,45089,0,0,1,0
2006,Never treated,5.36597601502185,10.4727141511766,10.2393524619143,45089,0,0,1,0
2007,Never treated,5.25227342804663,10.4707880232301,10.2733945652436,45089,0,0,1,0
2001,Never treated,7.87092959675514,12.041380768656,10.3151335197194,45091,0,0,1,0
2002,Never treated,7.72001794043224,12.0667071245697,10.3277417025409,45091,0,0,1,0
2003,Never treated,7.80261806344267,12.0914695485054,10.3305510601968,45091,0,0,1,0
2004,Never treated,7.73455884435476,12.120710816379,10.3850800210318,45091,0,0,1,0
2005,Never treated,7.81843027207066,12.1516059000163,10.4243031103315,45091,0,0,1,0
2006,Never treated,7.84031298332016,12.1970773085252,10.4505390247062,45091,0,0,1,0
2007,Never treated,7.85631957140659,12.257829832303,10.4646735356411,45091,0,0,1,0
2001,Never treated,7.49831587076698,11.7472621389083,10.268130666124,45041,0,0,1,0
2002,Never treated,7.40062057737113,11.7538932171969,10.2942788584105,45041,0,0,1,0
2003,Never treated,7.36073990305828,11.7639876392155,10.3118817001502,45041,0,0,1,0
2004,Never treated,7.30249642372733,11.7728637121129,10.3503185072502,45041,0,0,1,0
2005,Never treated,7.27517231945277,11.7747049430989,10.3550725962578,45041,0,0,1,0
2006,Never treated,7.27724772663148,11.7810500300815,10.3916073387665,45041,0,0,1,0
2007,Never treated,7.32184971378836,11.7926459277513,10.4063515666314,45041,0,0,1,0
2001,Never treated,4.35670882668959,9.63586951112009,10.3046433890562,45017,0,0,1,0
2002,Never treated,4.30406509320417,9.6306940925781,10.3166231669485,45017,0,0,1,0
2003,Never treated,4.21950770517611,9.63750173816611,10.3147359054,45017,0,0,1,0
2004,Never treated,4.12713438504509,9.63220362589398,10.3978483722709,45017,0,0,1,0
2005,Never treated,4.14313472639153,9.60804208946651,10.3910240783242,45017,0,0,1,0
2006,Never treated,4.17438726989564,9.60116550334483,10.4566827726686,45017,0,0,1,0
2007,Never treated,4.23410650459726,9.60089486734859,10.5022141574766,45017,0,0,1,0
2001,Never treated,3.91202300542815,8.00235954625271,9.89520333294843,46003,0,1,0,0
2002,Never treated,4.00733318523247,7.97796809312855,9.88067941321012,46003,0,1,0,0
2003,Never treated,3.78418963391826,7.97933889526233,9.88359092082167,46003,0,1,0,0
2004,Never treated,3.80666248977032,7.98412195870293,9.89917828094803,46003,0,1,0,0
2005,Never treated,3.66356164612965,7.95997452808054,9.9517061248066,46003,0,1,0,0
2006,Never treated,3.43398720448515,7.96171881598136,10.0154313507581,46003,0,1,0,0
2007,Never treated,3.52636052461616,7.96032362914884,10.0824702080646,46003,0,1,0,0
2001,Never treated,4.77068462446567,8.88239170629585,9.91066175628413,46009,0,1,0,0
2002,Never treated,4.72738781871234,8.87458787627932,9.95070505214524,46009,0,1,0,0
2003,Never treated,4.74493212836325,8.87234697898303,9.9845143911785,46009,0,1,0,0
2004,Never treated,4.52178857704904,8.87052254510387,10.0330234738852,46009,0,1,0,0
2005,Never treated,4.36944785246702,8.84850930088808,10.0742424729586,46009,0,1,0,0
2006,Never treated,4.53259949315326,8.87332798950246,10.0828046003098,46009,0,1,0,0
2007,Never treated,4.55387689160054,8.85552084853691,10.0803777193329,46009,0,1,0,0
2001,Never treated,6.63725803128446,10.2454091998255,10.1221008577638,46011,0,1,0,0
2002,Never treated,6.48004456192665,10.2489195305288,10.144628180552,46011,0,1,0,0
2003,Never treated,6.4707995037826,10.2495210768749,10.1772101432185,46011,0,1,0,0
2004,Never treated,6.30809844150953,10.2415656419424,10.2185172465061,46011,0,1,0,0
2005,Never treated,6.361302477573,10.2580803302705,10.2495210768749,46011,0,1,0,0
2006,Never treated,6.28785856016178,10.2759128065661,10.3030016551509,46011,0,1,0,0
2007,Never treated,6.39359075395063,10.2927216475339,10.3829772959923,46011,0,1,0,0
2001,Never treated,6.96413561241824,10.4655574694891,10.1129377767183,46013,0,1,0,0
2002,Never treated,6.77308037565554,10.4600988314513,10.1469042086899,46013,0,1,0,0
2003,Never treated,6.74993119378857,10.457085268146,10.1849000119743,46013,0,1,0,0
2004,Never treated,6.68586094706836,10.4554455226583,10.2145320850248,46013,0,1,0,0
2005,Never treated,6.70196036600254,10.4603567148034,10.2436671939457,46013,0,1,0,0
2006,Never treated,6.78219205600679,10.4591240048358,10.2861956735217,46013,0,1,0,0
2007,Never treated,6.78671695060508,10.465300924015,10.320584744874,46013,0,1,0,0
2001,Never treated,4.69134788222914,8.56464913257253,9.80399865403539,46015,0,1,0,0
2002,Never treated,4.69134788222914,8.55333223803211,9.8487673403359,46015,0,1,0,0
2003,Never treated,4.70953020131233,8.55641390456952,9.89014898809695,46015,0,1,0,0
2004,Never treated,4.75359019110636,8.55352512066363,9.94318891938768,46015,0,1,0,0
2005,Never treated,4.59511985013459,8.54071438645758,9.95356260516843,46015,0,1,0,0
2006,Never treated,4.47733681447821,8.53719187792293,9.95967883218587,46015,0,1,0,0
2007,Never treated,4.74493212836325,8.54966038155374,10.0091080343998,46015,0,1,0,0
2001,Never treated,4.83628190695148,9.11844435727165,9.89545538083886,46019,0,1,0,0
2002,Never treated,4.94875989037817,9.10908253990196,9.94395748508984,46019,0,1,0,0
2003,Never treated,4.9416424226093,9.12543586488574,9.94136120496421,46019,0,1,0,0
2004,Never treated,4.969813299576,9.13097243659261,9.97109947094615,46019,0,1,0,0
2005,Never treated,5.15329159449778,9.12576239550089,10.0125213135603,46019,0,1,0,0
2006,Never treated,5.0998664278242,9.12771934328785,10.0569808734932,46019,0,1,0,0
2007,Never treated,5.15905529921453,9.15693959524907,10.1126944381115,46019,0,1,0,0
2001,Never treated,2.56494935746154,7.47079377419506,9.72531736686465,46021,0,1,0,0
2002,Never treated,3.13549421592915,7.44716835960004,9.73654709778048,46021,0,1,0,0
2003,Never treated,3.04452243772342,7.41637847919293,9.74957851017885,46021,0,1,0,0
2004,Never treated,2.99573227355399,7.3790081276283,9.80316985602126,46021,0,1,0,0
2005,Never treated,2.70805020110221,7.32778053842163,9.84294105266809,46021,0,1,0,0
2006,Never treated,2.70805020110221,7.2902928824466,9.9020865716205,46021,0,1,0,0
2007,Never treated,2.56494935746154,7.23705902612474,9.93435617619859,46021,0,1,0,0
2001,Never treated,5.35185813347607,9.13032266399015,9.87570517152368,46023,0,1,0,0
2002,Never treated,5.41164605185504,9.12837080910893,9.9089724827667,46023,0,1,0,0
2003,Never treated,5.30826769740121,9.12380161055894,9.93716407889551,46023,0,1,0,0
2004,Never treated,5.33271879326537,9.11426990322545,9.95712310170204,46023,0,1,0,0
2005,Never treated,5.23110861685459,9.11305824916963,9.98883921963563,46023,0,1,0,0
2006,Never treated,5.2257466737132,9.1075321519945,10.0228693095562,46023,0,1,0,0
2007,Never treated,5.15329159449778,9.10052550596898,10.0921224713867,46023,0,1,0,0
2001,Never treated,4.20469261939097,8.32989929299572,9.81640344562901,46025,0,1,0,0
2002,Never treated,3.80666248977032,8.29329935871132,9.89343721668263,46025,0,1,0,0
2003,Never treated,3.04452243772342,8.28248300373056,9.89343721668263,46025,0,1,0,0
2004,Never treated,3.17805383034795,8.27026911143662,9.91615695563679,46025,0,1,0,0
2005,Never treated,3.13549421592915,8.20930841164694,9.94510922722695,46025,0,1,0,0
2006,Never treated,3.2188758248682,8.16763571524637,9.98442217003213,46025,0,1,0,0
2007,Never treated,3.36729582998647,8.1610895128458,10.0629242367926,46025,0,1,0,0
2001,Never treated,5.39816270151775,9.50829450569857,10.0789103676389,46027,0,1,0,0
2002,Never treated,5.44241771052179,9.48759324893742,10.0716679257751,46027,0,1,0,0
2003,Never treated,5.31320597904179,9.48782058194337,10.0986430673102,46027,0,1,0,0
2004,Never treated,5.19849703126583,9.4741651078974,10.117630721653,46027,0,1,0,0
2005,Never treated,5.06259503302697,9.49529372485671,10.1288685987905,46027,0,1,0,0
2006,Never treated,5.27811465923052,9.49642116306099,10.1559568692322,46027,0,1,0,0
2007,Never treated,5.16478597392351,9.50732900374826,10.2349831404441,46027,0,1,0,0
2001,Never treated,6.90875477931522,10.1609552328943,10.0769785679453,46029,0,1,0,0
2002,Never treated,6.73578001424233,10.1599111290851,10.1031577476647,46029,0,1,0,0
2003,Never treated,6.61606518513282,10.162654403027,10.1349563525963,46029,0,1,0,0
2004,Never treated,6.56244409369372,10.1641580757411,10.1780843854393,46029,0,1,0,0
2005,Never treated,6.62406522779989,10.1613802961772,10.1997700352071,46029,0,1,0,0
2006,Never treated,6.59304453414244,10.171145473157,10.2412446776202,46029,0,1,0,0
2007,Never treated,6.57228254269401,10.1776663649502,10.2905510514637,46029,0,1,0,0
2001,Never treated,6.21260609575152,9.72907463981021,10.0818429210602,46005,0,1,0,0
2002,Never treated,6.02586597382531,9.71492657095216,10.1137484780193,46005,0,1,0,0
2003,Never treated,5.96614673912369,9.69572510326022,10.140257836765,46005,0,1,0,0
2004,Never treated,5.95583736946483,9.68084387626357,10.1657364257309,46005,0,1,0,0
2005,Never treated,5.90808293816893,9.66478610230597,10.2191373563219,46005,0,1,0,0
2006,Never treated,5.95064255258773,9.64549372378617,10.2431689200983,46005,0,1,0,0
2007,Never treated,5.95324333428778,9.66523036341187,10.2707660792591,46005,0,1,0,0
2001,Never treated,4.21950770517611,8.9036793329266,9.96326475657199,46033,0,1,0,0
2002,Never treated,4.21950770517611,8.92877290052426,9.98810439825601,46033,0,1,0,0
2003,Never treated,4.23410650459726,8.94441979130591,10.0350858278929,46033,0,1,0,0
2004,Never treated,4.18965474202643,8.96699411334445,10.0694256300796,46033,0,1,0,0
2005,Never treated,4.4188406077966,8.95260537589235,10.0935292323452,46033,0,1,0,0
2006,Never treated,4.47733681447821,8.9680140012452,10.1327324527083,46033,0,1,0,0
2007,Never treated,4.39444915467244,8.97271749939714,10.1760306061451,46033,0,1,0,0
2001,Never treated,6.54678541076052,9.83804195346106,10.075800860133,46035,0,1,0,0
2002,Never treated,6.46146817635372,9.83857562835898,10.1164999566509,46035,0,1,0,0
2003,Never treated,6.36818718635049,9.84113331078915,10.144392433429,46035,0,1,0,0
2004,Never treated,6.3261494731551,9.84649383101601,10.1743158954157,46035,0,1,0,0
2005,Never treated,6.3456363608286,9.84596436629246,10.1821414937779,46035,0,1,0,0
2006,Never treated,6.30444880242198,9.85424478595768,10.2255348191648,46035,0,1,0,0
2007,Never treated,6.24610676548156,9.85045590598432,10.2652445608817,46035,0,1,0,0
2001,Never treated,5.11799381241676,8.71833650245078,9.80884714838201,46037,0,1,0,0
2002,Never treated,5.2040066870768,8.70946507906336,9.85833327052902,46037,0,1,0,0
2003,Never treated,5.17614973257383,8.68270762989381,9.8599535505124,46037,0,1,0,0
2004,Never treated,4.98360662170834,8.67197224520379,9.93711573351611,46037,0,1,0,0
2005,Never treated,4.97673374242057,8.66733584984596,9.9632176567439,46037,0,1,0,0
2006,Never treated,4.97673374242057,8.65347080970879,9.98718511155769,46037,0,1,0,0
2007,Never treated,4.92725368515721,8.63887970967284,10.0192240510187,46037,0,1,0,0
2001,Never treated,4.27666611901606,8.40782465436087,10.0175302685768,46039,0,1,0,0
2002,Never treated,4.27666611901606,8.39908510293591,10.0527261880024,46039,0,1,0,0
2003,Never treated,4.17438726989564,8.37724123098879,10.0977788519433,46039,0,1,0,0
2004,Never treated,4.27666611901606,8.36287583103188,10.1206935111836,46039,0,1,0,0
2005,Never treated,4.14313472639153,8.36287583103188,10.1745446934643,46039,0,1,0,0
2006,Never treated,4.17438726989564,8.36030543587909,10.2549187721518,46039,0,1,0,0
2007,Never treated,4.17438726989564,8.34331588140495,10.3256131015374,46039,0,1,0,0
2001,Never treated,3.97029191355212,8.70748291785937,10.073820870018,46041,0,1,0,0
2002,Never treated,3.95124371858143,8.70764824810691,10.0853923558337,46041,0,1,0,0
2003,Never treated,4.12713438504509,8.72388210465849,10.1118828815014,46041,0,1,0,0
2004,Never treated,3.91202300542815,8.7216023446742,10.1500350816294,46041,0,1,0,0
2005,Never treated,4.27666611901606,8.71653573254449,10.2101998952697,46041,0,1,0,0
2006,Never treated,4.27666611901606,8.70566247879643,10.2639204266022,46041,0,1,0,0
2007,Never treated,4.04305126783455,8.69751274553952,10.293906702439,46041,0,1,0,0
2001,Never treated,4.14313472639153,8.14118979345769,9.79623636178915,46043,0,1,0,0
2002,Never treated,4.0943445622221,8.11552088154677,9.81950793874085,46043,0,1,0,0
2003,Never treated,4.00733318523247,8.10500553754725,9.84325972698564,46043,0,1,0,0
2004,Never treated,4.26267987704132,8.10681603894705,9.91219949313815,46043,0,1,0,0
2005,Never treated,4.26267987704132,8.07651532755233,9.96208659483906,46043,0,1,0,0
2006,Never treated,4.12713438504509,8.03268487596762,10.0361810942616,46043,0,1,0,0
2007,Never treated,4.23410650459726,8.02059914989697,10.0781548903932,46043,0,1,0,0
2001,Never treated,3.95124371858143,8.36799688505411,9.89847501071258,46045,0,1,0,0
2002,Never treated,3.95124371858143,8.35749381265856,9.90832582917638,46045,0,1,0,0
2003,Never treated,3.55534806148941,8.34379173199684,9.96650929895228,46045,0,1,0,0
2004,Never treated,3.80666248977032,8.31776616671934,10.0113549234051,46045,0,1,0,0
2005,Never treated,3.78418963391826,8.31409733540581,10.0298117858696,46045,0,1,0,0
2006,Never treated,3.89182029811063,8.29504914043511,10.040157763911,46045,0,1,0,0
2007,Never treated,3.87120101090789,8.28121766128665,10.0856841015169,46045,0,1,0,0
2001,Never treated,4.71849887129509,8.9089649723924,10.0106364680532,46047,0,1,0,0
2002,Never treated,4.7361984483945,8.89932143415996,10.0222922883014,46047,0,1,0,0
2003,Never treated,4.60517018598809,8.89822898560123,10.0766001702448,46047,0,1,0,0
2004,Never treated,4.69134788222914,8.9005490139363,10.0930329544194,46047,0,1,0,0
2005,Never treated,4.53259949315326,8.89219909203969,10.1263910750457,46047,0,1,0,0
2006,Never treated,4.8283137373023,8.88613261817495,10.1937662508352,46047,0,1,0,0
2007,Never treated,4.83628190695148,8.88336291691676,10.2454447193879,46047,0,1,0,0
2001,Never treated,3.36729582998647,7.84971375760487,9.82059495444656,46049,0,1,0,0
2002,Never treated,3.25809653802148,7.82763954636642,9.85466488783856,46049,0,1,0,0
2003,Never treated,3.17805383034795,7.81802793853073,9.8753966723696,46049,0,1,0,0
2004,Never treated,3.40119738166216,7.7944112057266,9.9475044379529,46049,0,1,0,0
2005,Never treated,3.66356164612965,7.75233516330229,9.90802723257816,46049,0,1,0,0
2006,Never treated,3.80666248977032,7.73455884435476,9.96749468251042,46049,0,1,0,0
2007,Never treated,3.46573590279973,7.73149202924568,10.0316608662591,46049,0,1,0,0
2001,Never treated,5.6021188208797,8.9497545251861,10.0484100692557,46051,0,1,0,0
2002,Never treated,5.5834963087817,8.94233019932187,10.0974082451734,46051,0,1,0,0
2003,Never treated,5.60947179518496,8.94363670590959,10.134718314033,46051,0,1,0,0
2004,Never treated,5.42934562895444,8.92492240117747,10.2210681753338,46051,0,1,0,0
2005,Never treated,5.44241771052179,8.89562962713648,10.2643387637183,46051,0,1,0,0
2006,Never treated,5.48063892334199,8.88308552440458,10.2797298019674,46051,0,1,0,0
2007,Never treated,5.48063892334199,8.87542691981896,10.3033034002456,46051,0,1,0,0
2001,Never treated,4.38202663467388,8.44009614103127,9.82374063444587,46053,0,1,0,0
2002,Never treated,4.45434729625351,8.41582469702795,9.82374063444587,46053,0,1,0,0
2003,Never treated,4.55387689160054,8.4013333053217,9.8696722040414,46053,0,1,0,0
2004,Never treated,4.43081679884331,8.38114434695296,9.89050362497783,46053,0,1,0,0
2005,Never treated,4.36944785246702,8.34830105493394,9.92583595619989,46053,0,1,0,0
2006,Never treated,4.15888308335967,8.33038156934942,9.97673801427572,46053,0,1,0,0
2007,Never treated,4.12713438504509,8.30696586536857,10.0367939198444,46053,0,1,0,0
2001,Never treated,3.8286413964891,7.66199755890189,9.90518610917171,46055,0,1,0,0
2002,Never treated,3.80666248977032,7.63675211243578,9.91353688838913,46055,0,1,0,0
2003,Never treated,3.8286413964891,7.61874237767041,9.95859107876215,46055,0,1,0,0
2004,Never treated,3.66356164612965,7.58781721999343,10.0059990134892,46055,0,1,0,0
2005,Never treated,3.2188758248682,7.5595594960077,10.0370126951411,46055,0,1,0,0
2006,Never treated,3.36729582998647,7.53262361878879,10.0768104088664,46055,0,1,0,0
2007,Never treated,3.29583686600433,7.50273821075485,10.127670563425,46055,0,1,0,0
2001,Never treated,4.34380542185368,8.62191350218664,9.89368971005602,46057,0,1,0,0
2002,Never treated,4.29045944114839,8.62962862074603,9.98488319074012,46057,0,1,0,0
2003,Never treated,4.11087386417331,8.62712325078843,10.0004781378498,46057,0,1,0,0
2004,Never treated,4.20469261939097,8.63355299253243,10.059507911994,46057,0,1,0,0
2005,Never treated,4.36944785246702,8.62425226370964,10.1082634464922,46057,0,1,0,0
2006,Never treated,4.34380542185368,8.61703852638595,10.1343214571343,46057,0,1,0,0
2007,Never treated,4.49980967033027,8.63248423575097,10.1873874816924,46057,0,1,0,0
2001,Never treated,4.30406509320417,8.20357773693795,9.83702718583586,46059,0,1,0,0
2002,Never treated,4.35670882668959,8.18311807939475,9.87369822372538,46059,0,1,0,0
2003,Never treated,4.07753744390572,8.16678428905615,9.93580952399825,46059,0,1,0,0
2004,Never treated,4.24849524204936,8.12888014212564,9.99264246384702,46059,0,1,0,0
2005,Never treated,4.15888308335967,8.10379671298179,10.0157442348818,46059,0,1,0,0
2006,Never treated,4.15888308335967,8.09651291750159,10.0464183817252,46059,0,1,0,0
2007,Never treated,4.06044301054642,8.09040229659332,10.0729771305147,46059,0,1,0,0
2001,Never treated,3.09104245335832,8.10137467122858,9.98252975987608,46061,0,1,0,0
2002,Never treated,2.77258872223978,8.12355783506165,10.0018838743923,46061,0,1,0,0
2003,Never treated,2.56494935746154,8.16280135349207,9.98966524877718,46061,0,1,0,0
2004,Never treated,2.83321334405622,8.21689858091361,10.0439014562513,46061,0,1,0,0
2005,Never treated,2.89037175789616,8.20412493257404,10.020514747061,46061,0,1,0,0
2006,Never treated,3.17805383034795,8.18060094759445,10.0779869290239,46061,0,1,0,0
2007,Never treated,3.46573590279973,8.18423477409482,10.1302644950828,46061,0,1,0,0
2001,Never treated,2.56494935746154,7.18690102041163,9.77406200509567,46063,0,1,0,0
2002,Never treated,2.19722457733622,7.16626597413364,9.82763190023259,46063,0,1,0,0
2003,Never treated,2.39789527279837,7.16626597413364,9.92676452944062,46063,0,1,0,0
2004,Never treated,2.56494935746154,7.12205988162914,9.99797921562885,46063,0,1,0,0
2005,Never treated,1.94591014905531,7.07580886397839,10.0986019311288,46063,0,1,0,0
2006,Never treated,1.6094379124341,7.08422642209792,10.1503866922047,46063,0,1,0,0
2007,Never treated,1.6094379124341,7.06133436691044,10.2416369533594,46063,0,1,0,0
2001,Never treated,6.36475075685191,9.7060117479705,10.1654286505582,46065,0,1,0,0
2002,Never treated,6.23441072571837,9.71824172422493,10.2120011345678,46065,0,1,0,0
2003,Never treated,6.13339804299665,9.72256501665588,10.2286821492477,46065,0,1,0,0
2004,Never treated,6.12686918411419,9.72859830755947,10.2715622714257,46065,0,1,0,0
2005,Never treated,6.16751649088834,9.72549660510262,10.2998446416136,46065,0,1,0,0
2006,Never treated,6.13556489108174,9.72633262569353,10.3452845898917,46065,0,1,0,0
2007,Never treated,6.10479323241498,9.73743296820605,10.3854197526471,46065,0,1,0,0
2001,Never treated,5.15329159449778,8.98406692765304,9.84150576018025,46067,0,1,0,0
2002,Never treated,5.19295685089021,8.96610085736724,9.88129306702636,46067,0,1,0,0
2003,Never treated,5.01063529409626,8.9599540842681,9.91985290662239,46067,0,1,0,0
2004,Never treated,4.99721227376411,8.94180711836316,9.97473787406429,46067,0,1,0,0
2005,Never treated,4.93447393313069,8.92252495730139,10.018823151216,46067,0,1,0,0
2006,Never treated,4.9416424226093,8.90585118120802,10.0417701403361,46067,0,1,0,0
2007,Never treated,4.94875989037817,8.8942588250027,10.0822193404795,46067,0,1,0,0
2001,Never treated,3.09104245335832,7.39264752072162,9.90698144179038,46069,0,1,0,0
2002,Never treated,3.29583686600433,7.36518012602101,9.95830712230024,46069,0,1,0,0
2003,Never treated,3.29583686600433,7.37963215260955,10.0214483501697,46069,0,1,0,0
2004,Never treated,3.52636052461616,7.39079852173568,10.050052389618,46069,0,1,0,0
2005,Never treated,2.484906649788,7.36770857237437,10.1658133547255,46069,0,1,0,0
2006,Never treated,2.07944154167984,7.32974968904151,10.1634257996788,46069,0,1,0,0
2007,Never treated,2.56494935746154,7.26961674960817,10.1624614608512,46069,0,1,0,0
2001,Never treated,3.2188758248682,7.9536697786498,9.86915487345562,46071,0,1,0,0
2002,Never treated,3.04452243772342,7.95787735848981,9.88527266411522,46071,0,1,0,0
2003,Never treated,2.94443897916644,7.96102146588337,9.92783864339996,46071,0,1,0,0
2004,Never treated,3.13549421592915,7.96137020171951,9.93904772793468,46071,0,1,0,0
2005,Never treated,3.25809653802148,7.93701748951545,9.97687740976418,46071,0,1,0,0
2006,Never treated,2.56494935746154,7.92479591395644,10.0293269373753,46071,0,1,0,0
2007,Never treated,2.19722457733622,7.91790058632792,10.0670084798664,46071,0,1,0,0
2001,Never treated,4.24849524204936,7.72444664563354,9.84781626766566,46073,0,1,0,0
2002,Never treated,4.18965474202643,7.70975686445416,9.90173601949732,46073,0,1,0,0
2003,Never treated,4.15888308335967,7.68156036255954,9.94965523338113,46073,0,1,0,0
2004,Never treated,4.12713438504509,7.66246781520024,9.97557562893038,46073,0,1,0,0
2005,Never treated,4.02535169073515,7.63964228785801,10.0414217386254,46073,0,1,0,0
2006,Never treated,4.34380542185368,7.62021477057445,10.0855174001204,46073,0,1,0,0
2007,Never treated,4.30406509320417,7.58018941794454,10.1523378361937,46073,0,1,0,0
2001,Never treated,3.46573590279973,7.02731451403978,9.82897950036107,46075,0,1,0,0
2002,Never treated,3.66356164612965,7.0184017990692,9.82287384854188,46075,0,1,0,0
2003,Never treated,3.49650756146648,6.98471632011827,9.79951496215315,46075,0,1,0,0
2004,Never treated,3.49650756146648,6.98564181763921,9.93090814811212,46075,0,1,0,0
2005,Never treated,3.25809653802148,6.96413561241824,9.90508627389982,46075,0,1,0,0
2006,Never treated,2.94443897916644,6.97354301952014,9.92720407915344,46075,0,1,0,0
2007,Never treated,3.17805383034795,6.94697599213542,9.96730706524908,46075,0,1,0,0
2001,Never treated,4.71849887129509,8.64505856241413,9.92176941621414,46077,0,1,0,0
2002,Never treated,4.68213122712422,8.63373100766419,9.93251223157674,46077,0,1,0,0
2003,Never treated,4.59511985013459,8.62443194208584,9.97002407633637,46077,0,1,0,0
2004,Never treated,4.59511985013459,8.61013693705898,10.0349981547383,46077,0,1,0,0
2005,Never treated,4.48863636973214,8.59969441292798,10.0688748642894,46077,0,1,0,0
2006,Never treated,4.70953020131233,8.58932778917544,10.1237469486705,46077,0,1,0,0
2007,Never treated,4.54329478227,8.579980179515,10.1734383509576,46077,0,1,0,0
2001,Never treated,5.65948221575962,9.32750099174976,10.0240666754945,46079,0,1,0,0
2002,Never treated,5.64544689764324,9.31352852977235,10.0512176645605,46079,0,1,0,0
2003,Never treated,5.45958551414416,9.30773927796332,10.1076929028301,46079,0,1,0,0
2004,Never treated,5.31320597904179,9.30191631546339,10.1258708149039,46079,0,1,0,0
2005,Never treated,5.4249500174814,9.30746708270691,10.1690007002168,46079,0,1,0,0
2006,Never treated,5.30330490805908,9.31632069551342,10.198467927469,46079,0,1,0,0
2007,Never treated,5.32300997913841,9.34958043906769,10.2288627296335,46079,0,1,0,0
2001,Never treated,6.43615036836943,9.983960936686,9.9869091606752,46081,0,1,0,0
2002,Never treated,6.41836493593621,9.98303783129414,9.99879773234045,46081,0,1,0,0
2003,Never treated,6.40522845803084,9.99834308354881,10.0268549664864,46081,0,1,0,0
2004,Never treated,6.30444880242198,10.0128799293073,10.075800860133,46081,0,1,0,0
2005,Never treated,6.18001665365257,10.0310008728351,10.1111519170019,46081,0,1,0,0
2006,Never treated,6.12029741895095,10.0419878297812,10.1409284085512,46081,0,1,0,0
2007,Never treated,6.18414889093748,10.055865232957,10.1897561264694,46081,0,1,0,0
2001,Never treated,5.92157841964382,10.1725982394025,10.0983139304686,46083,0,1,0,0
2002,Never treated,5.85507192220243,10.2310992214394,10.135075350633,46083,0,1,0,0
2003,Never treated,5.89440283426485,10.2835322832974,10.1975368113661,46083,0,1,0,0
2004,Never treated,5.8805329864007,10.3585044394735,10.2678528497589,46083,0,1,0,0
2005,Never treated,5.95583736946483,10.425609136044,10.3221978873943,46083,0,1,0,0
2006,Never treated,6.12905021006055,10.4828779561709,10.3589484469655,46083,0,1,0,0
2007,Never treated,6.49526555593701,10.5387407546772,10.449004416092,46083,0,1,0,0
2001,Never treated,4.84418708645859,8.27715777243181,9.81301564937205,46085,0,1,0,0
2002,Never treated,4.06044301054642,8.27588566947436,9.82660650820017,46085,0,1,0,0
2003,Never treated,4.72738781871234,8.28576542051433,9.85429730834536,46085,0,1,0,0
2004,Never treated,4.61512051684126,8.279189777195,9.95022799841994,46085,0,1,0,0
2005,Never treated,4.68213122712422,8.25556865328375,9.9335801928433,46085,0,1,0,0
2006,Never treated,4.69134788222914,8.25816336153762,9.94860431133925,46085,0,1,0,0
2007,Never treated,4.65396035015752,8.26384813136891,9.99515474106195,46085,0,1,0,0
2001,Never treated,4.74493212836325,8.67522205564115,9.86068443021082,46087,0,1,0,0
2002,Never treated,4.59511985013459,8.67111527368849,9.88837391472608,46087,0,1,0,0
2003,Never treated,4.60517018598809,8.67453876214002,9.95778632594351,46087,0,1,0,0
2004,Never treated,4.7361984483945,8.68152048483791,9.9755291054011,46087,0,1,0,0
2005,Never treated,4.56434819146784,8.67060073804555,9.98515970118015,46087,0,1,0,0
2006,Never treated,4.59511985013459,8.65189889426853,10.0429016083188,46087,0,1,0,0
2007,Never treated,4.71849887129509,8.65259782842244,10.1003692606614,46087,0,1,0,0
2001,Never treated,3.68887945411394,7.95120715647297,9.69572510326022,46089,0,1,0,0
2002,Never treated,3.63758615972639,7.93164402145431,9.70607266229452,46089,0,1,0,0
2003,Never treated,3.46573590279973,7.92407232492342,9.73560130353843,46089,0,1,0,0
2004,Never treated,3.68887945411394,7.89319886954461,9.78075478715383,46089,0,1,0,0
2005,Never treated,3.55534806148941,7.86901937649902,9.80372246434655,46089,0,1,0,0
2006,Never treated,3.71357206670431,7.8336002236611,9.83311873486925,46089,0,1,0,0
2007,Never treated,3.66356164612965,7.81963630236759,9.92265272179714,46089,0,1,0,0
2001,Never treated,4.45434729625351,8.40178233990491,9.93012948348255,46091,0,1,0,0
2002,Never treated,4.20469261939097,8.3790798892866,9.97128637810056,46091,0,1,0,0
2003,Never treated,4.14313472639153,8.36100710822691,10.0055927754733,46091,0,1,0,0
2004,Never treated,4.31748811353631,8.3845756668014,10.0682813924619,46091,0,1,0,0
2005,Never treated,4.14313472639153,8.3841188371909,10.1241881221992,46091,0,1,0,0
2006,Never treated,4.20469261939097,8.3790798892866,10.1665823193526,46091,0,1,0,0
2007,Never treated,4.24849524204936,8.35302584520232,10.1759925333881,46091,0,1,0,0
2001,Never treated,5.65599181081985,10.0966666193309,10.1052848858307,46093,0,1,0,0
2002,Never treated,5.66642668811243,10.1071220334621,10.1447067505776,46093,0,1,0,0
2003,Never treated,5.58724865840025,10.1075298305479,10.1745446934643,46093,0,1,0,0
2004,Never treated,5.61677109766657,10.1128161148166,10.1800960385193,46093,0,1,0,0
2005,Never treated,5.61312810638807,10.1066324573436,10.2173124050891,46093,0,1,0,0
2006,Never treated,5.67675380226828,10.0975317960251,10.2778403189517,46093,0,1,0,0
2007,Never treated,5.56068163101553,10.0892199524522,10.3032698775088,46093,0,1,0,0
2001,Never treated,2.63905732961526,7.64730883235624,9.72591470276438,46095,0,1,0,0
2002,Never treated,2.70805020110221,7.6275443904885,9.78340813220559,46095,0,1,0,0
2003,Never treated,2.39789527279837,7.66105638236183,9.83697374847779,46095,0,1,0,0
2004,Never treated,2.70805020110221,7.63482067774554,9.8747279308647,46095,0,1,0,0
2005,Never treated,2.83321334405622,7.60688453121963,9.89762037425808,46095,0,1,0,0
2006,Never treated,2.94443897916644,7.60589000105312,9.88964214571408,46095,0,1,0,0
2007,Never treated,3.36729582998647,7.6251071482389,9.91294271130688,46095,0,1,0,0
2001,Never treated,3.40119738166216,7.95120715647297,9.87060272520035,46097,0,1,0,0
2002,Never treated,3.17805383034795,7.93951526066241,9.91714387898361,46097,0,1,0,0
2003,Never treated,3.36729582998647,7.8984110928116,9.92827772134335,46097,0,1,0,0
2004,Never treated,3.36729582998647,7.87625888230323,9.95261099449568,46097,0,1,0,0
2005,Never treated,3.29583686600433,7.83991936001258,9.98704714563506,46097,0,1,0,0
2006,Never treated,3.2188758248682,7.82843635915759,10.0298117858696,46097,0,1,0,0
2007,Never treated,3.29583686600433,7.79688034278352,10.0885137817372,46097,0,1,0,0
2001,Never treated,8.63692987301857,11.9253066021201,10.2820952064744,46099,0,1,0,0
2002,Never treated,8.58634605010455,11.9360864074807,10.3171522849872,46099,0,1,0,0
2003,Never treated,8.4906438561827,11.9509610170009,10.3546905523181,46099,0,1,0,0
2004,Never treated,8.4767877767812,11.965006947707,10.3915152676261,46099,0,1,0,0
2005,Never treated,8.45998771764546,12.0249763378119,10.42892588867,46099,0,1,0,0
2006,Never treated,8.46358142196759,12.053469101604,10.466867675037,46099,0,1,0,0
2007,Never treated,8.50187648730434,12.078949249201,10.5066826728964,46099,0,1,0,0
2001,Never treated,4.7361984483945,8.79800169492485,10.0664563808143,46101,0,1,0,0
2002,Never treated,4.72738781871234,8.78737298873188,10.0955531482795,46101,0,1,0,0
2003,Never treated,4.53259949315326,8.78247626892454,10.1521428930191,46101,0,1,0,0
2004,Never treated,4.49980967033027,8.79315687091382,10.1889672014327,46101,0,1,0,0
2005,Never treated,4.43081679884331,8.77940359789435,10.2272363310243,46101,0,1,0,0
2006,Never treated,4.48863636973214,8.77400360020093,10.3182427075514,46101,0,1,0,0
2007,Never treated,4.75359019110636,8.78140190768238,10.3138075233705,46101,0,1,0,0
2001,Never treated,7.83439230291044,11.4075093922136,10.1467474074352,46103,0,1,0,0
2002,Never treated,7.72929567431048,11.4172182063405,10.1824063393178,46103,0,1,0,0
2003,Never treated,7.69393732550927,11.4237991257511,10.208395405653,46103,0,1,0,0
2004,Never treated,7.62657020629066,11.4392358668244,10.2453736790014,46103,0,1,0,0
2005,Never treated,7.66949525100769,11.4470634016704,10.2732218506885,46103,0,1,0,0
2006,Never treated,7.65633716643018,11.4580679314855,10.3100853522402,46103,0,1,0,0
2007,Never treated,7.63867982387611,11.4774744376148,10.3510538366629,46103,0,1,0,0
2001,Never treated,4.34380542185368,8.09681747057232,9.80515781846292,46105,0,1,0,0
2002,Never treated,4.26267987704132,8.09376775793108,9.84649383101601,46105,0,1,0,0
2003,Never treated,4.04305126783455,8.07371464110986,9.84871452668884,46105,0,1,0,0
2004,Never treated,4.02535169073515,8.04076899436758,9.88700241627627,46105,0,1,0,0
2005,Never treated,4.20469261939097,7.99530662029082,9.94649914812937,46105,0,1,0,0
2006,Never treated,4.17438726989564,7.98922140881528,9.94831750445392,46105,0,1,0,0
2007,Never treated,4.07753744390572,7.98241634682773,9.97808469074291,46105,0,1,0,0
2001,Never treated,3.87120101090789,7.85631957140659,9.79773807235252,46107,0,1,0,0
2002,Never treated,3.66356164612965,7.8336002236611,9.83386948565526,46107,0,1,0,0
2003,Never treated,3.55534806148941,7.82324569068552,9.87801588656246,46107,0,1,0,0
2004,Never treated,3.58351893845611,7.80954132465341,9.94884325425692,46107,0,1,0,0
2005,Never treated,3.49650756146648,7.75018416225784,9.97766695071038,46107,0,1,0,0
2006,Never treated,3.76120011569356,7.72356247227797,9.99373950651315,46107,0,1,0,0
2007,Never treated,3.89182029811063,7.69256964806791,10.0100972875944,46107,0,1,0,0
2001,Never treated,5.2257466737132,9.21701802672942,9.83868232917001,46109,0,1,0,0
2002,Never treated,5.11198778835654,9.20069399492438,9.90448705286921,46109,0,1,0,0
2003,Never treated,5.14749447681345,9.21483027724904,9.9259826303635,46109,0,1,0,0
2004,Never treated,5.15905529921453,9.22187360778986,9.98400706959492,46109,0,1,0,0
2005,Never treated,5.24702407216049,9.2011987140589,10.0139997753336,46109,0,1,0,0
2006,Never treated,5.21493575760899,9.19948162864131,10.0828046003098,46109,0,1,0,0
2007,Never treated,5.12989871492307,9.20452348665462,10.104753525331,46109,0,1,0,0
2001,Never treated,1.38629436111989,8.34141021146186,9.90792768056215,46031,0,1,0,0
2002,Never treated,2.07944154167984,8.35772841676521,9.91822837085763,46031,0,1,0,0
2003,Never treated,2.56494935746154,8.3670677328386,9.95750214084237,46031,0,1,0,0
2004,Never treated,2.94443897916644,8.38228942895144,10.0235790327939,46031,0,1,0,0
2005,Never treated,2.63905732961526,8.35655484545343,10.0589516551602,46031,0,1,0,0
2006,Never treated,2.56494935746154,8.31556648356428,10.0997531050421,46031,0,1,0,0
2007,Never treated,2.56494935746154,8.33734856449717,10.1463160771667,46031,0,1,0,0
2001,Never treated,2.89037175789616,9.45414892373398,10.1194050587586,46113,0,1,0,0
2002,Never treated,2.89037175789616,9.47554674766278,10.1570051077053,46113,0,1,0,0
2003,Never treated,3.17805383034795,9.49273348249435,10.1903192635331,46113,0,1,0,0
2004,Never treated,2.56494935746154,9.49807244317801,10.2431689200983,46113,0,1,0,0
2005,Never treated,3.63758615972639,9.50039462857302,10.2640598917536,46113,0,1,0,0
2006,Never treated,3.13549421592915,9.52098184856287,10.3052123410286,46113,0,1,0,0
2007,Never treated,3.13549421592915,9.51826615090501,10.3458630146644,46113,0,1,0,0
2001,Never treated,4.91265488573605,8.8848872018374,9.95065735701252,46115,0,1,0,0
2002,Never treated,4.85981240436167,8.86799089818209,9.97222039021722,46115,0,1,0,0
2003,Never treated,4.81218435537242,8.85352256068954,9.98713912503174,46115,0,1,0,0
2004,Never treated,4.91265488573605,8.84735987547417,10.038542783529,46115,0,1,0,0
2005,Never treated,5.02388052084628,8.83083536553755,10.0324522838171,46115,0,1,0,0
2006,Never treated,5.08759633523238,8.82541291508557,10.0749166681637,46115,0,1,0,0
2007,Never treated,5.05624580534831,8.79936008317991,10.1056117366263,46115,0,1,0,0
2001,Never treated,4.12713438504509,7.92226105835325,9.95384791187508,46117,0,1,0,0
2002,Never treated,4.33073334028633,7.91571319938212,9.9940135792355,46117,0,1,0,0
2003,Never treated,4.34380542185368,7.9229859587112,10.018823151216,46117,0,1,0,0
2004,Never treated,4.29045944114839,7.95296679092313,10.0702300501996,46117,0,1,0,0
2005,Never treated,4.14313472639153,7.92371033396924,10.0912525999485,46117,0,1,0,0
2006,Never treated,4.12713438504509,7.91935619066062,10.0927847230665,46117,0,1,0,0
2007,Never treated,4.20469261939097,7.93630269320196,10.1599498190432,46117,0,1,0,0
2001,Never treated,3.09104245335832,7.3375877435386,9.83686686519423,46119,0,1,0,0
2002,Never treated,3.13549421592915,7.31188616407716,9.89565697342094,46119,0,1,0,0
2003,Never treated,2.83321334405622,7.2841348061952,9.89877647280601,46119,0,1,0,0
2004,Never treated,2.99573227355399,7.25981961036319,9.93207500938804,46119,0,1,0,0
2005,Never treated,2.70805020110221,7.23921497377981,9.99542842623448,46119,0,1,0,0
2006,Never treated,2.99573227355399,7.23921497377981,10.0184666608598,46119,0,1,0,0
2007,Never treated,2.89037175789616,7.25347038268453,10.0317048503369,46119,0,1,0,0
2001,Never treated,3.91202300542815,9.13604776739433,9.97734192110661,46121,0,1,0,0
2002,Never treated,3.58351893845611,9.14889040965996,10.0671782951926,46121,0,1,0,0
2003,Never treated,3.49650756146648,9.16041456320646,10.0968314726118,46121,0,1,0,0
2004,Never treated,3.76120011569356,9.18276360420595,10.1536235089139,46121,0,1,0,0
2005,Never treated,3.46573590279973,9.18768568141138,10.1779323982059,46121,0,1,0,0
2006,Never treated,3.58351893845611,9.19836900019496,10.2118174832111,46121,0,1,0,0
2007,Never treated,3.17805383034795,9.22068666403033,10.2687554708929,46121,0,1,0,0
2001,Never treated,4.92725368515721,8.74719318352693,9.89014898809695,46123,0,1,0,0
2002,Never treated,4.99043258677874,8.74703426417817,9.90413734137763,46123,0,1,0,0
2003,Never treated,4.82028156560504,8.73552518573323,9.92078704961419,46123,0,1,0,0
2004,Never treated,4.82028156560504,8.71719093322313,9.9910862570152,46123,0,1,0,0
2005,Never treated,4.88280192258637,8.70367275835886,10.0157889246233,46123,0,1,0,0
2006,Never treated,4.75359019110636,8.68946441235669,10.0469816521749,46123,0,1,0,0
2007,Never treated,4.77912349311153,8.65434302956347,10.0797071971386,46123,0,1,0,0
2001,Never treated,4.85981240436167,9.08000387024818,9.87400724721362,46125,0,1,0,0
2002,Never treated,4.89783979995091,9.06230429314878,9.89751978075634,46125,0,1,0,0
2003,Never treated,4.74493212836325,9.0641578617981,9.94184250641259,46125,0,1,0,0
2004,Never treated,4.85981240436167,9.06079573469617,9.98557432353424,46125,0,1,0,0
2005,Never treated,4.85203026391962,9.03729565196244,10.0596362350261,46125,0,1,0,0
2006,Never treated,4.61512051684126,9.02977726819709,10.1338450208685,46125,0,1,0,0
2007,Never treated,4.67282883446191,9.03133331615006,10.1592531706676,46125,0,1,0,0
2001,Never treated,5.52146091786225,9.44841194387463,10.5913457711625,46127,0,1,0,0
2002,Never treated,5.62762111369064,9.46070990954398,10.5552136007953,46127,0,1,0,0
2003,Never treated,5.48063892334199,9.48181684008103,10.5573220157105,46127,0,1,0,0
2004,Never treated,5.4510384535657,9.49326112732625,10.6262178068877,46127,0,1,0,0
2005,Never treated,5.37989735354046,9.49664649824803,10.593003146862,46127,0,1,0,0
2006,Never treated,5.36597601502185,9.51716308795535,10.5609557406391,46127,0,1,0,0
2007,Never treated,5.45958551414416,9.54559758504085,10.5738265937701,46127,0,1,0,0
2001,Never treated,5.21493575760899,8.66561319653451,9.83279681191336,46129,0,1,0,0
2002,Never treated,5.25227342804663,8.64734387588128,9.84977027003014,46129,0,1,0,0
2003,Never treated,5.01063529409626,8.62119278143472,9.88634139370116,46129,0,1,0,0
2004,Never treated,5.04985600724954,8.61740045183326,9.91427911361433,46129,0,1,0,0
2005,Never treated,4.9416424226093,8.60079877527103,9.97063205016546,46129,0,1,0,0
2006,Never treated,4.89034912822175,8.58671925406485,9.99478971094291,46129,0,1,0,0
2007,Never treated,4.91998092582813,8.56997537685521,10.0242882526818,46129,0,1,0,0
2001,Never treated,6.59987049921284,9.97683094676034,10.0927019655873,46135,0,1,0,0
2002,Never treated,6.49223983502047,9.97543605184871,10.1252301229347,46135,0,1,0,0
2003,Never treated,6.40687998606931,9.97803828380042,10.1585560366347,46135,0,1,0,0
2004,Never treated,6.3818160174061,9.98856372489125,10.2095373998461,46135,0,1,0,0
2005,Never treated,6.37842618365159,9.98220630724752,10.2316395575416,46135,0,1,0,0
2006,Never treated,6.43294009273918,9.98225252117178,10.2777371534914,46135,0,1,0,0
2007,Never treated,6.3578422665081,9.98552826287234,10.3130110807718,46135,0,1,0,0
2001,Never treated,2.30258509299405,7.84306401669205,10.0291505705318,46137,0,1,0,0
2002,Never treated,1.79175946922805,7.85670679309584,10.0669660215286,46137,0,1,0,0
2003,Never treated,2.70805020110221,7.84932381804056,10.0524246653105,46137,0,1,0,0
2004,Never treated,2.63905732961526,7.8770178956224,10.1137079585598,46137,0,1,0,0
2005,Never treated,2.30258509299405,7.84776253747361,10.1283096942289,46137,0,1,0,0
2006,Never treated,2.07944154167984,7.87853419614036,10.1650437983368,46137,0,1,0,0
2007,Never treated,2.56494935746154,7.86672228513673,10.2535104203945,46137,0,1,0,0
2001,Never treated,3.71357206670431,8.17046857833067,9.98686316145718,46007,0,1,0,0
2002,Never treated,3.93182563272433,8.17103418920548,9.94669070983678,46007,0,1,0,0
2003,Never treated,3.95124371858143,8.16137502319749,10.0226918000146,46007,0,1,0,0
2004,Never treated,3.80666248977032,8.17470288246946,10.0398524270566,46007,0,1,0,0
2005,Never treated,3.68887945411394,8.16223106548118,10.044205559475,46007,0,1,0,0
2006,Never treated,3.73766961828337,8.13651825211529,10.0595934625117,46007,0,1,0,0
2007,Never treated,3.78418963391826,8.13358741766097,10.0701030795085,46007,0,1,0,0
2001,Never treated,3.85014760171006,7.85670679309584,9.74002700338309,46111,0,1,0,0
2002,Never treated,3.91202300542815,7.85438121065236,9.76399557371753,46111,0,1,0,0
2003,Never treated,4.04305126783455,7.87092959675514,9.8135081389166,46111,0,1,0,0
2004,Never treated,3.55534806148941,7.87169266432365,9.88037244503008,46111,0,1,0,0
2005,Never treated,3.43398720448515,7.82564473221999,9.92554254331696,46111,0,1,0,0
2006,Never treated,3.46573590279973,7.80669637252118,10.0026992026071,46111,0,1,0,0
2007,Never treated,3.29583686600433,7.80506704425849,10.066583815345,46111,0,1,0,0
2001,Never treated,6.34388043412633,10.5599448147782,10.1315788435743,47003,0,0,1,0
2002,Never treated,6.13339804299665,10.578012408968,10.1923439352157,47003,0,0,1,0
2003,Never treated,6.06842558824411,10.6019207375253,10.2313153909171,47003,0,0,1,0
2004,Never treated,6.04263283368238,10.6250521074576,10.2753269329946,47003,0,0,1,0
2005,Never treated,6.12029741895095,10.644543556618,10.2839766745741,47003,0,0,1,0
2006,Never treated,6.07993319509559,10.666697032541,10.347050949243,47003,0,0,1,0
2007,Never treated,6.10702288774225,10.7039408548343,10.3599309054089,47003,0,0,1,0
2001,Never treated,5.4553211153577,9.72106599074184,9.99241376173053,47005,0,0,1,0
2002,Never treated,5.16478597392351,9.71571114505921,10.024686967938,47005,0,0,1,0
2003,Never treated,5.06890420222023,9.71516804393854,10.0216260805532,47005,0,0,1,0
2004,Never treated,4.95582705760126,9.70850619759538,10.0247755497433,47005,0,0,1,0
2005,Never treated,4.99043258677874,9.6973240212566,10.0744110643777,47005,0,0,1,0
2006,Never treated,5.00394630594546,9.69134575932969,10.0973670581638,47005,0,0,1,0
2007,Never treated,4.9416424226093,9.68979915999267,10.1225829210038,47005,0,0,1,0
2001,Never treated,7.11882624906208,11.1769071253222,10.4944358807758,47001,0,0,1,0
2002,Never treated,6.98749024700099,11.1801204956965,10.5466563632898,47001,0,0,1,0
2003,Never treated,6.95463886488099,11.1840046445019,10.5870640801561,47001,0,0,1,0
2004,Never treated,6.89264164117209,11.185046202767,10.6221075290691,47001,0,0,1,0
2005,Never treated,7.1276936993474,11.1816536825159,10.6368645523151,47001,0,0,1,0
2006,Never treated,7.13727843726039,11.1945779782076,10.6833856595047,47001,0,0,1,0
2007,Never treated,7.04053639021596,11.2026159792685,10.7068111337418,47001,0,0,1,0
2001,Never treated,7.16857989726403,11.3952336751508,10.2699692526652,47011,0,0,1,0
2002,Never treated,6.93244789157251,11.40219500136,10.3094525356859,47011,0,0,1,0
2003,Never treated,7.02286808608264,11.408686542314,10.3368271974103,47011,0,0,1,0
2004,Never treated,7.05272104923232,11.4190981851261,10.3773898221975,47011,0,0,1,0
2005,Never treated,7.01121398735037,11.4326694012046,10.3933857166191,47011,0,0,1,0
2006,Never treated,7.07496319796604,11.4467429265098,10.4262318656956,47011,0,0,1,0
2007,Never treated,7.03790596344718,11.4668501123628,10.4736758256956,47011,0,0,1,0
2001,Never treated,5.81413053182507,10.594031347226,10.0224254766076,47013,0,0,1,0
2002,Never treated,5.66988092298052,10.595333887363,10.0841827875855,47013,0,0,1,0
2003,Never treated,5.53733426701854,10.5986077853477,10.1467082032795,47013,0,0,1,0
2004,Never treated,5.54126354515843,10.6107841562005,10.1998443901777,47013,0,0,1,0
2005,Never treated,5.68357976733868,10.6074757562739,10.2528055000213,47013,0,0,1,0
2006,Never treated,5.61312810638807,10.6101430831209,10.1678498196663,47013,0,0,1,0
2007,Never treated,5.65599181081985,10.6105869467141,10.2578347894657,47013,0,0,1,0
2001,Never treated,4.62497281328427,9.47792177272096,9.95579533215947,47015,0,0,1,0
2002,Never treated,4.4188406077966,9.48105429619781,10.0100073959138,47015,0,0,1,0
2003,Never treated,4.55387689160054,9.48925915875781,10.0895105837469,47015,0,0,1,0
2004,Never treated,4.35670882668959,9.49439085819391,10.1016824584864,47015,0,0,1,0
2005,Never treated,4.34380542185368,9.48463320730895,10.2096110321265,47015,0,0,1,0
2006,Never treated,4.4188406077966,9.49476715170729,10.0610894130396,47015,0,0,1,0
2007,Never treated,4.70953020131233,9.50524628951728,10.1437241812765,47015,0,0,1,0
2001,Never treated,5.72358510195238,10.2961037997754,10.0501387528618,47017,0,0,1,0
2002,Never treated,5.4249500174814,10.2872862976712,10.0842245211998,47017,0,0,1,0
2003,Never treated,5.41610040220442,10.290177505318,10.1142345835138,47017,0,0,1,0
2004,Never treated,5.39362754635236,10.287490657345,10.1200897558069,47017,0,0,1,0
2005,Never treated,5.50938833662798,10.2657319581897,10.2159597937951,47017,0,0,1,0
2006,Never treated,5.5683445037611,10.2675749561903,10.2360234806215,47017,0,0,1,0
2007,Never treated,5.53338948872752,10.2675402140637,10.2936698037798,47017,0,0,1,0
2001,Never treated,6.11368217983223,10.9498411687085,10.0244211754318,47019,0,0,1,0
2002,Never treated,5.94803498918065,10.9492966355443,10.055006200175,47019,0,0,1,0
2003,Never treated,5.87493073085203,10.9764058941124,10.0887215307771,47019,0,0,1,0
2004,Never treated,5.88610403145016,10.9789506203053,10.1538181636943,47019,0,0,1,0
2005,Never treated,5.92425579741453,10.9799223962595,10.1718338886812,47019,0,0,1,0
2006,Never treated,6.00881318544259,10.9847502028691,10.1962691005326,47019,0,0,1,0
2007,Never treated,6.01615715969835,10.9842413229029,10.2438450887392,47019,0,0,1,0
2001,Never treated,5.96357934361845,10.5077761966118,10.1865590124302,47021,0,0,1,0
2002,Never treated,5.65948221575962,10.5215609100431,10.2278149091847,47021,0,0,1,0
2003,Never treated,5.63478960316925,10.5273114498863,10.2873544222029,47021,0,0,1,0
2004,Never treated,5.66296048013595,10.5448676422742,10.2954958559577,47021,0,0,1,0
2005,Never treated,5.68697535633982,10.5467352038086,10.3196947571762,47021,0,0,1,0
2006,Never treated,5.7268477475872,10.5580238339684,10.3624618314966,47021,0,0,1,0
2007,Never treated,5.73009978297357,10.5751046145457,10.4109374850622,47021,0,0,1,0
2001,Never treated,5.00394630594546,9.66909345044906,10.0258821607497,47023,0,0,1,0
2002,Never treated,4.92725368515721,9.67583384574403,10.0471549023485,47023,0,0,1,0
2003,Never treated,4.98360662170834,9.65194452670022,10.0754220164436,47023,0,0,1,0
2004,Never treated,5.12989871492307,9.66858766552332,10.0813826603772,47023,0,0,1,0
2005,Never treated,4.85203026391962,9.67262680007751,10.1675042970599,47023,0,0,1,0
2006,Never treated,4.7361984483945,9.67909321932027,10.2230315981367,47023,0,0,1,0
2007,Never treated,4.9416424226093,9.68520715688791,10.2473254530733,47023,0,0,1,0
2001,Never treated,5.8111409929767,10.3128450753596,9.95223009652412,47025,0,0,1,0
2002,Never treated,5.73334127689775,10.3121143239819,9.9866331336228,47025,0,0,1,0
2003,Never treated,5.70044357339069,10.3244322314927,10.0222922883014,47025,0,0,1,0
2004,Never treated,5.57594910314632,10.3330922748308,10.0782808429093,47025,0,0,1,0
2005,Never treated,5.72031177660741,10.3367299416437,10.1297462467505,47025,0,0,1,0
2006,Never treated,5.57594910314632,10.3412907685562,10.1624614608512,47025,0,0,1,0
2007,Never treated,5.52146091786225,10.3451238569491,10.192531197627,47025,0,0,1,0
2001,Never treated,4.06044301054642,8.98293776374159,10.0616871672097,47027,0,0,1,0
2002,Never treated,4.40671924726425,8.9838161125025,10.0899256248419,47027,0,0,1,0
2003,Never treated,4.07753744390572,8.98155594077189,10.1226230824528,47027,0,0,1,0
2004,Never treated,4.23410650459726,8.98669669562029,10.1963064090931,47027,0,0,1,0
2005,Never treated,4.11087386417331,8.98042393637454,10.1715662278441,47027,0,0,1,0
2006,Never treated,4.26267987704132,8.9799204116912,10.1800581202332,47027,0,0,1,0
2007,Never treated,4.12713438504509,8.97752520096524,10.1756878991372,47027,0,0,1,0
2001,Never treated,5.50125821054473,10.4250453796311,10.0812989538522,47029,0,0,1,0
2002,Never treated,5.36129216570943,10.4378441388285,10.1071220334621,47029,0,0,1,0
2003,Never treated,5.36129216570943,10.4462187373131,10.116095801935,47029,0,0,1,0
2004,Never treated,5.23644196282995,10.4529664207832,10.1336464387442,47029,0,0,1,0
2005,Never treated,5.34710753071747,10.4556758246428,10.1430161330997,47029,0,0,1,0
2006,Never treated,5.32300997913841,10.463189051084,10.1644277265449,47029,0,0,1,0
2007,Never treated,5.4380793089232,10.4742693394557,10.2170566459398,47029,0,0,1,0
2001,Never treated,6.84800527457636,10.7914816852552,10.2596923859902,47031,0,0,1,0
2002,Never treated,6.74875954749168,10.8034862876333,10.2744992325749,47031,0,0,1,0
2003,Never treated,6.69579891705849,10.8142228816966,10.3083524805723,47031,0,0,1,0
2004,Never treated,6.70196036600254,10.8222153124437,10.4136729714147,47031,0,0,1,0
2005,Never treated,6.7286286130847,10.8334839314664,10.3775454521099,47031,0,0,1,0
2006,Never treated,6.62671774924902,10.8458358187296,10.4075302240053,47031,0,0,1,0
2007,Never treated,6.63594655568665,10.853967128147,10.4447647837579,47031,0,0,1,0
2001,Never treated,4.14313472639153,9.43404376654891,9.99515474106195,47007,0,0,1,0
2002,Never treated,3.97029191355212,9.43428360346096,10.0493180007477,47007,0,0,1,0
2003,Never treated,3.97029191355212,9.44311737225863,10.1030758442288,47007,0,0,1,0
2004,Never treated,3.85014760171006,9.45673159001008,10.081131519779,47007,0,0,1,0
2005,Never treated,4.07753744390572,9.45155957001762,10.0883059895287,47007,0,0,1,0
2006,Never treated,3.93182563272433,9.46218799141875,10.1219401183622,47007,0,0,1,0
2007,Never treated,4.15888308335967,9.47700307720389,10.1233457128588,47007,0,0,1,0
2001,Never treated,7.07749805356923,11.5902753193976,10.3959557042659,47009,0,0,1,0
2002,Never treated,7.00940893270864,11.6056869450515,10.4296056481204,47009,0,0,1,0
2003,Never treated,6.94312242281943,11.6219681929556,10.4715815840925,47009,0,0,1,0
2004,Never treated,7.00215595440362,11.6390646020752,10.4766398781699,47009,0,0,1,0
2005,Never treated,7.06817200038804,11.6549544009898,10.4837459510175,47009,0,0,1,0
2006,Never treated,7.12044437239249,11.6763020265964,10.5400643816077,47009,0,0,1,0
2007,Never treated,7.09672137849476,11.693812660226,10.5630520960789,47009,0,0,1,0
2001,Never treated,9.42230163388782,13.255690749218,10.4775414644592,47037,0,0,1,0
2002,Never treated,9.27021176901357,13.2519414660098,10.5109951420504,47037,0,0,1,0
2003,Never treated,9.20923976653215,13.2536302078423,10.5415183505374,47037,0,0,1,0
2004,Never treated,9.19786285046507,13.2568033571385,10.5825104534256,47037,0,0,1,0
2005,Never treated,9.19715381017201,13.3169642340648,10.6162657770452,47037,0,0,1,0
2006,Never treated,9.29238108231239,13.3280758869889,10.6781686360773,47037,0,0,1,0
2007,Never treated,9.21532791348722,13.3397045272993,10.7153950688169,47037,0,0,1,0
2001,Never treated,4.9416424226093,9.37347910935336,10.0605767677789,47039,0,0,1,0
2002,Never treated,4.79579054559674,9.36871070794762,10.1149228287182,47039,0,0,1,0
2003,Never treated,4.8283137373023,9.36194495610808,10.1513627400695,47039,0,0,1,0
2004,Never treated,4.85203026391962,9.36589007271715,10.2143855380379,47039,0,0,1,0
2005,Never treated,4.83628190695148,9.3426835589639,10.2806560614892,47039,0,0,1,0
2006,Never treated,4.89783979995091,9.33016576504453,10.3514372722504,47039,0,0,1,0
2007,Never treated,4.88280192258637,9.35053700246947,10.3659629153611,47039,0,0,1,0
2001,Never treated,5.48893772615669,9.77622220149025,10.0562944727799,47041,0,0,1,0
2002,Never treated,5.50125821054473,9.78605445564403,10.0639894491902,47041,0,0,1,0
2003,Never treated,5.2257466737132,9.79823814181703,10.1646202897544,47041,0,0,1,0
2004,Never treated,5.37063802812766,9.8068665139317,10.185956057935,47041,0,0,1,0
2005,Never treated,5.27299955856375,9.80994580812776,10.2209953818852,47041,0,0,1,0
2006,Never treated,5.42934562895444,9.8137269453285,10.2310631886496,47041,0,0,1,0
2007,Never treated,5.33271879326537,9.83027149020487,10.2871159660351,47041,0,0,1,0
2001,Never treated,6.31896811374643,10.6872292662408,10.1789958240562,47043,0,0,1,0
2002,Never treated,6.10702288774225,10.699259008661,10.2001045890455,47043,0,0,1,0
2003,Never treated,6.00635315960173,10.7138398239968,10.2233584608028,47043,0,0,1,0
2004,Never treated,5.99146454710798,10.7225182047863,10.256290008061,47043,0,0,1,0
2005,Never treated,5.96614673912369,10.7300723713258,10.2938390228342,47043,0,0,1,0
2006,Never treated,6.15697898558556,10.7432427527322,10.3326691872616,47043,0,0,1,0
2007,Never treated,6.2841341610708,10.7666095482702,10.357202996593,47043,0,0,1,0
2001,Never treated,6.29894924685594,10.5235800521902,10.176601523625,47045,0,0,1,0
2002,Never treated,6.19440539110467,10.5230151032223,10.1868603533998,47045,0,0,1,0
2003,Never treated,6.15909538849193,10.5291318224945,10.2407095080479,47045,0,0,1,0
2004,Never treated,6.07073772800249,10.5323095225395,10.2714238487519,47045,0,0,1,0
2005,Never treated,6.08221891037645,10.5348922992605,10.2876949752644,47045,0,0,1,0
2006,Never treated,5.89989735358249,10.535583457776,10.2976894683656,47045,0,0,1,0
2007,Never treated,6.00635315960173,10.5368847286903,10.3245963246323,47045,0,0,1,0
2001,Never treated,5.01727983681492,10.3188699876525,10.2193561268325,47047,0,0,1,0
2002,Never treated,5.08140436498446,10.347948989651,10.2481050973116,47047,0,0,1,0
2003,Never treated,5.06890420222023,10.3837508707195,10.2696572780367,47047,0,0,1,0
2004,Never treated,5.07517381523383,10.4211497535611,10.3343279669755,47047,0,0,1,0
2005,Never treated,5.14749447681345,10.4347920454834,10.4192111615643,47047,0,0,1,0
2006,Never treated,5.40717177146012,10.4837459510175,10.4878238272379,47047,0,0,1,0
2007,Never treated,5.48063892334199,10.5245477942012,10.4902181043916,47047,0,0,1,0
2001,Never treated,5.15905529921453,9.72352321531585,9.92118011206705,47049,0,0,1,0
2002,Never treated,5.14166355650266,9.73358851574073,9.95830712230024,47049,0,0,1,0
2003,Never treated,5.03695260241363,9.74237939214137,10.0001150461197,47049,0,0,1,0
2004,Never treated,5.02388052084628,9.73814109994814,10.0498796407512,47049,0,0,1,0
2005,Never treated,5.3890717298165,9.74314272854554,10.1101764657784,47049,0,0,1,0
2006,Never treated,5.12989871492307,9.75817272137127,10.1238672880276,47049,0,0,1,0
2007,Never treated,4.97673374242057,9.76457025334946,10.1797926519646,47049,0,0,1,0
2001,Never treated,5.91079664404053,10.5903148043513,10.0692138329804,47051,0,0,1,0
2002,Never treated,5.78689738136671,10.5999043819637,10.1065916485126,47051,0,0,1,0
2003,Never treated,5.88887795833288,10.6074757562739,10.1485491391513,47051,0,0,1,0
2004,Never treated,5.92958914338989,10.6143764145722,10.1985051540861,47051,0,0,1,0
2005,Never treated,5.97888576490112,10.6104636710325,10.2085428330453,47051,0,0,1,0
2006,Never treated,5.78074351579233,10.6148184035297,10.2496625646187,47051,0,0,1,0
2007,Never treated,5.73009978297357,10.6259507874301,10.2958336481511,47051,0,0,1,0
2001,Never treated,6.4377516497364,10.7809335005867,10.1517528926241,47053,0,0,1,0
2002,Never treated,6.32793678372919,10.7820971854426,10.1748496761208,47053,0,0,1,0
2003,Never treated,6.33150184989369,10.778143459633,10.2030734919907,47053,0,0,1,0
2004,Never treated,6.26339826259162,10.7787896093329,10.2252086672113,47053,0,0,1,0
2005,Never treated,6.23441072571837,10.7766411119326,10.2536161156048,47053,0,0,1,0
2006,Never treated,6.26909628370626,10.7797476433539,10.2594122150842,47053,0,0,1,0
2007,Never treated,6.29156913955832,10.7879779718605,10.2949551510004,47053,0,0,1,0
2001,Never treated,5.74939298590825,10.2968463406492,10.2005504867937,47055,0,0,1,0
2002,Never treated,5.5834963087817,10.2916030223092,10.2219776466299,47055,0,0,1,0
2003,Never treated,5.53733426701854,10.2865707097512,10.2637111923986,47055,0,0,1,0
2004,Never treated,5.59471137960184,10.2841475417253,10.2824375549885,47055,0,0,1,0
2005,Never treated,5.49306144334055,10.2783903550617,10.3001473406826,47055,0,0,1,0
2006,Never treated,5.63835466933375,10.2773243851861,10.3069172572822,47055,0,0,1,0
2007,Never treated,5.66988092298052,10.2754303473935,10.3515969936966,47055,0,0,1,0
2001,Never treated,4.68213122712422,9.94951199084741,10.0306927267714,47057,0,0,1,0
2002,Never treated,4.39444915467244,9.96185079583304,10.0942318714037,47057,0,0,1,0
2003,Never treated,4.45434729625351,9.97757409588883,10.1180342566248,47057,0,0,1,0
2004,Never treated,4.33073334028633,9.99355674962499,10.1530393171266,47057,0,0,1,0
2005,Never treated,4.24849524204936,10.0037400444252,10.1999559122685,47057,0,0,1,0
2006,Never treated,4.77068462446567,10.0139550055621,10.2195748494931,47057,0,0,1,0
2007,Never treated,4.81218435537242,10.026147565272,10.2566061802721,47057,0,0,1,0
2001,Never treated,4.7361984483945,9.58637666939354,10.1029529764958,47033,0,0,1,0
2002,Never treated,4.52178857704904,9.58472752451349,10.1377688482608,47033,0,0,1,0
2003,Never treated,4.56434819146784,9.58217975243469,10.1689623588638,47033,0,0,1,0
2004,Never treated,4.52178857704904,9.58637666939354,10.2193196684043,47033,0,0,1,0
2005,Never treated,4.48863636973214,9.5682944974133,10.2452315830864,47033,0,0,1,0
2006,Never treated,4.49980967033027,9.55923512859595,10.274119640804,47033,0,0,1,0
2007,Never treated,4.67282883446191,9.57519179719905,10.3220662997897,47033,0,0,1,0
2001,Never treated,3.73766961828337,9.5645121856968,9.82800941136017,47061,0,0,1,0
2002,Never treated,3.63758615972639,9.56955209556689,9.8895407464035,47061,0,0,1,0
2003,Never treated,3.49650756146648,9.57373270366244,9.99200196606687,47061,0,0,1,0
2004,Never treated,3.52636052461616,9.58100697454165,10.0191349760621,47061,0,0,1,0
2005,Never treated,3.89182029811063,9.57136583865217,10.0136863448342,47061,0,0,1,0
2006,Never treated,3.61091791264422,9.56682529786263,10.0273410147031,47061,0,0,1,0
2007,Never treated,3.93182563272433,9.56878375131088,10.0415088504335,47061,0,0,1,0
2001,Never treated,6.95368421087054,10.9823222135956,10.2482467855269,47063,0,0,1,0
2002,Never treated,6.74641212857337,10.975824309792,10.2781153748241,47063,0,0,1,0
2003,Never treated,6.84800527457636,10.983052928284,10.3202222529025,47063,0,0,1,0
2004,Never treated,6.77764659363512,10.99151063965,10.3635671005842,47063,0,0,1,0
2005,Never treated,6.76157276880406,11.0023831344063,10.3733661739687,47063,0,0,1,0
2006,Never treated,6.7719355558396,11.0110265460208,10.3995548053266,47063,0,0,1,0
2007,Never treated,6.74758652682932,11.0340828870573,10.4209113603303,47063,0,0,1,0
2001,Never treated,8.79754848848156,12.6396877970547,10.3494546039536,47065,0,0,1,0
2002,Never treated,8.65660724719891,12.6421025222179,10.3681645202761,47065,0,0,1,0
2003,Never treated,8.57319538153152,12.6433851970775,10.409732701928,47065,0,0,1,0
2004,Never treated,8.60300384782935,12.6434530005829,10.4358789542167,47065,0,0,1,0
2005,Never treated,8.63194942871443,12.6867256186883,10.4678349857045,47065,0,0,1,0
2006,Never treated,8.5577591531629,12.6996096791586,10.5170773243126,47065,0,0,1,0
2007,Never treated,8.56369502506766,12.7102270662221,10.5518204048062,47065,0,0,1,0
2001,Never treated,2.94443897916644,8.82379514872053,9.75742077640134,47067,0,0,1,0
2002,Never treated,3.36729582998647,8.8180382503943,9.82660650820017,47067,0,0,1,0
2003,Never treated,3.49650756146648,8.80192090404158,9.83793518429589,47067,0,0,1,0
2004,Never treated,3.04452243772342,8.80537513890967,9.89490079159881,47067,0,0,1,0
2005,Never treated,2.70805020110221,8.81045964216192,9.92078704961419,47067,0,0,1,0
2006,Never treated,2.99573227355399,8.80056599227992,9.91140611778042,47067,0,0,1,0
2007,Never treated,3.09104245335832,8.80672355472564,9.9394819127595,47067,0,0,1,0
2001,Never treated,5.4510384535657,10.2495918232491,10.0999996128494,47069,0,0,1,0
2002,Never treated,5.25227342804663,10.2499101200105,10.0943558152985,47069,0,0,1,0
2003,Never treated,5.18178355029209,10.2460838558653,10.1662748044549,47069,0,0,1,0
2004,Never treated,5.06259503302697,10.2448762549372,10.257062697057,47069,0,0,1,0
2005,Never treated,5.11799381241676,10.2339417168318,10.3023307843354,47069,0,0,1,0
2006,Never treated,4.98360662170834,10.2321076127807,10.3454131576471,47069,0,0,1,0
2007,Never treated,4.81218435537242,10.2329711396217,10.4282752513182,47069,0,0,1,0
2001,Never treated,6.15909538849193,10.1572379004432,10.1755736373634,47071,0,0,1,0
2002,Never treated,6.1463292576689,10.1631558785327,10.1673506931274,47071,0,0,1,0
2003,Never treated,5.9427993751267,10.1630787448214,10.1800960385193,47071,0,0,1,0
2004,Never treated,5.87773578177964,10.1574706390013,10.2074734916944,47071,0,0,1,0
2005,Never treated,5.94542060860658,10.1585172927127,10.2553760597409,47071,0,0,1,0
2006,Never treated,6.00388706710654,10.1628858845095,10.2767393382796,47071,0,0,1,0
2007,Never treated,6.0137151560428,10.1715662278441,10.3117155071332,47071,0,0,1,0
2001,Never treated,6.03787091992214,10.90084200913,10.1908070592689,47073,0,0,1,0
2002,Never treated,5.95583736946483,10.9099480019209,10.2203764235358,47073,0,0,1,0
2003,Never treated,6.12686918411419,10.9194426075232,10.2303061999863,47073,0,0,1,0
2004,Never treated,6.00881318544259,10.9257406189388,10.2937374948378,47073,0,0,1,0
2005,Never treated,5.93489419561959,10.9333569384725,10.3155640902319,47073,0,0,1,0
2006,Never treated,6.04263283368238,10.9412699899964,10.3568535406288,47073,0,0,1,0
2007,Never treated,5.93753620508243,10.9512450471526,10.3815523530586,47073,0,0,1,0
2001,Never treated,5.25749537202778,9.89575775447419,10.1293474113446,47075,0,0,1,0
2002,Never treated,5.09375020080676,9.88338688082912,10.1538960149984,47075,0,0,1,0
2003,Never treated,4.92725368515721,9.88328484521861,10.2021466563265,47075,0,0,1,0
2004,Never treated,4.70953020131233,9.88781538314183,10.2529817767056,47075,0,0,1,0
2005,Never treated,4.7361984483945,9.87297679733111,10.2628738175198,47075,0,0,1,0
2006,Never treated,4.80402104473326,9.86557797946291,10.2843183796859,47075,0,0,1,0
2007,Never treated,4.74493212836325,9.86084097781466,10.3394495340863,47075,0,0,1,0
2001,Never treated,5.91079664404053,10.1539349383777,10.1547130879773,47077,0,0,1,0
2002,Never treated,5.66988092298052,10.1600271944688,10.1857298562375,47077,0,0,1,0
2003,Never treated,5.73979291217923,10.1667744681532,10.2354496336795,47077,0,0,1,0
2004,Never treated,5.85793315448346,10.1734765210818,10.2508997291957,47077,0,0,1,0
2005,Never treated,5.82008293035236,10.1724836240324,10.2569573655259,47077,0,0,1,0
2006,Never treated,5.73979291217923,10.1838428496014,10.3003827099612,47077,0,0,1,0
2007,Never treated,5.71373280550937,10.1946261443361,10.3195958207428,47077,0,0,1,0
2001,Never treated,6.13339804299665,10.3486860628629,10.1049170509436,47079,0,0,1,0
2002,Never treated,5.94017125272043,10.3531290229771,10.1409284085512,47079,0,0,1,0
2003,Never treated,5.69035945432406,10.3518205608715,10.1736291870109,47079,0,0,1,0
2004,Never treated,5.72358510195238,10.3522037026386,10.2086533893277,47079,0,0,1,0
2005,Never treated,5.80513496891649,10.3521398558708,10.2200850164016,47079,0,0,1,0
2006,Never treated,5.85793315448346,10.3572982815746,10.2430977178483,47079,0,0,1,0
2007,Never treated,5.90536184805457,10.3582823617772,10.262245325879,47079,0,0,1,0
2001,Never treated,4.969813299576,10.031352923534,9.98081889547245,47081,0,0,1,0
2002,Never treated,5.08140436498446,10.0531137264919,9.99725108234829,47081,0,0,1,0
2003,Never treated,4.98360662170834,10.0559081652314,10.0431190516213,47081,0,0,1,0
2004,Never treated,4.85203026391962,10.071963702508,10.0846000453734,47081,0,0,1,0
2005,Never treated,4.8283137373023,10.0601493625495,10.1216185620268,47081,0,0,1,0
2006,Never treated,4.89034912822175,10.0653087386676,10.1514798018197,47081,0,0,1,0
2007,Never treated,5.01063529409626,10.0767683646779,10.2106045376265,47081,0,0,1,0
2001,Never treated,3.87120101090789,8.99193557500915,9.86120616027952,47083,0,0,1,0
2002,Never treated,4.04305126783455,8.98657162526805,9.89055427712423,47083,0,0,1,0
2003,Never treated,3.85014760171006,8.99516499031115,9.93324051068548,47083,0,0,1,0
2004,Never treated,3.87120101090789,8.97979449089521,9.96890069108436,47083,0,0,1,0
2005,Never treated,3.87120101090789,8.97916464896471,10.0118036960196,47083,0,0,1,0
2006,Never treated,4.06044301054642,8.97840831462889,10.0616871672097,47083,0,0,1,0
2007,Never treated,4.18965474202643,8.99379997179554,10.1131405136678,47083,0,0,1,0
2001,Never treated,5.29330482472449,9.80466119822923,10.4026251365069,47085,0,0,1,0
2002,Never treated,5.21493575760899,9.80294872715752,10.4453175351648,47085,0,0,1,0
2003,Never treated,5.13579843705026,9.80515781846292,10.4302258947622,47085,0,0,1,0
2004,Never treated,5.18738580584075,9.80361196710887,10.4633318857817,47085,0,0,1,0
2005,Never treated,5.15905529921453,9.79484387541939,10.5054236405427,47085,0,0,1,0
2006,Never treated,5.13579843705026,9.80134407886742,10.5362741389213,47085,0,0,1,0
2007,Never treated,5.11198778835654,9.81235861912503,10.5702394217365,47085,0,0,1,0
2001,Never treated,3.98898404656427,9.32170283982964,10.0277826718077,47087,0,0,1,0
2002,Never treated,4.00733318523247,9.32206062158659,10.064330077653,47087,0,0,1,0
2003,Never treated,3.93182563272433,9.32215004702819,10.0785746704346,47087,0,0,1,0
2004,Never treated,3.95124371858143,9.31721973360328,10.1479619745522,47087,0,0,1,0
2005,Never treated,4.23410650459726,9.30419494744781,10.1935043972846,47087,0,0,1,0
2006,Never treated,3.91202300542815,9.28896669243137,10.2069568483882,47087,0,0,1,0
2007,Never treated,3.89182029811063,9.29192035896861,10.3021629962849,47087,0,0,1,0
2001,Never treated,5.89989735358249,10.7166153522959,10.2454091998255,47089,0,0,1,0
2002,Never treated,5.82600010738045,10.7327159970338,10.269587937122,47089,0,0,1,0
2003,Never treated,5.74939298590825,10.7579454329783,10.323217104658,47089,0,0,1,0
2004,Never treated,5.78689738136671,10.7693477756109,10.3401282781127,47089,0,0,1,0
2005,Never treated,5.78382518232974,10.7771421453244,10.311383038216,47089,0,0,1,0
2006,Never treated,5.8636311755981,10.8004119619193,10.3272508889257,47089,0,0,1,0
2007,Never treated,5.96357934361845,10.8281233671458,10.3753020411858,47089,0,0,1,0
2001,Never treated,4.69134788222914,9.78481662281845,9.99634016955075,47091,0,0,1,0
2002,Never treated,4.66343909411207,9.78818892817267,10.0232242341385,47091,0,0,1,0
2003,Never treated,4.46590811865458,9.79801591959389,10.0431190516213,47091,0,0,1,0
2004,Never treated,4.63472898822964,9.79923753116233,10.1899814193511,47091,0,0,1,0
2005,Never treated,4.74493212836325,9.80134407886742,10.2065507270262,47091,0,0,1,0
2006,Never treated,4.91265488573605,9.79712653654472,10.2371701875486,47091,0,0,1,0
2007,Never treated,4.99043258677874,9.8022297204619,10.3187709695816,47091,0,0,1,0
2001,Never treated,8.92518842937803,12.8665339145348,10.3341329591746,47093,0,0,1,0
2002,Never treated,8.80597465931132,12.8777254686251,10.3630619862913,47093,0,0,1,0
2003,Never treated,8.80777106698004,12.8908650217074,10.3958640326336,47093,0,0,1,0
2004,Never treated,8.82893352896109,12.9000694650447,10.4283935805101,47093,0,0,1,0
2005,Never treated,8.8180382503943,12.9217540133947,10.4642170058303,47093,0,0,1,0
2006,Never treated,8.85452220375743,12.9384741925233,10.4999035441363,47093,0,0,1,0
2007,Never treated,8.89453313579855,12.9591759892437,10.5358757272505,47093,0,0,1,0
2001,Never treated,3.89182029811063,8.98180732337753,9.90063348355322,47095,0,0,1,0
2002,Never treated,3.93182563272433,8.97335141383992,9.92004964083511,47095,0,0,1,0
2003,Never treated,3.91202300542815,8.97094039814245,9.94362131027577,47095,0,0,1,0
2004,Never treated,3.43398720448515,8.94193791425636,9.99250524885378,47095,0,0,1,0
2005,Never treated,3.73766961828337,8.9254543868264,9.99811568161491,47095,0,0,1,0
2006,Never treated,3.71357206670431,8.91368482472529,9.97361977471651,47095,0,0,1,0
2007,Never treated,3.80666248977032,8.91085558740525,9.99016970867185,47095,0,0,1,0
2001,Never treated,5.46383180502561,10.2099055070431,10.0917497619922,47097,0,0,1,0
2002,Never treated,4.85981240436167,10.2091323253621,10.1056117366263,47097,0,0,1,0
2003,Never treated,4.7361984483945,10.2069199350791,10.1754593625323,47097,0,0,1,0
2004,Never treated,4.72738781871234,10.1960452199347,10.2097214703824,47097,0,0,1,0
2005,Never treated,4.52178857704904,10.1877638318531,10.2322875757088,47097,0,0,1,0
2006,Never treated,4.78749174278205,10.1876509416763,10.2861274700023,47097,0,0,1,0
2007,Never treated,4.88280192258637,10.1886289000782,10.3064161129923,47097,0,0,1,0
2001,Never treated,6.05678401322862,10.5987824251535,10.0539743858101,47099,0,0,1,0
2002,Never treated,5.98141421125448,10.6122866010343,10.1169847267985,47099,0,0,1,0
2003,Never treated,5.89715386763674,10.6146465421478,10.1600658799366,47099,0,0,1,0
2004,Never treated,5.91889385427315,10.6150393247722,10.1911446246754,47099,0,0,1,0
2005,Never treated,5.96614673912369,10.6138605137611,10.2187361527057,47099,0,0,1,0
2006,Never treated,5.96614673912369,10.6113509169318,10.2240118657919,47099,0,0,1,0
2007,Never treated,6.05208916892442,10.618494067449,10.2417795609393,47099,0,0,1,0
2001,Never treated,4.63472898822964,9.3460942929538,9.94010873599177,47101,0,0,1,0
2002,Never treated,4.54329478227,9.34487126493379,9.98971111928475,47101,0,0,1,0
2003,Never treated,4.45434729625351,9.34862295977619,9.94510922722695,47101,0,0,1,0
2004,Never treated,4.36944785246702,9.34661799026873,9.94030152565884,47101,0,0,1,0
2005,Never treated,4.51085950651685,9.33617975681533,9.95132488195029,47101,0,0,1,0
2006,Never treated,4.47733681447821,9.3460942929538,9.98612688605693,47101,0,0,1,0
2007,Never treated,4.53259949315326,9.35253413767936,10.0234903449308,47101,0,0,1,0
2001,Never treated,5.90263333340137,10.3601526173427,10.0733990892534,47103,0,0,1,0
2002,Never treated,5.90536184805457,10.3645135027495,10.0915426411778,47103,0,0,1,0
2003,Never treated,5.85507192220243,10.3708940621845,10.108752224963,47103,0,0,1,0
2004,Never treated,5.71042701737487,10.3735224312936,10.1561899060919,47103,0,0,1,0
2005,Never treated,5.72358510195238,10.3780433051291,10.1886664947698,47103,0,0,1,0
2006,Never treated,5.78689738136671,10.3850491306156,10.2000674219235,47103,0,0,1,0
2007,Never treated,5.93489419561959,10.3961390223232,10.2437739346193,47103,0,0,1,0
2001,Never treated,5.68017260901707,10.5957843716412,10.1800960385193,47105,0,0,1,0
2002,Never treated,5.57215403217776,10.6158979992769,10.193392153341,47105,0,0,1,0
2003,Never treated,5.8111409929767,10.6369606045676,10.2393524619143,47105,0,0,1,0
2004,Never treated,5.82008293035236,10.6517619187214,10.3325389704504,47105,0,0,1,0
2005,Never treated,5.80211837537706,10.6745675241525,10.352363301726,47105,0,0,1,0
2006,Never treated,6.00881318544259,10.6983109701267,10.4181059745408,47105,0,0,1,0
2007,Never treated,5.96870755998537,10.7220772487866,10.4405071003846,47105,0,0,1,0
2001,Never treated,6.41999492814714,10.8156497738265,10.3043755349012,47107,0,0,1,0
2002,Never treated,6.16751649088834,10.8225943156698,10.3363732562203,47107,0,0,1,0
2003,Never treated,6.20859002609663,10.8313905997384,10.3743970213853,47107,0,0,1,0
2004,Never treated,6.1463292576689,10.8362813565093,10.4163710574116,47107,0,0,1,0
2005,Never treated,6.15060276844628,10.8409329384827,10.4304620780415,47107,0,0,1,0
2006,Never treated,6.23832462503951,10.8507729485125,10.4649017224129,47107,0,0,1,0
2007,Never treated,6.25190388316589,10.8612080941734,10.4956258464626,47107,0,0,1,0
2001,Never treated,5.61312810638807,10.1133432095234,10.0726816534226,47109,0,0,1,0
2002,Never treated,5.50125821054473,10.1153679115716,10.0662014630239,47109,0,0,1,0
2003,Never treated,5.46806014113513,10.1237870633986,10.0962956000542,47109,0,0,1,0
2004,Never treated,5.36129216570943,10.1306629649637,10.1596402574573,47109,0,0,1,0
2005,Never treated,5.32787616878958,10.1301050626618,10.1732856558893,47109,0,0,1,0
2006,Never treated,5.50938833662798,10.1392708841968,10.2020353782982,47109,0,0,1,0
2007,Never treated,5.4510384535657,10.142425709749,10.2189914827211,47109,0,0,1,0
2001,Never treated,5.39816270151775,9.94697798361066,9.93387125717057,47111,0,0,1,0
2002,Never treated,5.20948615284142,9.94568460123592,9.96622758235731,47111,0,0,1,0
2003,Never treated,5.20948615284142,9.95399053470923,10.0045990539045,47111,0,0,1,0
2004,Never treated,5.25227342804663,9.96904118327557,10.050052389618,47111,0,0,1,0
2005,Never treated,5.24702407216049,9.96359439326825,10.0581809422126,47111,0,0,1,0
2006,Never treated,5.21493575760899,9.97212702825282,10.0910868243254,47111,0,0,1,0
2007,Never treated,5.11198778835654,9.98483709823245,10.1355908452218,47111,0,0,1,0
2001,Never treated,7.37525577800975,11.4390959155917,10.3053461650502,47113,0,0,1,0
2002,Never treated,7.24351297466548,11.4449891779584,10.3394172014481,47113,0,0,1,0
2003,Never treated,7.15695636461564,11.4499111150267,10.3763620568735,47113,0,0,1,0
2004,Never treated,7.16549347506085,11.453483268813,10.4071677081412,47113,0,0,1,0
2005,Never treated,7.18083119904456,11.4608634541433,10.4269134582779,47113,0,0,1,0
2006,Never treated,7.19967834569117,11.4722701232293,10.461387583688,47113,0,0,1,0
2007,Never treated,7.18462915271731,11.4784996379552,10.4767808046206,47113,0,0,1,0
2001,Never treated,6.42648845745769,10.773483005425,10.1206532721638,47035,0,0,1,0
2002,Never treated,6.29894924685594,10.7936190969245,10.0908795661432,47035,0,0,1,0
2003,Never treated,6.31535800152233,10.8053953440428,10.1169443382608,47035,0,0,1,0
2004,Never treated,6.27852142416584,10.8235113079994,10.1316982441834,47035,0,0,1,0
2005,Never treated,6.42486902390539,10.8378539311375,10.1537792357693,47035,0,0,1,0
2006,Never treated,6.38687931936265,10.8586912579089,10.2025545698545,47035,0,0,1,0
2007,Never treated,6.42162226780652,10.8830159598148,10.239781201783,47035,0,0,1,0
2001,Never treated,5.88887795833288,10.2100527119894,10.2600774928622,47117,0,0,1,0
2002,Never treated,5.76832099579377,10.2195748494931,10.3457345047368,47117,0,0,1,0
2003,Never treated,5.73334127689775,10.2259695230296,10.30624900907,47117,0,0,1,0
2004,Never treated,5.54907608489522,10.2381724785832,10.2786996174733,47117,0,0,1,0
2005,Never treated,5.61312810638807,10.2418508571036,10.2928910270969,47117,0,0,1,0
2006,Never treated,5.59098698051086,10.2601124952248,10.3163915897413,47117,0,0,1,0
2007,Never treated,5.78074351579233,10.2881375209304,10.3379935294287,47117,0,0,1,0
2001,Never treated,6.96885037834195,11.1601002441862,10.5263463799779,47119,0,0,1,0
2002,Never treated,6.85118492749374,11.177522656307,10.580454536867,47119,0,0,1,0
2003,Never treated,6.78558764500793,11.1994605191431,10.6066840689491,47119,0,0,1,0
2004,Never treated,6.81124437860129,11.2217439432487,10.6056688027259,47119,0,0,1,0
2005,Never treated,6.76734312526539,11.2323514039778,10.5513235103861,47119,0,0,1,0
2006,Never treated,6.80350525760834,11.256470704935,10.6118927354851,47119,0,0,1,0
2007,Never treated,6.92461239604856,11.2950181804513,10.5269898633902,47119,0,0,1,0
2001,Never treated,3.66356164612965,9.32670017309238,10.0857257725243,47121,0,0,1,0
2002,Never treated,4.11087386417331,9.33361938813635,10.1131405136678,47121,0,0,1,0
2003,Never treated,3.89182029811063,9.3410176956178,10.1892678176983,47121,0,0,1,0
2004,Never treated,4.04305126783455,9.34966743719728,10.2360234806215,47121,0,0,1,0
2005,Never treated,4.02535169073515,9.34574500898239,10.3024985442378,47121,0,0,1,0
2006,Never treated,3.68887945411394,9.35192673603805,10.3694831603843,47121,0,0,1,0
2007,Never treated,3.40119738166216,9.36768594269996,10.3908705321756,47121,0,0,1,0
2001,Never treated,6.19644412779452,10.5882244657361,10.1131810561259,47123,0,0,1,0
2002,Never treated,6.01615715969835,10.6065603111676,10.1594854407213,47123,0,0,1,0
2003,Never treated,6.07534603108868,10.6245173740823,10.1972013972196,47123,0,0,1,0
2004,Never treated,6.0282785202307,10.6482304817397,10.2535104203945,47123,0,0,1,0
2005,Never treated,6.1463292576689,10.6665804837827,10.2866388830477,47123,0,0,1,0
2006,Never treated,6.15485809401642,10.6860640179225,10.3124797664204,47123,0,0,1,0
2007,Never treated,6.21660610108486,10.7102981837915,10.3417747410115,47123,0,0,1,0
2001,Never treated,7.44424864949671,11.8177227332776,10.1271109886872,47125,0,0,1,0
2002,Never treated,7.34794382314869,11.8266772501551,10.1660441062072,47125,0,0,1,0
2003,Never treated,7.31654817718298,11.8452318937933,10.1863329470964,47125,0,0,1,0
2004,Never treated,7.33498187887181,11.8622152053021,10.2160695331642,47125,0,0,1,0
2005,Never treated,7.38894609761844,11.9026472954624,10.2601824962749,47125,0,0,1,0
2006,Never treated,7.42595365707754,11.904704004507,10.2960700348133,47125,0,0,1,0
2007,Never treated,7.51479976048867,11.9502767619407,10.3364381175792,47125,0,0,1,0
2001,Never treated,3.3322045101752,8.67162954472066,10.2148251145863,47127,0,0,1,0
2002,Never treated,3.55534806148941,8.69399956752208,10.2358083266063,47127,0,0,1,0
2003,Never treated,3.3322045101752,8.68744216697592,10.317251463459,47127,0,0,1,0
2004,Never treated,3.43398720448515,8.69634305704456,10.3437082919346,47127,0,0,1,0
2005,Never treated,3.25809653802148,8.6978466911095,10.4012583314283,47127,0,0,1,0
2006,Never treated,3.3322045101752,8.69918135930895,10.4408285169578,47127,0,0,1,0
2007,Never treated,3.46573590279973,8.70665585636156,10.4468287679788,47127,0,0,1,0
2001,Never treated,4.40671924726425,9.90433719149071,9.914081240747,47129,0,0,1,0
2002,Never treated,4.39444915467244,9.90633349898605,9.94549284668116,47129,0,0,1,0
2003,Never treated,4.34380542185368,9.9085248440534,10.0413781798756,47129,0,0,1,0
2004,Never treated,4.06044301054642,9.90912165115322,10.041465295478,47129,0,0,1,0
2005,Never treated,4.26267987704132,9.90698144179038,10.0636061034289,47129,0,0,1,0
2006,Never treated,4.17438726989564,9.90757917043938,10.1379666135141,47129,0,0,1,0
2007,Never treated,4.27666611901606,9.88251924609993,10.2435604418772,47129,0,0,1,0
2001,Never treated,6.04263283368238,10.3860371509504,10.3428386566434,47131,0,0,1,0
2002,Never treated,6.00635315960173,10.3869933656472,10.3878870620656,47131,0,0,1,0
2003,Never treated,5.88332238848828,10.3838436594859,10.4048990016915,47131,0,0,1,0
2004,Never treated,5.74300318780948,10.3855123866964,10.4412082397648,47131,0,0,1,0
2005,Never treated,5.74939298590825,10.3689496345506,10.4340569783387,47131,0,0,1,0
2006,Never treated,5.86929691313377,10.3599309054089,10.4259650290426,47131,0,0,1,0
2007,Never treated,5.8664680569333,10.3601209472187,10.5046839043482,47131,0,0,1,0
2001,Never treated,5.48893772615669,9.91462529694658,10.0098275883075,47133,0,0,1,0
2002,Never treated,5.35185813347607,9.91610758389223,10.062796335021,47133,0,0,1,0
2003,Never treated,5.17048399503815,9.91383384459027,10.0945210499321,47133,0,0,1,0
2004,Never treated,5.17048399503815,9.92500439599838,10.1842205358997,47133,0,0,1,0
2005,Never treated,5.11198778835654,9.92622703950562,10.1955226368694,47133,0,0,1,0
2006,Never treated,5.2257466737132,9.93890295775708,10.19653023123,47133,0,0,1,0
2007,Never treated,5.28826703069454,9.94955974063851,10.2520647984372,47133,0,0,1,0
2001,Never treated,3.66356164612965,8.92492240117747,10.0621565806649,47135,0,0,1,0
2002,Never treated,3.8286413964891,8.92877290052426,10.1100137980269,47135,0,0,1,0
2003,Never treated,3.93182563272433,8.94141462800684,10.1294271911523,47135,0,0,1,0
2004,Never treated,4.04305126783455,8.93826914703855,10.1895307828194,47135,0,0,1,0
2005,Never treated,3.87120101090789,8.93524541502987,10.1658133547255,47135,0,0,1,0
2006,Never treated,4.07753744390572,8.93471861401677,10.1793753451052,47135,0,0,1,0
2007,Never treated,4.11087386417331,8.94611437556074,10.227091634164,47135,0,0,1,0
2001,Never treated,3.78418963391826,8.51519118874556,9.93178342169097,47137,0,0,1,0
2002,Never treated,3.40119738166216,8.52872642722991,9.95380036640972,47137,0,0,1,0
2003,Never treated,3.58351893845611,8.50714285556274,9.91586068859927,47137,0,0,1,0
2004,Never treated,3.52636052461616,8.48899945704546,9.95972609898332,47137,0,0,1,0
2005,Never treated,3.76120011569356,8.48032171664033,10.0315728922993,47137,0,0,1,0
2006,Never treated,3.52636052461616,8.4721958254855,10.0305606350996,47137,0,0,1,0
2007,Never treated,3.49650756146648,8.47449443688312,10.087099942513,47137,0,0,1,0
2001,Never treated,6.63725803128446,11.0570613992782,10.1653901720004,47059,0,0,1,0
2002,Never treated,6.43294009273918,11.0620497256327,10.2043326115142,47059,0,0,1,0
2003,Never treated,6.50876913697168,11.0696182929351,10.2242658524771,47059,0,0,1,0
2004,Never treated,6.46614472423762,11.0756755288626,10.2719428350104,47059,0,0,1,0
2005,Never treated,6.42486902390539,11.0800480492517,10.3026662760016,47059,0,0,1,0
2006,Never treated,6.58892647753352,11.0877116281133,10.3213751806428,47059,0,0,1,0
2007,Never treated,6.5792512120101,11.0952106344331,10.3687926610003,47059,0,0,1,0
2001,Never treated,6.8501261661455,11.0531414372518,10.183880624651,47141,0,0,1,0
2002,Never treated,6.70808408385307,11.0675754231631,10.2029623170569,47141,0,0,1,0
2003,Never treated,6.75925527066369,11.0814346060377,10.2412446776202,47141,0,0,1,0
2004,Never treated,6.82762923450285,11.0934476356635,10.269691946691,47141,0,0,1,0
2005,Never treated,6.82328612235569,11.1139691287749,10.2709392184461,47141,0,0,1,0
2006,Never treated,6.7719355558396,11.1364996066839,10.3034039617139,47141,0,0,1,0
2007,Never treated,6.79570577517351,11.1552929198206,10.3374753275775,47141,0,0,1,0
2001,Never treated,5.79301360838414,10.2627690963398,10.1922315609343,47143,0,0,1,0
2002,Never treated,5.62401750618734,10.2734981796599,10.2806903509263,47143,0,0,1,0
2003,Never treated,5.74620319054015,10.288885998494,10.3046433890562,47143,0,0,1,0
2004,Never treated,5.65248918026865,10.2971499485251,10.3343279669755,47143,0,0,1,0
2005,Never treated,5.61677109766657,10.2997100792774,10.3375401174962,47143,0,0,1,0
2006,Never treated,5.70044357339069,10.3107510425857,10.4131024436611,47143,0,0,1,0
2007,Never treated,5.73334127689775,10.3276108424628,10.4662412691625,47143,0,0,1,0
2001,Never treated,6.12468339089421,10.8587489663084,10.4635032604929,47145,0,0,1,0
2002,Never treated,6.20253551718792,10.8636994714682,10.5146651702288,47145,0,0,1,0
2003,Never treated,6.02344759296103,10.8696535739039,10.581114921438,47145,0,0,1,0
2004,Never treated,6.10255859461357,10.8739065564485,10.6378006684619,47145,0,0,1,0
2005,Never treated,6.19236248947487,10.8709275684288,10.6655309332438,47145,0,0,1,0
2006,Never treated,6.07993319509559,10.8788016248597,10.7069902529237,47145,0,0,1,0
2007,Never treated,6.04973345523196,10.8838604514342,10.7355484897765,47145,0,0,1,0
2001,Never treated,6.55961523749324,10.934605845841,10.1400210569691,47147,0,0,1,0
2002,Never treated,6.46769872610435,10.9549034063733,10.1840317105814,47147,0,0,1,0
2003,Never treated,6.46302945692067,10.972585204654,10.2327553278087,47147,0,0,1,0
2004,Never treated,6.36647044773144,10.9886261439124,10.2603224836762,47147,0,0,1,0
2005,Never treated,6.44571981938558,11.0010659736139,10.2637111923986,47147,0,0,1,0
2006,Never treated,6.39526159811545,11.0281248990284,10.3139070341094,47147,0,0,1,0
2007,Never treated,6.53087762772588,11.0611860253301,10.3360164435269,47147,0,0,1,0
2001,Never treated,7.9536697786498,12.1518117944037,10.3775454521099,47149,0,0,1,0
2002,Never treated,7.80261806344267,12.184174624429,10.4085566391897,47149,0,0,1,0
2003,Never treated,7.82564473221999,12.2171362178862,10.4532838582002,47149,0,0,1,0
2004,Never treated,7.85205020726589,12.2536191795693,10.4770062456405,47149,0,0,1,0
2005,Never treated,7.82684209815829,12.300650739243,10.4834660349904,47149,0,0,1,0
2006,Never treated,7.95050243480885,12.3483574896671,10.5534401345088,47149,0,0,1,0
2007,Never treated,8.03008409426756,12.3967136660824,10.5934546820894,47149,0,0,1,0
2001,Never treated,5.34233425196481,9.97775979691072,10.0165929986414,47151,0,0,1,0
2002,Never treated,5.04342511691925,9.98456049856261,10.028356534582,47151,0,0,1,0
2003,Never treated,5.32300997913841,9.98635703035842,10.050052389618,47151,0,0,1,0
2004,Never treated,5.2257466737132,9.98713912503174,10.1005745615306,47151,0,0,1,0
2005,Never treated,5.20948615284142,9.98502145551739,10.0884722267496,47151,0,0,1,0
2006,Never treated,5.31320597904179,9.98929820894924,10.1335272705382,47151,0,0,1,0
2007,Never treated,5.35658627467201,9.99643129817887,10.1676578774019,47151,0,0,1,0
2001,Never treated,4.70048036579242,9.35348788119467,9.98030969513741,47153,0,0,1,0
2002,Never treated,4.38202663467388,9.37568530456302,9.9940135792355,47153,0,0,1,0
2003,Never treated,4.46590811865458,9.39648793360367,10.0353049771563,47153,0,0,1,0
2004,Never treated,4.72738781871234,9.41962837699995,10.08108965688,47153,0,0,1,0
2005,Never treated,4.69134788222914,9.4501443641835,10.1004103242073,47153,0,0,1,0
2006,Never treated,4.61512051684126,9.47523988153072,10.1614575610024,47153,0,0,1,0
2007,Never treated,4.57471097850338,9.50777473587064,10.1020514848759,47153,0,0,1,0
2001,Never treated,7.48042830607421,11.2001717080894,9.96913483377198,47155,0,0,1,0
2002,Never treated,7.42714413340862,11.2164044438512,9.96763537235988,47155,0,0,1,0
2003,Never treated,7.44014668066269,11.2328014251629,10.0004781378498,47155,0,0,1,0
2004,Never treated,7.36454701425564,11.2535457423237,10.0350858278929,47155,0,0,1,0
2005,Never treated,7.45240245122364,11.2846814282671,10.0757587734766,47155,0,0,1,0
2006,Never treated,7.52671756135271,11.3099153685756,10.123185173446,47155,0,0,1,0
2007,Never treated,7.54168309988211,11.3380004859265,10.1482751719082,47155,0,0,1,0
2001,Never treated,9.70801996407216,13.7089660082814,10.4854517441353,47157,0,0,1,0
2002,Never treated,9.54731248363905,13.7120648745112,10.5247627208583,47157,0,0,1,0
2003,Never treated,9.48607637340956,13.7160205548567,10.5624314117546,47157,0,0,1,0
2004,Never treated,9.44770236052795,13.7171113119038,10.6090572530946,47157,0,0,1,0
2005,Never treated,9.40640045488065,13.7161310094992,10.6291987239693,47157,0,0,1,0
2006,Never treated,9.47031717333574,13.7208239836776,10.6686530233847,47157,0,0,1,0
2007,Never treated,9.52493210973482,13.7320898178248,10.7156836338737,47157,0,0,1,0
2001,Never treated,5.57215403217776,9.79662591075203,10.1946261443361,47159,0,0,1,0
2002,Never treated,5.4380793089232,9.80813237171927,10.2224865894939,47159,0,0,1,0
2003,Never treated,5.32787616878958,9.81591238028017,10.2753269329946,47159,0,0,1,0
2004,Never treated,5.20948615284142,9.81994288682578,10.2766016304266,47159,0,0,1,0
2005,Never treated,5.28320372873799,9.82406548555864,10.2764983370907,47159,0,0,1,0
2006,Never treated,5.16478597392351,9.82973336394747,10.3582823617772,47159,0,0,1,0
2007,Never treated,5.27811465923052,9.84463947672692,10.403626274247,47159,0,0,1,0
2001,Never treated,3.97029191355212,9.44176950287716,10.2541444241493,47161,0,0,1,0
2002,Never treated,4.64439089914137,9.45688790106941,10.2578347894657,47161,0,0,1,0
2003,Never treated,4.56434819146784,9.46117690830714,10.3447379924471,47161,0,0,1,0
2004,Never treated,4.30406509320417,9.45665342531703,10.4190320250021,47161,0,0,1,0
2005,Never treated,4.36944785246702,9.46397433028839,10.4775414644592,47161,0,0,1,0
2006,Never treated,4.59511985013459,9.46273199764938,10.525434069085,47161,0,0,1,0
2007,Never treated,4.40671924726425,9.47554674766278,10.5830934625294,47161,0,0,1,0
2001,Never treated,7.50878717063428,11.9346772226411,10.4062608431113,47163,0,0,1,0
2002,Never treated,7.39694860262101,11.9368262534563,10.4210007644519,47163,0,0,1,0
2003,Never treated,7.38709023565676,11.9377225013779,10.4456955575308,47163,0,0,1,0
2004,Never treated,7.39756153552405,11.9333645678055,10.5181325049411,47163,0,0,1,0
2005,Never treated,7.44424864949671,11.9322408798884,10.526587734784,47163,0,0,1,0
2006,Never treated,7.51806418123308,11.9340867411847,10.5712399990761,47163,0,0,1,0
2007,Never treated,7.60339933974067,11.9414558460094,10.6102910595436,47163,0,0,1,0
2001,Never treated,7.55851674304564,11.8040715308632,10.2551298539468,47165,0,0,1,0
2002,Never treated,7.39203156751459,11.8237721539525,10.2776683706045,47165,0,0,1,0
2003,Never treated,7.41034709782102,11.8404074097533,10.3099854604562,47165,0,0,1,0
2004,Never treated,7.40549566319947,11.8616932293998,10.3455417088749,47165,0,0,1,0
2005,Never treated,7.49331724886215,11.8768182971674,10.3979093664764,47165,0,0,1,0
2006,Never treated,7.48380668766583,11.9070127571864,10.4367300305861,47165,0,0,1,0
2007,Never treated,7.51261754467451,11.9354312196805,10.4686024781738,47165,0,0,1,0
2001,Never treated,6.1463292576689,10.8742664696944,10.1743158954157,47167,0,0,1,0
2002,Never treated,5.94017125272043,10.8852476222036,10.1678882036985,47167,0,0,1,0
2003,Never treated,6.01126717440416,10.8992731497379,10.2245923120262,47167,0,0,1,0
2004,Never treated,5.86929691313377,10.9084116785519,10.254637260432,47167,0,0,1,0
2005,Never treated,6.11368217983223,10.9187544634929,10.2600774928622,47167,0,0,1,0
2006,Never treated,6.14846829591765,10.9397101208509,10.2891240330101,47167,0,0,1,0
2007,Never treated,6.15697898558556,10.9633416877204,10.3025656403194,47167,0,0,1,0
2001,Never treated,4.53259949315326,8.90476584668281,10.0241109948599,47169,0,0,1,0
2002,Never treated,4.24849524204936,8.90882979158787,10.031044885951,47169,0,0,1,0
2003,Never treated,4.21950770517611,8.91798070997329,10.0810477922284,47169,0,0,1,0
2004,Never treated,4.33073334028633,8.92319149068606,10.1200092275415,47169,0,0,1,0
2005,Never treated,4.33073334028633,8.91314653915181,10.1663516920453,47169,0,0,1,0
2006,Never treated,4.36944785246702,8.92412389168601,10.2165814910486,47169,0,0,1,0
2007,Never treated,4.43081679884331,8.95014375645926,10.2156305034129,47169,0,0,1,0
2001,Never treated,4.70048036579242,9.7743465082129,10.2167277166018,47171,0,0,1,0
2002,Never treated,4.89034912822175,9.77905747415795,10.274050608635,47171,0,0,1,0
2003,Never treated,4.99721227376411,9.78312619586494,10.3354647551844,47171,0,0,1,0
2004,Never treated,4.69134788222914,9.77922733515544,10.4042931430198,47171,0,0,1,0
2005,Never treated,4.85981240436167,9.77457405244279,10.4044143441229,47171,0,0,1,0
2006,Never treated,4.89034912822175,9.77684665156873,10.4332919348999,47171,0,0,1,0
2007,Never treated,4.85981240436167,9.78143290652882,10.4731102468106,47171,0,0,1,0
2001,Never treated,4.63472898822964,9.81667615554916,10.0047346195524,47173,0,0,1,0
2002,Never treated,4.59511985013459,9.82919494795427,10.0101422304047,47173,0,0,1,0
2003,Never treated,4.51085950651685,9.84331282950006,10.1976113325674,47173,0,0,1,0
2004,Never treated,4.34380542185368,9.84601732538158,10.214898358562,47173,0,0,1,0
2005,Never treated,4.33073334028633,9.83413747440133,10.3151335197194,47173,0,0,1,0
2006,Never treated,4.63472898822964,9.83905569237674,10.3994939114038,47173,0,0,1,0
2007,Never treated,4.45434729625351,9.84855606900991,10.3912697031335,47173,0,0,1,0
2001,Never treated,2.83321334405622,8.60630236648801,10.3361137687067,47175,0,0,1,0
2002,Never treated,2.83321334405622,8.61902749729751,10.4476995953198,47175,0,0,1,0
2003,Never treated,1.6094379124341,8.61122983334262,10.4820652783529,47175,0,0,1,0
2004,Never treated,1.79175946922805,8.60355435706428,10.4983601638277,47175,0,0,1,0
2005,Never treated,2.30258509299405,8.58988587680968,10.4188528563442,47175,0,0,1,0
2006,Never treated,2.70805020110221,8.58485183989005,10.584992221312,47175,0,0,1,0
2007,Never treated,2.56494935746154,8.59932602095476,10.3544676259307,47175,0,0,1,0
2001,Never treated,6.1463292576689,10.5638790763561,10.2710084657281,47177,0,0,1,0
2002,Never treated,6.01859321449623,10.5656857149521,10.3428708788478,47177,0,0,1,0
2003,Never treated,5.85220247977447,10.5791324579599,10.4001635406977,47177,0,0,1,0
2004,Never treated,5.93753620508243,10.5841065825188,10.4299305871972,47177,0,0,1,0
2005,Never treated,6.00141487796115,10.5780633475106,10.4314947245109,47177,0,0,1,0
2006,Never treated,5.94017125272043,10.5814957142533,10.4014406800794,47177,0,0,1,0
2007,Never treated,5.95064255258773,10.5943821980428,10.417926639872,47177,0,0,1,0
2001,Never treated,7.66481578528574,11.5857018366517,10.1930553458981,47179,0,0,1,0
2002,Never treated,7.50218648660292,11.600597457039,10.2319996194762,47179,0,0,1,0
2003,Never treated,7.46164039220858,11.608508334864,10.2523823091559,47179,0,0,1,0
2004,Never treated,7.44014668066269,11.6166276062852,10.2959011928996,47179,0,0,1,0
2005,Never treated,7.46049030582534,11.6326976321033,10.3167554727073,47179,0,0,1,0
2006,Never treated,7.51043055637801,11.649517170058,10.3603109529194,47179,0,0,1,0
2007,Never treated,7.59186171488993,11.6675074803304,10.3864691030721,47179,0,0,1,0
2001,Never treated,4.98360662170834,9.74519497354154,9.86521439031464,47181,0,0,1,0
2002,Never treated,5.03695260241363,9.74326011321524,9.92544471988817,47181,0,0,1,0
2003,Never treated,4.88280192258637,9.73636982948445,9.98608085083998,47181,0,0,1,0
2004,Never treated,5.03043792139244,9.73465461392273,10.0779869290239,47181,0,0,1,0
2005,Never treated,4.9416424226093,9.7242412622591,10.0635208955215,47181,0,0,1,0
2006,Never treated,5.2040066870768,9.72160589897056,10.1020514848759,47181,0,0,1,0
2007,Never treated,5.25749537202778,9.71565081505406,10.1616893196654,47181,0,0,1,0
2001,Never treated,5.90536184805457,10.4452593651921,10.0819684099441,47183,0,0,1,0
2002,Never treated,5.78382518232974,10.4421423282208,10.1073259527923,47183,0,0,1,0
2003,Never treated,5.64897423816121,10.4376390016056,10.1445496043527,47183,0,0,1,0
2004,Never treated,5.62040086571715,10.424006048273,10.1763731957452,47183,0,0,1,0
2005,Never treated,5.73979291217923,10.4205238500788,10.1861068306454,47183,0,0,1,0
2006,Never treated,5.70711026474888,10.4123211936213,10.2314954964595,47183,0,0,1,0
2007,Never treated,5.65948221575962,10.411238454185,10.2452315830864,47183,0,0,1,0
2001,Never treated,5.44241771052179,10.061516416761,10.0767683646779,47185,0,0,1,0
2002,Never treated,5.01063529409626,10.0645854728785,10.1332491561519,47185,0,0,1,0
2003,Never treated,5.03043792139244,10.0676027073881,10.1433702198546,47185,0,0,1,0
2004,Never treated,5.01063529409626,10.0802520306635,10.1693457062579,47185,0,0,1,0
2005,Never treated,5.06890420222023,10.096584182498,10.1787300735943,47185,0,0,1,0
2006,Never treated,5.11198778835654,10.1056934326355,10.2137258107013,47185,0,0,1,0
2007,Never treated,5.2040066870768,10.125270178211,10.2297290618539,47185,0,0,1,0
2001,Never treated,7.97453284413023,11.7942247104528,10.4668392105536,47187,0,0,1,0
2002,Never treated,7.90728360942635,11.8256464315134,10.483829910549,47187,0,0,1,0
2003,Never treated,7.87245515006398,11.8604153551566,10.5374153734361,47187,0,0,1,0
2004,Never treated,7.89580837708318,11.8981334425112,10.585725442588,47187,0,0,1,0
2005,Never treated,7.84815308619953,11.9320436113988,10.6718581543337,47187,0,0,1,0
2006,Never treated,7.91461770904068,11.9758163585788,10.7056684941202,47187,0,0,1,0
2007,Never treated,8.03883475778775,12.0241430119243,10.7786229009888,47187,0,0,1,0
2001,Never treated,7.04315991598834,11.4227381409046,10.3283957461889,47189,0,0,1,0
2002,Never treated,6.90775527898214,11.4453423136464,10.3682587665417,47189,0,0,1,0
2003,Never treated,6.90575327631146,11.4676979470335,10.4186736555791,47189,0,0,1,0
2004,Never treated,6.88755257166462,11.4906082788192,10.4518401481928,47189,0,0,1,0
2005,Never treated,7.02642680869964,11.5106328389103,10.4726858526269,47189,0,0,1,0
2006,Never treated,7.04053639021596,11.5429016558212,10.505505799685,47189,0,0,1,0
2007,Never treated,7.08002649992259,11.5762288486395,10.5421257475957,47189,0,0,1,0
2001,Never treated,5.6970934865054,10.2329351742204,10.0039661711023,47115,0,0,1,0
2002,Never treated,5.6021188208797,10.232539469411,10.0354802619946,47115,0,0,1,0
2003,Never treated,5.68697535633982,10.2342291144484,10.0826374181644,47115,0,0,1,0
2004,Never treated,5.65948221575962,10.229043277416,10.1359079406305,47115,0,0,1,0
2005,Never treated,5.67332326717149,10.2307027893232,10.1722161370708,47115,0,0,1,0
2006,Never treated,5.59098698051086,10.2389592888238,10.2403168682542,47115,0,0,1,0
2007,Never treated,5.4553211153577,10.2406381304604,10.2433824964348,47115,0,0,1,0
2001,Never treated,4.57471097850338,9.69393867348769,9.90368753253879,47139,0,0,1,0
2002,Never treated,4.35670882668959,9.68806412423706,9.94131306207611,47139,0,0,1,0
2003,Never treated,4.69134788222914,9.69010867127683,9.97114620100994,47139,0,0,1,0
2004,Never treated,4.47733681447821,9.67658695234421,10.0448568979987,47139,0,0,1,0
2005,Never treated,4.46590811865458,9.66592808948756,10.0641171984611,47139,0,0,1,0
2006,Never treated,4.83628190695148,9.66326142124064,10.0894690701616,47139,0,0,1,0
2007,Never treated,4.65396035015752,9.66307067255146,10.1368982162061,47139,0,0,1,0
2001,Never treated,7.28344822875663,11.2930515625236,10.2019982828702,48005,0,0,1,0
2002,Never treated,7.23345541862144,11.2956148688485,10.2103470568902,48005,0,0,1,0
2003,Never treated,7.09090982207998,11.3026734594472,10.2375640645566,48005,0,0,1,0
2004,Never treated,7.10414409298753,11.3055568327714,10.2965763895762,48005,0,0,1,0
2005,Never treated,7.02286808608264,11.304473462399,10.3355621340695,48005,0,0,1,0
2006,Never treated,7.13169851046691,11.3157785536817,10.3647026757488,48005,0,0,1,0
2007,Never treated,7.14282740116162,11.3215833449552,10.4013191180067,48005,0,0,1,0
2001,Never treated,5.4249500174814,10.0236677127922,9.98289929196029,48007,0,0,1,0
2002,Never treated,5.3890717298165,10.0469383349411,9.9910862570152,48007,0,0,1,0
2003,Never treated,5.39362754635236,10.0719214540448,10.0355678928933,48007,0,0,1,0
2004,Never treated,5.26785815906333,10.0857674417953,10.0867253561144,48007,0,0,1,0
2005,Never treated,5.39816270151775,10.102748163387,10.1366606394875,48007,0,0,1,0
2006,Never treated,5.52146091786225,10.1021744634163,10.2057010308338,48007,0,0,1,0
2007,Never treated,5.57972982598622,10.0993421236127,10.2565359284192,48007,0,0,1,0
2001,Never treated,6.33505425149806,10.9004730871159,10.259377188201,48001,0,0,1,0
2002,Never treated,6.23048144757848,10.9079356711465,10.2777371534914,48001,0,0,1,0
2003,Never treated,6.0913098820777,10.9336782350856,10.2781497514892,48001,0,0,1,0
2004,Never treated,6.03787091992214,10.9328926610405,10.2976894683656,48001,0,0,1,0
2005,Never treated,6.01126717440416,10.9344810252704,10.3234142525853,48001,0,0,1,0
2006,Never treated,6.04973345523196,10.9394085018643,10.4015926118927,48001,0,0,1,0
2007,Never treated,6.03548143252476,10.9464814174412,10.5096869904454,48001,0,0,1,0
2001,Never treated,2.63905732961526,7.68340368105383,10.2260781694761,48011,0,0,1,0
2002,Never treated,3.17805383034795,7.65728279297819,10.3018944768324,48011,0,0,1,0
2003,Never treated,3.09104245335832,7.64683139143048,10.1938784527988,48011,0,0,1,0
2004,Never treated,2.83321334405622,7.6657534318617,10.0958419450305,48011,0,0,1,0
2005,Never treated,2.70805020110221,7.66105638236183,10.2845233467211,48011,0,0,1,0
2006,Never treated,2.83321334405622,7.64683139143048,10.3507661634577,48011,0,0,1,0
2007,Never treated,2.70805020110221,7.62997570702779,10.5327626565017,48011,0,0,1,0
2001,Never treated,5.91079664404053,10.5979838226654,10.1287887744041,48013,0,0,1,0
2002,Never treated,5.85793315448346,10.624614619603,10.140415658821,48013,0,0,1,0
2003,Never treated,5.5834963087817,10.6394307778963,10.1551408122961,48013,0,0,1,0
2004,Never treated,5.60947179518496,10.6616731292753,10.1971641220356,48013,0,0,1,0
2005,Never treated,5.6970934865054,10.6568828134414,10.235880049755,48013,0,0,1,0
2006,Never treated,5.4510384535657,10.6677919274124,10.3106179399634,48013,0,0,1,0
2007,Never treated,5.73009978297357,10.6826748051885,10.3454774353267,48013,0,0,1,0
2001,Never treated,5.85793315448346,10.0958006934577,10.3964750181722,48015,0,0,1,0
2002,Never treated,5.88887795833288,10.1119234749781,10.3982752536043,48015,0,0,1,0
2003,Never treated,5.73979291217923,10.1354322598034,10.4191514529424,48015,0,0,1,0
2004,Never treated,5.8664680569333,10.1538570901039,10.4427840082778,48015,0,0,1,0
2005,Never treated,5.8664680569333,10.1575482064851,10.4438622697587,48015,0,0,1,0
2006,Never treated,5.89989735358249,10.1682335937049,10.5214261554983,48015,0,0,1,0
2007,Never treated,5.99893656194668,10.1907695449666,10.5974344132666,48015,0,0,1,0
2001,Never treated,4.66343909411207,8.79224584746788,10.0481072421461,48017,0,0,1,0
2002,Never treated,4.75359019110636,8.78293635634926,10.077902937759,48017,0,0,1,0
2003,Never treated,4.80402104473326,8.79724623670353,10.0663714154376,48017,0,0,1,0
2004,Never treated,4.85203026391962,8.80642406385787,10.1222615713324,48017,0,0,1,0
2005,Never treated,4.91998092582813,8.78752562553291,10.1604913213384,48017,0,0,1,0
2006,Never treated,4.83628190695148,8.76935170779897,10.2138357954868,48017,0,0,1,0
2007,Never treated,4.88280192258637,8.74544368009859,10.2638158149728,48017,0,0,1,0
2001,Never treated,4.67282883446191,9.81602152675485,9.94251593950361,48019,0,0,1,0
2002,Never treated,4.7361984483945,9.85029772402201,9.98030969513741,48019,0,0,1,0
2003,Never treated,4.75359019110636,9.87369822372538,9.96622758235731,48019,0,0,1,0
2004,Never treated,4.67282883446191,9.88766300218916,10.0237563849271,48019,0,0,1,0
2005,Never treated,4.83628190695148,9.87924608816309,10.0842245211998,48019,0,0,1,0
2006,Never treated,4.79579054559674,9.8853744971092,10.0935705777238,48019,0,0,1,0
2007,Never treated,4.79579054559674,9.91926247165149,10.151284691289,48019,0,0,1,0
2001,Never treated,6.41673228251233,11.0264671976525,10.126351064643,48021,0,0,1,0
2002,Never treated,6.38012253689976,11.0704124813863,10.1627701504662,48021,0,0,1,0
2003,Never treated,6.25190388316589,11.1101766643563,10.1738199866528,48021,0,0,1,0
2004,Never treated,6.18208490671663,11.1348663580525,10.2120378607922,48021,0,0,1,0
2005,Never treated,6.10255859461357,11.1398162145681,10.2360234806215,48021,0,0,1,0
2006,Never treated,6.23048144757848,11.1604274995835,10.2752579841202,48021,0,0,1,0
2007,Never treated,6.32793678372919,11.1869736936743,10.3223294576859,48021,0,0,1,0
2001,Never treated,3.85014760171006,8.28045768658256,9.89952973068178,48023,0,0,1,0
2002,Never treated,3.87120101090789,8.27231514795602,9.8787336880699,48023,0,0,1,0
2003,Never treated,3.66356164612965,8.27614021955846,9.89947953113859,48023,0,0,1,0
2004,Never treated,3.68887945411394,8.2776661608515,9.94640335351296,48023,0,0,1,0
2005,Never treated,3.63758615972639,8.25660734462616,10.0228249351247,48023,0,0,1,0
2006,Never treated,3.63758615972639,8.24748200428569,10.0536302109658,48023,0,0,1,0
2007,Never treated,3.93182563272433,8.25842246245888,10.1048761720473,48023,0,0,1,0
2001,Never treated,5.45958551414416,10.3805598894967,10.0749166681637,48025,0,0,1,0
2002,Never treated,5.36129216570943,10.3823270304443,10.1007798202599,48025,0,0,1,0
2003,Never treated,5.22035582507832,10.4100942893005,10.1202105360474,48025,0,0,1,0
2004,Never treated,5.24174701505964,10.4048081462878,10.1822928426752,48025,0,0,1,0
2005,Never treated,5.19295685089021,10.388410581979,10.2059597104605,48025,0,0,1,0
2006,Never treated,5.36597601502185,10.3880410669633,10.2697266141435,48025,0,0,1,0
2007,Never treated,5.33271879326537,10.3870550255313,10.3216714330521,48025,0,0,1,0
2001,Never treated,8.07899825868515,12.3912816961651,10.1869733328565,48027,0,0,1,0
2002,Never treated,7.97899637085411,12.4078577198415,10.2299094533038,48027,0,0,1,0
2003,Never treated,7.9550742732627,12.425934819008,10.2617212809389,48027,0,0,1,0
2004,Never treated,7.90617884039481,12.4310784617522,10.2933312797413,48027,0,0,1,0
2005,Never treated,7.92660259918138,12.4756951207259,10.3261702502614,48027,0,0,1,0
2006,Never treated,7.93951526066241,12.4912064739643,10.3778255249307,48027,0,0,1,0
2007,Never treated,7.96067260838812,12.5366058524047,10.4229656355813,48027,0,0,1,0
2001,Never treated,5.22035582507832,9.45876173047466,10.3166562450293,48003,0,0,1,0
2002,Never treated,5.34233425196481,9.46684132694439,10.3020958731811,48003,0,0,1,0
2003,Never treated,5.10594547390058,9.45837163879817,10.3332549531673,48003,0,0,1,0
2004,Never treated,4.92725368515721,9.46172146470163,10.4012887251794,48003,0,0,1,0
2005,Never treated,5.28826703069454,9.45038037095012,10.4746365762852,48003,0,0,1,0
2006,Never treated,5.61312810638807,9.46039845583127,10.5236338402116,48003,0,0,1,0
2007,Never treated,5.8406416573734,9.4837206597171,10.5942569083101,48003,0,0,1,0
2001,Never treated,4.81218435537242,9.07038841154874,10.1554517696585,48031,0,0,1,0
2002,Never treated,4.30406509320417,9.08386970792223,10.1822928426752,48031,0,0,1,0
2003,Never treated,4.57471097850338,9.09009179938001,10.2197206380271,48031,0,0,1,0
2004,Never treated,4.60517018598809,9.11074100675343,10.2753269329946,48031,0,0,1,0
2005,Never treated,4.4188406077966,9.10164095505284,10.3008868862319,48031,0,0,1,0
2006,Never treated,4.45434729625351,9.10386812746567,10.3357893145979,48031,0,0,1,0
2007,Never treated,4.59511985013459,9.10397935598477,10.3851109104939,48031,0,0,1,0
2001,Never treated,5.01727983681492,9.77092711695165,10.0325401804507,48035,0,0,1,0
2002,Never treated,5.10594547390058,9.77525637463905,10.0584807345016,48035,0,0,1,0
2003,Never treated,4.81218435537242,9.78757152293879,10.0979435219861,48035,0,0,1,0
2004,Never treated,4.87519732320115,9.79205307208982,10.128469413124,48035,0,0,1,0
2005,Never treated,4.90527477843843,9.78830114272701,10.1571991054168,48035,0,0,1,0
2006,Never treated,4.99721227376411,9.78717843013574,10.2001045890455,48035,0,0,1,0
2007,Never treated,4.70048036579242,9.78611068438255,10.2806560614892,48035,0,0,1,0
2001,Never treated,7.21376830811864,11.4005179552507,10.1932424751488,48037,0,0,1,0
2002,Never treated,7.04228617193974,11.4028873597613,10.2337261144018,48037,0,0,1,0
2003,Never treated,6.99942246750796,11.4046161614634,10.2738780073608,48037,0,0,1,0
2004,Never treated,6.92264389147589,11.4095629519751,10.3151666471108,48037,0,0,1,0
2005,Never treated,6.95368421087054,11.4082202900853,10.3646396220585,48037,0,0,1,0
2006,Never treated,7.03262426102801,11.4200313640952,10.4056558092109,48037,0,0,1,0
2007,Never treated,7.09174211509515,11.4247934603119,10.4519557217266,48037,0,0,1,0
2001,Never treated,7.86978390253015,12.4258625797515,10.4816446684624,48039,0,0,1,0
2002,Never treated,7.81843027207066,12.4565784136002,10.4982774154792,48039,0,0,1,0
2003,Never treated,7.76514490293613,12.4822677445982,10.4929394967573,48039,0,0,1,0
2004,Never treated,7.71601526664259,12.5093942799696,10.5302278008985,48039,0,0,1,0
2005,Never treated,7.72533003791713,12.5231181127832,10.553570643625,48039,0,0,1,0
2006,Never treated,7.80832305039106,12.5556867200983,10.6117449959004,48039,0,0,1,0
2007,Never treated,7.91644286012226,12.5882895973185,10.657565190493,48039,0,0,1,0
2001,Never treated,7.88231491898027,11.9316094836927,10.1563840619997,48041,0,0,1,0
2002,Never treated,7.82043951526218,11.9419052564101,10.1678114341607,48041,0,0,1,0
2003,Never treated,7.72665366484764,11.9519929689003,10.2014416862585,48041,0,0,1,0
2004,Never treated,7.62119516280984,11.9554422689468,10.2340135739798,48041,0,0,1,0
2005,Never treated,7.70345904786717,12.0088465661159,10.280347403634,48041,0,0,1,0
2006,Never treated,7.69530313496357,12.0293175671086,10.317251463459,48041,0,0,1,0
2007,Never treated,7.8188324438034,12.0468541459697,10.3939676016367,48041,0,0,1,0
2001,Never treated,4.97673374242057,9.09817900508785,10.0845583274284,48043,0,0,1,0
2002,Never treated,4.77912349311153,9.11338884589973,10.1136269147151,48043,0,0,1,0
2003,Never treated,4.83628190695148,9.13486223080023,10.1342420668517,48043,0,0,1,0
2004,Never treated,4.89034912822175,9.12652388588307,10.1961198523699,48043,0,0,1,0
2005,Never treated,5.16478597392351,9.11206580270784,10.2238667015746,48043,0,0,1,0
2006,Never treated,5.32787616878958,9.11899233251688,10.2319276174601,48043,0,0,1,0
2007,Never treated,5.4971682252932,9.12434665880921,10.2496271945595,48043,0,0,1,0
2001,Never treated,4.27666611901606,8.95131054209756,9.93290071310448,48047,0,0,1,0
2002,Never treated,4.33073334028633,8.95815413520924,9.94597216414228,48047,0,0,1,0
2003,Never treated,4.0943445622221,8.95531908176395,10.0151630864267,48047,0,0,1,0
2004,Never treated,4.21950770517611,8.95182867682418,10.0565090236185,48047,0,0,1,0
2005,Never treated,4.0943445622221,8.93564033374757,10.1212969022596,48047,0,0,1,0
2006,Never treated,4.44265125649032,8.93234456911382,10.2354855087624,48047,0,0,1,0
2007,Never treated,4.29045944114839,8.91891797990868,10.3059147174308,48047,0,0,1,0
2001,Never treated,6.24027584517077,10.5392704157065,10.1357097677835,48049,0,0,1,0
2002,Never treated,6.16541785423142,10.5459202185516,10.1575482064851,48049,0,0,1,0
2003,Never treated,6.07304453410041,10.5453677541517,10.1920442423986,48049,0,0,1,0
2004,Never treated,5.92958914338989,10.552081829047,10.2178967519156,48049,0,0,1,0
2005,Never treated,5.94542060860658,10.5511142177943,10.2464032709834,48049,0,0,1,0
2006,Never treated,6.05208916892442,10.5578419283769,10.2725652631919,48049,0,0,1,0
2007,Never treated,5.98896141688986,10.5513496688804,10.3069506579736,48049,0,0,1,0
2001,Never treated,5.11799381241676,9.72495879398087,10.1259108445259,48051,0,0,1,0
2002,Never treated,5.15905529921453,9.72657136040072,10.1197676038289,48051,0,0,1,0
2003,Never treated,4.99043258677874,9.73814109994814,10.1819144274736,48051,0,0,1,0
2004,Never treated,4.93447393313069,9.74525354727123,10.1676962688023,48051,0,0,1,0
2005,Never treated,5.07517381523383,9.73240262766816,10.2078792385509,48051,0,0,1,0
2006,Never treated,5.04985600724954,9.71643482136627,10.3097190335722,48051,0,0,1,0
2007,Never treated,4.98360662170834,9.71474542793925,10.4154425383327,48051,0,0,1,0
2001,Never treated,6.17378610390194,10.4927176196763,10.1636571026868,48053,0,0,1,0
2002,Never treated,6.13339804299665,10.534785924769,10.1912946171761,48053,0,0,1,0
2003,Never treated,6.09356977004514,10.5666393355607,10.2610570962012,48053,0,0,1,0
2004,Never treated,6.12905021006055,10.6040571189117,10.2893960030951,48053,0,0,1,0
2005,Never treated,6.10255859461357,10.6206685921706,10.292484467937,48053,0,0,1,0
2006,Never treated,6.11589212548303,10.6534639260821,10.3395141962266,48053,0,0,1,0
2007,Never treated,6.17378610390194,10.6868638442886,10.3840910541125,48053,0,0,1,0
2001,Never treated,5.62040086571715,10.4284527398558,10.0297677184465,48055,0,0,1,0
2002,Never treated,5.4380793089232,10.4595828651496,10.0673480816865,48055,0,0,1,0
2003,Never treated,5.35185813347607,10.4788079464826,10.0924950419207,48055,0,0,1,0
2004,Never treated,5.4971682252932,10.5018843965503,10.120130017508,48055,0,0,1,0
2005,Never treated,5.37989735354046,10.4973943401121,10.1611484658759,48055,0,0,1,0
2006,Never treated,5.44673737166631,10.4969801299359,10.1878014590801,48055,0,0,1,0
2007,Never treated,5.43372200355424,10.5086228557729,10.2071413944976,48055,0,0,1,0
2001,Never treated,5.29831736654804,9.93682561214664,10.6103650395443,48057,0,0,1,0
2002,Never treated,5.21493575760899,9.92475968781167,10.6420143259688,48057,0,0,1,0
2003,Never treated,5.05624580534831,9.92500439599838,10.6115726054603,48057,0,0,1,0
2004,Never treated,4.98360662170834,9.92998341634009,10.6688158500561,48057,0,0,1,0
2005,Never treated,4.87519732320115,9.91739045770512,10.7185868438468,48057,0,0,1,0
2006,Never treated,4.969813299576,9.91719319959224,10.7609408146858,48057,0,0,1,0
2007,Never treated,5.24174701505964,9.91817910127912,10.8345289563562,48057,0,0,1,0
2001,Never treated,4.17438726989564,9.45688790106941,10.0741581665892,48059,0,0,1,0
2002,Never treated,4.54329478227,9.46722812925455,10.1652362429614,48059,0,0,1,0
2003,Never treated,4.02535169073515,9.48006211905097,10.103239644393,48059,0,0,1,0
2004,Never treated,4.23410650459726,9.49792243942763,10.1211360335684,48059,0,0,1,0
2005,Never treated,4.33073334028633,9.49114887548479,10.1220204912927,48059,0,0,1,0
2006,Never treated,4.35670882668959,9.49461665129313,10.2278149091847,48059,0,0,1,0
2007,Never treated,4.4188406077966,9.49619577708656,10.3617980831908,48059,0,0,1,0
2001,Never treated,7.92624152317096,12.7491582743712,10.0052315364194,48061,0,0,1,0
2002,Never treated,7.90912218321141,12.7744669323057,10.038542783529,48061,0,0,1,0
2003,Never treated,7.84149292446001,12.8004265874729,10.0664138990283,48061,0,0,1,0
2004,Never treated,7.8164169836918,12.8234963188929,10.095016590081,48061,0,0,1,0
2005,Never treated,7.74240202181578,12.8285371348044,10.1223419184319,48061,0,0,1,0
2006,Never treated,7.81843027207066,12.8431281959752,10.1579359536788,48061,0,0,1,0
2007,Never treated,7.92768504561578,12.8550145104215,10.2082479565227,48061,0,0,1,0
2001,Never treated,4.94875989037817,9.34294633652421,10.0195357508988,48063,0,0,1,0
2002,Never treated,4.98360662170834,9.36314729221994,10.0505272951854,48063,0,0,1,0
2003,Never treated,4.98360662170834,9.3735640530782,10.0957594401833,48063,0,0,1,0
2004,Never treated,4.97673374242057,9.38898852340383,10.1649283137827,48063,0,0,1,0
2005,Never treated,5.04985600724954,9.40943710213184,10.1840694784976,48063,0,0,1,0
2006,Never treated,5.13579843705026,9.41025623717109,10.2222685028399,48063,0,0,1,0
2007,Never treated,5.16478597392351,9.43492288748465,10.2364894889106,48063,0,0,1,0
2001,Never treated,3.87120101090789,8.76748487464946,10.8063485072986,48065,0,0,1,0
2002,Never treated,4.0943445622221,8.79558221695643,10.8520131145436,48065,0,0,1,0
2003,Never treated,3.8286413964891,8.78446845409036,10.888893815041,48065,0,0,1,0
2004,Never treated,3.85014760171006,8.77863395266279,10.9062128283971,48065,0,0,1,0
2005,Never treated,3.17805383034795,8.76342807395385,10.9764058941124,48065,0,0,1,0
2006,Never treated,3.43398720448515,8.75573753930647,11.0290500660708,48065,0,0,1,0
2007,Never treated,3.78418963391826,8.74129628222515,11.0616101168774,48065,0,0,1,0
2001,Never treated,5.71042701737487,10.3152991457032,10.1584010519391,48067,0,0,1,0
2002,Never treated,5.55682806169954,10.3147359054,10.1454528580909,48067,0,0,1,0
2003,Never treated,5.51342874616498,10.310351681558,10.2057379891633,48067,0,0,1,0
2004,Never treated,5.44241771052179,10.3097190335722,10.2098687024204,48067,0,0,1,0
2005,Never treated,5.59098698051086,10.2914334244254,10.2498393961518,48067,0,0,1,0
2006,Never treated,5.4971682252932,10.2871500346834,10.2953607071248,48067,0,0,1,0
2007,Never treated,5.46806014113513,10.2870478252562,10.3306489187261,48067,0,0,1,0
2001,Never treated,4.43081679884331,9.00183909739884,10.0161016969053,48069,0,0,1,0
2002,Never treated,4.39444915467244,8.98956900480703,10.044596413496,48069,0,0,1,0
2003,Never treated,4.35670882668959,8.97170239970333,10.0859757621094,48069,0,0,1,0
2004,Never treated,4.26267987704132,8.94806610345893,10.1217793531193,48069,0,0,1,0
2005,Never treated,4.40671924726425,8.92212482391826,10.1003692606614,48069,0,0,1,0
2006,Never treated,4.52178857704904,8.89699855274382,10.1464729460639,48069,0,0,1,0
2007,Never treated,4.31748811353631,8.87780039388258,10.2212501357761,48069,0,0,1,0
2001,Never treated,5.46806014113513,10.1899438740621,10.4951555641462,48071,0,0,1,0
2002,Never treated,5.39816270151775,10.2086902387059,10.5257024822281,48071,0,0,1,0
2003,Never treated,5.54517744447956,10.2240481535538,10.5732125631516,48071,0,0,1,0
2004,Never treated,5.35658627467201,10.2445563516163,10.5697002343559,48071,0,0,1,0
2005,Never treated,5.41164605185504,10.2413873411485,10.6266303331315,48071,0,0,1,0
2006,Never treated,5.65599181081985,10.2506877525123,10.6756076379654,48071,0,0,1,0
2007,Never treated,5.64897423816121,10.2686860674157,10.7208636162358,48071,0,0,1,0
2001,Never treated,6.44888939414686,10.7570727489942,10.0586520040375,48073,0,0,1,0
2002,Never treated,6.39859493453521,10.7590299049362,10.0907551906118,48073,0,0,1,0
2003,Never treated,6.35262939631957,10.7715329717823,10.1222213953616,48073,0,0,1,0
2004,Never treated,6.07764224334903,10.7809542925527,10.118114944082,48073,0,0,1,0
2005,Never treated,6.19440539110467,10.7732106485939,10.1541684468434,48073,0,0,1,0
2006,Never treated,6.21060007702465,10.7741321725245,10.1918194138294,48073,0,0,1,0
2007,Never treated,6.22653666928747,10.7814116064651,10.2330790280651,48073,0,0,1,0
2001,Never treated,4.4188406077966,8.94389780251682,10.005863619153,48075,0,0,1,0
2002,Never treated,4.31748811353631,8.93366417870094,10.0600638595782,48075,0,0,1,0
2003,Never treated,4.36944785246702,8.93944986216424,10.0439014562513,48075,0,0,1,0
2004,Never treated,4.44265125649032,8.94363670590959,10.0562944727799,48075,0,0,1,0
2005,Never treated,4.24849524204936,8.92172453036431,10.0816337379196,48075,0,0,1,0
2006,Never treated,4.47733681447821,8.92505542412412,10.1327324527083,48075,0,0,1,0
2007,Never treated,4.40671924726425,8.92757950384347,10.1508553140745,48075,0,0,1,0
2001,Never treated,4.36944785246702,9.31406955773866,10.1790337826434,48077,0,0,1,0
2002,Never treated,4.40671924726425,9.32989960703382,10.2055901476491,48077,0,0,1,0
2003,Never treated,4.34380542185368,9.33432635175717,10.2291515904407,48077,0,0,1,0
2004,Never treated,4.11087386417331,9.32411538623503,10.1744303009836,48077,0,0,1,0
2005,Never treated,4.15888308335967,9.33943694531059,10.1158127964145,48077,0,0,1,0
2006,Never treated,3.91202300542815,9.32536404854496,10.1694990040775,48077,0,0,1,0
2007,Never treated,3.80666248977032,9.31614079086239,10.284386706699,48077,0,0,1,0
2001,Never treated,2.77258872223978,8.21148291644507,10.057238152342,48079,0,0,1,0
2002,Never treated,2.70805020110221,8.1656479252975,10.1401394538751,48079,0,0,1,0
2003,Never treated,3.43398720448515,8.15421269491423,10.1398631726191,48079,0,0,1,0
2004,Never treated,2.99573227355399,8.11072758297449,10.1716044694931,48079,0,0,1,0
2005,Never treated,3.58351893845611,8.09132127353041,10.1876885731513,48079,0,0,1,0
2006,Never treated,3.40119738166216,8.06243279158319,10.2264040380091,48079,0,0,1,0
2007,Never treated,3.2188758248682,8.03495502450216,10.2278510592073,48079,0,0,1,0
2001,Never treated,3.40119738166216,8.25556865328375,10.0459848807647,48081,0,0,1,0
2002,Never treated,3.17805383034795,8.24222989137223,10.056937987249,48081,0,0,1,0
2003,Never treated,3.17805383034795,8.23270600986098,10.0465483953768,48081,0,0,1,0
2004,Never treated,2.77258872223978,8.20958048347558,10.0236677127922,48081,0,0,1,0
2005,Never treated,2.63905732961526,8.18785544369562,10.0199363651794,48081,0,0,1,0
2006,Never treated,2.94443897916644,8.18896686364888,10.0820520604524,48081,0,0,1,0
2007,Never treated,2.70805020110221,8.12799505577195,10.1153274576789,48081,0,0,1,0
2001,Never treated,4.51085950651685,9.11591979635669,9.87018926713461,48083,0,0,1,0
2002,Never treated,4.47733681447821,9.09110628405248,9.88149753464451,48083,0,0,1,0
2003,Never treated,4.65396035015752,9.08068716374931,9.89827398548324,48083,0,0,1,0
2004,Never treated,4.54329478227,9.07406235368355,9.9663214967075,48083,0,0,1,0
2005,Never treated,4.44265125649032,9.05427118632629,9.99961557963035,48083,0,0,1,0
2006,Never treated,4.56434819146784,9.05765528431053,10.084015835709,48083,0,0,1,0
2007,Never treated,4.62497281328427,9.04687982282315,10.1334478171773,48083,0,0,1,0
2001,Never treated,9.23659274312025,13.1952847887302,10.6295374527718,48085,0,0,1,0
2002,Never treated,9.1557785839835,13.2514494040141,10.6285935655809,48085,0,0,1,0
2003,Never treated,9.08692902706095,13.3001864980557,10.6403166341822,48085,0,0,1,0
2004,Never treated,9.08738146457573,13.3509735594281,10.6785833157432,48085,0,0,1,0
2005,Never treated,9.15048420482282,13.39829214963,10.7845655286545,48085,0,0,1,0
2006,Never treated,9.26700421909372,13.4554169198012,10.8093844552263,48085,0,0,1,0
2007,Never treated,9.27855961095333,13.5048818810957,10.857786724596,48085,0,0,1,0
2001,Never treated,3.73766961828337,8.04686951095958,9.92353524783991,48087,0,0,1,0
2002,Never treated,3.61091791264422,8.04334217044161,9.96721324341667,48087,0,0,1,0
2003,Never treated,3.73766961828337,8.02878116248715,9.9803559967927,48087,0,0,1,0
2004,Never treated,3.49650756146648,8.01367414283268,10.0544474328871,48087,0,0,1,0
2005,Never treated,3.71357206670431,8.00302866638473,10.0720904371891,48087,0,0,1,0
2006,Never treated,3.63758615972639,7.98752447984877,10.1074482844336,48087,0,0,1,0
2007,Never treated,2.99573227355399,7.99598047476376,10.1423075832353,48087,0,0,1,0
2001,Never treated,4.36944785246702,9.09627541568821,9.99725108234829,48009,0,0,1,0
2002,Never treated,4.83628190695148,9.10708874216571,10.0123419574482,48009,0,0,1,0
2003,Never treated,3.85014760171006,9.12194622121359,10.0031971316851,48009,0,0,1,0
2004,Never treated,3.89182029811063,9.13118893367075,10.0137759064303,48009,0,0,1,0
2005,Never treated,3.85014760171006,9.10074869534609,10.1801718707784,48009,0,0,1,0
2006,Never treated,3.80666248977032,9.10030226676725,10.2627341868427,48009,0,0,1,0
2007,Never treated,4.11087386417331,9.09313217107064,10.3377992352019,48009,0,0,1,0
2001,Never treated,7.19518732017871,11.3114088562688,10.1683486972022,48091,0,0,1,0
2002,Never treated,7.12044437239249,11.3472250091925,10.2247736324017,48091,0,0,1,0
2003,Never treated,7.0475172213573,11.3825547863082,10.2684084053287,48091,0,0,1,0
2004,Never treated,7.00306545878646,11.4277923229924,10.2812045514416,48091,0,0,1,0
2005,Never treated,7.03085747611612,11.4591343166994,10.3377020739303,48091,0,0,1,0
2006,Never treated,7.08924315502751,11.5107130193163,10.367598856077,48091,0,0,1,0
2007,Never treated,7.20414929203594,11.5639417209862,10.4043537454075,48091,0,0,1,0
2001,Never treated,4.96284463025991,9.52588077255636,9.96843224117651,48093,0,0,1,0
2002,Never treated,5.19295685089021,9.51399421393766,9.99195620052374,48093,0,0,1,0
2003,Never treated,5.06259503302697,9.51443698569606,10.0423795514027,48093,0,0,1,0
2004,Never treated,5.08759633523238,9.52039529527969,10.0706531694409,48093,0,0,1,0
2005,Never treated,4.97673374242057,9.51347739898282,10.089053839495,48093,0,0,1,0
2006,Never treated,5.10594547390058,9.51251689057842,10.1351943345108,48093,0,0,1,0
2007,Never treated,5.17048399503815,9.50829450569857,10.1859937532438,48093,0,0,1,0
2001,Never treated,3.2188758248682,8.26049285657318,9.92387824218386,48095,0,0,1,0
2002,Never treated,3.52636052461616,8.24852912480022,9.92544471988817,48095,0,0,1,0
2003,Never treated,3.13549421592915,8.24249315318763,9.99305399589517,48095,0,0,1,0
2004,Never treated,3.13549421592915,8.23110984032815,10.1589433933176,48095,0,0,1,0
2005,Never treated,3.2188758248682,8.21986474191265,10.134996020182,48095,0,0,1,0
2006,Never treated,3.66356164612965,8.18674278711352,10.198467927469,48095,0,0,1,0
2007,Never treated,3.13549421592915,8.18423477409482,10.2399597891573,48095,0,0,1,0
2001,Never treated,6.52502965784346,10.5198076829827,10.1932798967973,48097,0,0,1,0
2002,Never treated,6.41345895716736,10.5390321029596,10.1944392738555,48097,0,0,1,0
2003,Never treated,6.32076829425058,10.5475495254056,10.2115970570529,48097,0,0,1,0
2004,Never treated,6.34738920965601,10.5568018325943,10.2386017245478,48097,0,0,1,0
2005,Never treated,6.30809844150953,10.5536228425028,10.2914334244254,48097,0,0,1,0
2006,Never treated,6.4118182677099,10.5531529544841,10.4090392937994,48097,0,0,1,0
2007,Never treated,6.43615036836943,10.5563854911884,10.4804940979613,48097,0,0,1,0
2001,Never treated,6.22455842927536,11.2197215082718,10.0688748642894,48099,0,0,1,0
2002,Never treated,6.27287700654617,11.2202844505984,10.0983139304686,48099,0,0,1,0
2003,Never treated,6.21460809842219,11.2314640043315,10.1303043492166,48099,0,0,1,0
2004,Never treated,6.08221891037645,11.223254749812,10.1726364416067,48099,0,0,1,0
2005,Never treated,6.08904487544685,11.2004177710828,10.242492293944,48099,0,0,1,0
2006,Never treated,6.30261897574491,11.1777743552764,10.2664973886077,48099,0,0,1,0
2007,Never treated,6.19847871649231,11.1927890689648,10.2995082018163,48099,0,0,1,0
2001,Never treated,2.94443897916644,7.50604217851812,10.2749131684208,48101,0,0,1,0
2002,Never treated,2.70805020110221,7.47986413116503,10.2906189539558,48101,0,0,1,0
2003,Never treated,2.484906649788,7.47022413589997,10.372709626447,48101,0,0,1,0
2004,Never treated,2.63905732961526,7.46851327149634,10.4108772803662,48101,0,0,1,0
2005,Never treated,2.30258509299405,7.42297125104942,10.1359475704877,48101,0,0,1,0
2006,Never treated,2.77258872223978,7.39203156751459,10.2723232538215,48101,0,0,1,0
2007,Never treated,2.39789527279837,7.34083555412327,10.3216714330521,48101,0,0,1,0
2001,Never treated,3.25809653802148,8.27792025817214,10.3051788822247,48103,0,0,1,0
2002,Never treated,3.49650756146648,8.27231514795602,10.3565675312521,48103,0,0,1,0
2003,Never treated,2.99573227355399,8.25868149626424,10.4547254869134,48103,0,0,1,0
2004,Never treated,2.94443897916644,8.26152644839647,10.5300407676461,48103,0,0,1,0
2005,Never treated,3.09104245335832,8.23164217997341,10.6312052276462,48103,0,0,1,0
2006,Never treated,3.52636052461616,8.22443157322116,10.760749887948,48103,0,0,1,0
2007,Never treated,3.43398720448515,8.25894046298846,10.8642352643588,48103,0,0,1,0
2001,Never treated,3.93182563272433,8.26744895830485,9.97993920469646,48105,0,0,1,0
2002,Never treated,3.98898404656427,8.26719218593215,9.99346535865436,48105,0,0,1,0
2003,Never treated,3.63758615972639,8.27461194620955,10.0393724235565,48105,0,0,1,0
2004,Never treated,3.63758615972639,8.28147085789517,10.0940252641014,48105,0,0,1,0
2005,Never treated,3.68887945411394,8.26075135470051,10.0576668033838,48105,0,0,1,0
2006,Never treated,3.55534806148941,8.23509549725836,10.1462768560972,48105,0,0,1,0
2007,Never treated,3.93182563272433,8.2380082492184,10.2332947700386,48105,0,0,1,0
2001,Never treated,3.43398720448515,8.84807842116867,9.98548220008876,48107,0,0,1,0
2002,Never treated,3.98898404656427,8.83389994290864,9.98419157995109,48107,0,0,1,0
2003,Never treated,3.97029191355212,8.81833428355217,10.0541894349496,48107,0,0,1,0
2004,Never treated,3.91202300542815,8.80282315974189,10.0958419450305,48107,0,0,1,0
2005,Never treated,4.17438726989564,8.78523362361273,10.2104941968573,48107,0,0,1,0
2006,Never treated,3.71357206670431,8.77709288285557,10.2119276780724,48107,0,0,1,0
2007,Never treated,3.36729582998647,8.74017672992908,10.286229773537,48107,0,0,1,0
2001,Never treated,3.71357206670431,7.95892649305011,9.87534524658985,48109,0,0,1,0
2002,Never treated,3.61091791264422,7.94732502701646,9.92358425423525,48109,0,0,1,0
2003,Never treated,3.55534806148941,7.9291264873068,9.9607181859904,48109,0,0,1,0
2004,Never treated,3.58351893845611,7.89245204352035,9.97338667991579,48109,0,0,1,0
2005,Never treated,3.63758615972639,7.86901937649902,9.9943332358357,48109,0,0,1,0
2006,Never treated,3.91202300542815,7.83794891602528,10.0255281784452,48109,0,0,1,0
2007,Never treated,3.91202300542815,7.82043951526218,10.1083041871575,48109,0,0,1,0
2001,Never treated,5.05624580534831,8.73165920153676,10.1822928426752,48111,0,0,1,0
2002,Never treated,4.99043258677874,8.72583205652757,10.126231023829,48111,0,0,1,0
2003,Never treated,4.8283137373023,8.71980745147795,10.1802476972874,48111,0,0,1,0
2004,Never treated,4.90527477843843,8.7285879956959,10.226331631956,48111,0,0,1,0
2005,Never treated,4.85981240436167,8.71440336070394,10.2335464101945,48111,0,0,1,0
2006,Never treated,4.83628190695148,8.69901462316851,10.2906868518374,48111,0,0,1,0
2007,Never treated,5.02388052084628,8.7220913023891,10.3306489187261,48111,0,0,1,0
2001,Never treated,10.7436313118304,14.6317192628594,10.7123934990781,48113,0,0,1,0
2002,Never treated,10.5543533408395,14.6364637096587,10.7210623114711,48113,0,0,1,0
2003,Never treated,10.4426965306939,14.6404532503791,10.7437392181247,48113,0,0,1,0
2004,Never treated,10.3391261606518,14.6445299517891,10.7877714882752,48113,0,0,1,0
2005,Never treated,10.3371189079706,14.6499697832176,10.8170345237392,48113,0,0,1,0
2006,Never treated,10.3784787232929,14.6721362075167,10.865057530609,48113,0,0,1,0
2007,Never treated,10.4352622050525,14.6833977109353,10.9121568986449,48113,0,0,1,0
2001,Never treated,5.04985600724954,9.61159663531029,10.210678091376,48115,0,0,1,0
2002,Never treated,4.86753445045558,9.58417720462617,10.0411603576612,48115,0,0,1,0
2003,Never treated,4.92725368515721,9.58410839334109,10.0652662080988,48115,0,0,1,0
2004,Never treated,4.81218435537242,9.56500329315396,10.0920810660909,48115,0,0,1,0
2005,Never treated,4.89034912822175,9.55130251387025,10.1208946819984,48115,0,0,1,0
2006,Never treated,4.97673374242057,9.54266114604634,10.2024804161338,48115,0,0,1,0
2007,Never treated,4.9416424226093,9.53285855926342,10.2764983370907,48115,0,0,1,0
2001,Never treated,5.54126354515843,9.81569405158546,10.0739473695649,48117,0,0,1,0
2002,Never treated,5.4249500174814,9.8199972420371,10.1143560729747,48117,0,0,1,0
2003,Never treated,5.4249500174814,9.82005159429409,10.1528834749944,48117,0,0,1,0
2004,Never treated,5.28320372873799,9.82601237925672,10.1781223786385,48117,0,0,1,0
2005,Never treated,5.26785815906333,9.81602152675485,10.1976485910856,48117,0,0,1,0
2006,Never treated,5.46383180502561,9.81438307745331,10.2338339214274,48117,0,0,1,0
2007,Never treated,5.4971682252932,9.81678521869683,10.3400313428816,48117,0,0,1,0
2001,Never treated,3.2188758248682,8.58447793822183,10.0366188651393,48119,0,0,1,0
2002,Never treated,2.89037175789616,8.59748202264504,10.0918325983076,48119,0,0,1,0
2003,Never treated,3.13549421592915,8.59230066390304,10.1654671276355,48119,0,0,1,0
2004,Never treated,2.83321334405622,8.61758136544751,10.1855790266747,48119,0,0,1,0
2005,Never treated,2.30258509299405,8.60190191934319,10.0013399527036,48119,0,0,1,0
2006,Never treated,1.94591014905531,8.61104776688786,10.0252183411073,48119,0,0,1,0
2007,Never treated,2.30258509299405,8.58876938990546,10.0751272609832,48119,0,0,1,0
2001,Never treated,8.80192090404158,13.046676004808,10.3348802826542,48121,0,0,1,0
2002,Never treated,8.70582811026678,13.0984783885981,10.3610389738426,48121,0,0,1,0
2003,Never treated,8.62353322718756,13.1433731189821,10.3791314952655,48121,0,0,1,0
2004,Never treated,8.63034328934889,13.1824834013444,10.4183151576814,48121,0,0,1,0
2005,Never treated,8.68253812400308,13.2293847131367,10.4668961387102,48121,0,0,1,0
2006,Never treated,8.75731184693641,13.2846199724954,10.5172938624107,48121,0,0,1,0
2007,Never treated,8.80956425335415,13.3296571824837,10.5471555816294,48121,0,0,1,0
2001,Never treated,5.52146091786225,9.90937021569428,10.0686205623468,48123,0,0,1,0
2002,Never treated,5.50125821054473,9.90563524459359,10.096130658402,48123,0,0,1,0
2003,Never treated,5.36129216570943,9.91214992561478,10.0972022931595,48123,0,0,1,0
2004,Never treated,5.25749537202778,9.91847468234438,10.1223017456891,48123,0,0,1,0
2005,Never treated,5.23110861685459,9.9127445737988,10.2261143823353,48123,0,0,1,0
2006,Never treated,5.31320597904179,9.89762037425808,10.2098687024204,48123,0,0,1,0
2007,Never treated,5.40717177146012,9.88933791693169,10.2919760364372,48123,0,0,1,0
2001,Never treated,3.40119738166216,7.89431806384162,10.008838068144,48125,0,0,1,0
2002,Never treated,3.36729582998647,7.900636613018,9.96556993483267,48125,0,0,1,0
2003,Never treated,3.17805383034795,7.8995244720322,10.0350419922764,48125,0,0,1,0
2004,Never treated,3.04452243772342,7.90100705199242,10.1049170509436,48125,0,0,1,0
2005,Never treated,2.56494935746154,7.85825418218603,10.107489058322,48125,0,0,1,0
2006,Never treated,2.99573227355399,7.82284529027977,10.132573413306,48125,0,0,1,0
2007,Never treated,3.04452243772342,7.81237820598861,10.1789578640281,48125,0,0,1,0
2001,Never treated,4.34380542185368,9.22424327714517,10.0599783492956,48127,0,0,1,0
2002,Never treated,3.98898404656427,9.23474025879972,10.0664138990283,48127,0,0,1,0
2003,Never treated,4.20469261939097,9.2412574746109,10.1073259527923,48127,0,0,1,0
2004,Never treated,4.14313472639153,9.23327534325868,10.141992510963,48127,0,0,1,0
2005,Never treated,4.48863636973214,9.21064032698518,10.1858052624888,48127,0,0,1,0
2006,Never treated,4.77068462446567,9.2018040409539,10.2469708682884,48127,0,0,1,0
2007,Never treated,4.61512051684126,9.18645743151285,10.3024985442378,48127,0,0,1,0
2001,Never treated,4.18965474202643,8.26281693767093,9.85497984847108,48129,0,0,1,0
2002,Never treated,3.87120101090789,8.2630748358026,9.89847501071258,48129,0,0,1,0
2003,Never treated,3.78418963391826,8.277411998949,9.93928896499951,48129,0,0,1,0
2004,Never treated,3.71357206670431,8.28626945278307,9.9664154022386,48129,0,0,1,0
2005,Never treated,3.40119738166216,8.26100978602383,10.0198028449175,48129,0,0,1,0
2006,Never treated,3.43398720448515,8.25504890275229,10.074326772221,48129,0,0,1,0
2007,Never treated,3.73766961828337,8.2495751500002,10.0483235565816,48129,0,0,1,0
2001,Never treated,3.8286413964891,9.4664543749603,10.0863506293483,48131,0,0,1,0
2002,Never treated,3.43398720448515,9.45868372431213,10.1066732645094,48131,0,0,1,0
2003,Never treated,3.46573590279973,9.44864835981016,10.1410072697948,48131,0,0,1,0
2004,Never treated,3.58351893845611,9.44643963445061,10.2025174936815,48131,0,0,1,0
2005,Never treated,3.3322045101752,9.43084043234498,10.2635367971138,48131,0,0,1,0
2006,Never treated,3.63758615972639,9.4181672191785,10.5025163428284,48131,0,0,1,0
2007,Never treated,3.61091791264422,9.40475517645752,10.4107869665256,48131,0,0,1,0
2001,Never treated,5.6021188208797,9.80079015429779,10.0617298502666,48133,0,0,1,0
2002,Never treated,5.52545293913178,9.81087872080347,10.0672207445187,48133,0,0,1,0
2003,Never treated,5.22035582507832,9.81492952555434,10.1086707784733,48133,0,0,1,0
2004,Never treated,5.21493575760899,9.82021463334231,10.1160553774782,48133,0,0,1,0
2005,Never treated,5.16478597392351,9.81405506520458,10.1495269813272,48133,0,0,1,0
2006,Never treated,5.44673737166631,9.81082386767271,10.2140923796203,48133,0,0,1,0
2007,Never treated,5.32300997913841,9.81602152675485,10.2525233926776,48133,0,0,1,0
2001,Never treated,7.6586995582683,11.7027355790632,10.29221333664,48135,0,0,1,0
2002,Never treated,7.55642796944025,11.7152048657718,10.2966101374459,48135,0,0,1,0
2003,Never treated,7.45703208912238,11.720216018921,10.329343350292,48135,0,0,1,0
2004,Never treated,7.45066079621154,11.730396960547,10.3654590100846,48135,0,0,1,0
2005,Never treated,7.50823877467866,11.7322376861034,10.4185541705594,48135,0,0,1,0
2006,Never treated,7.59438124255182,11.7475943438027,10.5225575296998,48135,0,0,1,0
2007,Never treated,7.77946696745832,11.7665904618323,10.6396463286893,48135,0,0,1,0
2001,Never treated,1.38629436111989,7.63867982387611,10.0021104211412,48137,0,0,1,0
2002,Never treated,2.07944154167984,7.63288550539513,10.0071265872956,48137,0,0,1,0
2003,Never treated,1.94591014905531,7.61972421378267,10.0019291878482,48137,0,0,1,0
2004,Never treated,1.79175946922805,7.5999019592085,9.98764486054285,48137,0,0,1,0
2005,Never treated,2.07944154167984,7.56008046502183,10.0541894349496,48137,0,0,1,0
2006,Never treated,1.94591014905531,7.54486106865846,10.156539359589,48137,0,0,1,0
2007,Never treated,2.07944154167984,7.56423847517049,10.1865590124302,48137,0,0,1,0
2001,Never treated,7.37086016653672,11.6613454700885,10.2336182957527,48139,0,0,1,0
2002,Never treated,7.3178761986265,11.6972283908887,10.2567115487986,48139,0,0,1,0
2003,Never treated,7.22256601882217,11.7344276700123,10.2795581782348,48139,0,0,1,0
2004,Never treated,7.17165682276851,11.7647031192787,10.3219346948675,48139,0,0,1,0
2005,Never treated,7.23561914106675,11.7913220605045,10.3521717797643,48139,0,0,1,0
2006,Never treated,7.31721240835984,11.8312046353994,10.414453166503,48139,0,0,1,0
2007,Never treated,7.3362856600213,11.8692633521117,10.5098233361091,48139,0,0,1,0
2001,Never treated,9.11537013438496,13.4408796520215,10.1599498190432,48141,0,0,1,0
2002,Never treated,8.97474461272273,13.4496074509179,10.1888168594043,48141,0,0,1,0
2003,Never treated,8.9632882756103,13.4625558282963,10.2044806390476,48141,0,0,1,0
2004,Never treated,8.90068531871399,13.4766993881702,10.2395311258658,48141,0,0,1,0
2005,Never treated,8.84649693855884,13.4764257114481,10.2634670304832,48141,0,0,1,0
2006,Never treated,9.01335177813882,13.4904145657911,10.3057140887938,48141,0,0,1,0
2007,Never treated,9.02881849535279,13.4978200355279,10.3530971296285,48141,0,0,1,0
2001,Never treated,6.1779441140506,10.398336221779,10.0479774310211,48143,0,0,1,0
2002,Never treated,6.07534603108868,10.4077718282587,10.0739473695649,48143,0,0,1,0
2003,Never treated,6.05443934626937,10.4158320222714,10.0936532633531,48143,0,0,1,0
2004,Never treated,6.0137151560428,10.4306686926617,10.1196064889134,48143,0,0,1,0
2005,Never treated,6.06610809010375,10.4496417093554,10.1029529764958,48143,0,0,1,0
2006,Never treated,6.12249280951439,10.4713832529071,10.1400210569691,48143,0,0,1,0
2007,Never treated,6.25190388316589,10.4767808046206,10.1737818296367,48143,0,0,1,0
2001,Never treated,4.48863636973214,9.81022028456569,10.0373626360922,48145,0,0,1,0
2002,Never treated,4.46590811865458,9.79423056659918,10.0676027073881,48145,0,0,1,0
2003,Never treated,4.34380542185368,9.79400745191731,10.0911282708077,48145,0,0,1,0
2004,Never treated,4.29045944114839,9.78504179732965,10.1115580743528,48145,0,0,1,0
2005,Never treated,4.36944785246702,9.76812591460545,10.1080597182649,48145,0,0,1,0
2006,Never treated,4.35670882668959,9.76192398821434,10.164312170818,48145,0,0,1,0
2007,Never treated,4.4188406077966,9.73252127978031,10.2345164294913,48145,0,0,1,0
2001,Never treated,5.68357976733868,10.3547542364449,10.23523435615,48147,0,0,1,0
2002,Never treated,5.52545293913178,10.3681959366849,10.2268745496087,48147,0,0,1,0
2003,Never treated,5.52545293913178,10.3849255594075,10.2577295392332,48147,0,0,1,0
2004,Never treated,5.45958551414416,10.3916994014305,10.284420868455,48147,0,0,1,0
2005,Never treated,5.34710753071747,10.3947327243232,10.3005507969635,48147,0,0,1,0
2006,Never treated,5.54126354515843,10.3986105325748,10.356631095961,48147,0,0,1,0
2007,Never treated,5.605802066296,10.4003765105632,10.3600892760917,48147,0,0,1,0
2001,Never treated,6.18620862390049,10.0054121722581,10.130901970701,48149,0,0,1,0
2002,Never treated,6.12029741895095,10.0098725432401,10.1684254255073,48149,0,0,1,0
2003,Never treated,6.01615715969835,10.0161910424492,10.2006619301713,48149,0,0,1,0
2004,Never treated,5.79605775076537,10.0181546275143,10.2515353897743,48149,0,0,1,0
2005,Never treated,5.8636311755981,10.0139997753336,10.295968733086,48149,0,0,1,0
2006,Never treated,5.82304589548302,10.0155207562119,10.3918221384666,48149,0,0,1,0
2007,Never treated,5.75890177387728,10.0241996276984,10.4211497535611,48149,0,0,1,0
2001,Never treated,3.40119738166216,8.35113860708615,10.0413781798756,48151,0,0,1,0
2002,Never treated,3.09104245335832,8.34972083747249,10.0570237578983,48151,0,0,1,0
2003,Never treated,2.94443897916644,8.34021732094704,10.0845583274284,48151,0,0,1,0
2004,Never treated,2.99573227355399,8.31016902198191,10.1651592695557,48151,0,0,1,0
2005,Never treated,2.56494935746154,8.30795254527102,10.1759544591814,48151,0,0,1,0
2006,Never treated,2.99573227355399,8.29329935871132,10.2540739991343,48151,0,0,1,0
2007,Never treated,2.484906649788,8.28096440055337,10.2905510514637,48151,0,0,1,0
2001,Never treated,4.06044301054642,8.9274468162562,10.0246426740926,48153,0,0,1,0
2002,Never treated,4.06044301054642,8.90544431878971,9.99410492011974,48153,0,0,1,0
2003,Never treated,3.89182029811063,8.92132407651127,10.0431190516213,48153,0,0,1,0
2004,Never treated,3.73766961828337,8.89754559870933,10.0771887270365,48153,0,0,1,0
2005,Never treated,4.02535169073515,8.85109068766498,10.0491451249585,48153,0,0,1,0
2006,Never treated,3.89182029811063,8.83010431791379,10.1118422863769,48153,0,0,1,0
2007,Never treated,4.11087386417331,8.80086724247048,10.1625000522646,48153,0,0,1,0
2001,Never treated,3.13549421592915,7.39326309476384,9.80151019642366,48155,0,0,1,0
2002,Never treated,2.56494935746154,7.35372233039963,9.86640854429471,48155,0,0,1,0
2003,Never treated,2.484906649788,7.34536484041687,9.88532358190846,48155,0,0,1,0
2004,Never treated,1.6094379124341,7.34277918933185,9.89510249600169,48155,0,0,1,0
2005,Never treated,1.79175946922805,7.28824440102012,9.92186759981756,48155,0,0,1,0
2006,Never treated,1.94591014905531,7.28000825288419,9.98888512804836,48155,0,0,1,0
2007,Never treated,2.07944154167984,7.24279792279376,9.9831763514375,48155,0,0,1,0
2001,Never treated,8.3091845276863,12.8390557232186,10.521614806777,48157,0,0,1,0
2002,Never treated,8.31922993863233,12.896252929201,10.5304949305915,48157,0,0,1,0
2003,Never treated,8.26616443661249,12.9479980854268,10.543444904582,48157,0,0,1,0
2004,Never treated,8.23323750070527,12.999944864505,10.5765850752904,48157,0,0,1,0
2005,Never treated,8.27180403115471,13.0379834442185,10.6686530233847,48157,0,0,1,0
2006,Never treated,8.39547743273214,13.0901707095821,10.7051303292494,48157,0,0,1,0
2007,Never treated,8.49801037199946,13.1387484066537,10.7602830246244,48157,0,0,1,0
2001,Never treated,4.57471097850338,9.17450591896697,10.061516416761,48159,0,0,1,0
2002,Never treated,4.53259949315326,9.18440698994968,10.0814663598959,48159,0,0,1,0
2003,Never treated,4.4188406077966,9.19826779074191,10.1234259729014,48159,0,0,1,0
2004,Never treated,4.43081679884331,9.21721667591562,10.1762590122522,48159,0,0,1,0
2005,Never treated,4.51085950651685,9.2985343827121,10.2034439858633,48159,0,0,1,0
2006,Never treated,4.67282883446191,9.30246366085199,10.253827472517,48159,0,0,1,0
2007,Never treated,4.62497281328427,9.30819277214369,10.3055803140034,48159,0,0,1,0
2001,Never treated,5.01727983681492,9.80261694215115,10.1744303009836,48161,0,0,1,0
2002,Never treated,5.40717177146012,9.82151798966888,10.1384410906097,48161,0,0,1,0
2003,Never treated,5.33753807970132,9.82747006611221,10.2087639333889,48161,0,0,1,0
2004,Never treated,5.31320597904179,9.83392308915022,10.2556573635861,48161,0,0,1,0
2005,Never treated,5.35658627467201,9.8318304207719,10.3083524805723,48161,0,0,1,0
2006,Never treated,5.26785815906333,9.83894903139856,10.38671584911,48161,0,0,1,0
2007,Never treated,5.47646355193151,9.84267541313937,10.4879353161727,48161,0,0,1,0
2001,Never treated,4.47733681447821,9.69713966113932,9.94817407015853,48163,0,0,1,0
2002,Never treated,4.67282883446191,9.70296129108733,9.97417898065866,48163,0,0,1,0
2003,Never treated,4.46590811865458,9.70155495009306,10.0070364281647,48163,0,0,1,0
2004,Never treated,4.31748811353631,9.70106532403517,10.0290623754442,48163,0,0,1,0
2005,Never treated,4.43081679884331,9.68825016498052,10.0533289607753,48163,0,0,1,0
2006,Never treated,4.20469261939097,9.68663666084494,10.1539349383777,48163,0,0,1,0
2007,Never treated,4.39444915467244,9.68682296731963,10.2042585895296,48163,0,0,1,0
2001,Never treated,5.01727983681492,9.57380223260389,10.1145585226161,48165,0,0,1,0
2002,Never treated,5.11799381241676,9.56303741454569,10.1590982939878,48165,0,0,1,0
2003,Never treated,5.12396397940326,9.57706465176792,10.1976485910856,48165,0,0,1,0
2004,Never treated,4.96284463025991,9.58424601117658,10.2389950382205,48165,0,0,1,0
2005,Never treated,5.12989871492307,9.57275879054198,10.2714584562167,48165,0,0,1,0
2006,Never treated,5.2040066870768,9.58568985617972,10.3328970258878,48165,0,0,1,0
2007,Never treated,5.27299955856375,9.60285532090872,10.4069864009157,48165,0,0,1,0
2001,Never treated,8.02910705461974,12.4487991921801,10.3439014415617,48167,0,0,1,0
2002,Never treated,7.9298464297425,12.471532114905,10.3709880515637,48167,0,0,1,0
2003,Never treated,7.87587915949631,12.4940334291384,10.4064120444059,48167,0,0,1,0
2004,Never treated,7.80139132029149,12.5136455766797,10.4357027789806,48167,0,0,1,0
2005,Never treated,7.77779262633883,12.5253587573964,10.4780201017598,48167,0,0,1,0
2006,Never treated,7.88833450073865,12.5381172374403,10.5627159398924,48167,0,0,1,0
2007,Never treated,7.98616486033273,12.5551084856716,10.6255865550458,48167,0,0,1,0
2001,Never treated,5.63121178182137,9.9167985665958,10.0907966508411,48089,0,0,1,0
2002,Never treated,5.52545293913178,9.92573816147095,10.1191632890028,48089,0,0,1,0
2003,Never treated,5.53338948872752,9.93769572386586,10.1690007002168,48089,0,0,1,0
2004,Never treated,5.4971682252932,9.93890295775708,10.191219623738,48089,0,0,1,0
2005,Never treated,5.4971682252932,9.92500439599838,10.2004018763015,48089,0,0,1,0
2006,Never treated,5.4510384535657,9.92691106747972,10.3066834212002,48089,0,0,1,0
2007,Never treated,5.4510384535657,9.92930148742911,10.3675674209042,48089,0,0,1,0
2001,Never treated,5.90808293816893,9.95901686232861,10.0292387578417,48171,0,0,1,0
2002,Never treated,5.80814248998044,9.98248355876263,10.0535871807802,48171,0,0,1,0
2003,Never treated,5.73657229747919,10.0087480631936,10.0985196536893,48171,0,0,1,0
2004,Never treated,5.71702770140622,10.0222034862411,10.1238271765176,48171,0,0,1,0
2005,Never treated,5.71702770140622,10.0309568577819,10.152766577455,48171,0,0,1,0
2006,Never treated,5.82894561761021,10.049490846656,10.2073628048827,48171,0,0,1,0
2007,Never treated,5.88610403145016,10.0640746171841,10.28363485266,48171,0,0,1,0
2001,Never treated,2.19722457733622,7.21450441415114,10.0596362350261,48173,0,0,1,0
2002,Never treated,1.79175946922805,7.20785987143248,10.0962956000542,48173,0,0,1,0
2003,Never treated,2.39789527279837,7.2086003379602,10.0257051852604,48173,0,0,1,0
2004,Never treated,1.79175946922805,7.19142933003638,10.0777349340625,48173,0,0,1,0
2005,Never treated,1.94591014905531,7.15461535691366,10.1211360335684,48173,0,0,1,0
2006,Never treated,2.07944154167984,7.09837563859079,10.1524547838598,48173,0,0,1,0
2007,Never treated,1.38629436111989,7.05789793741186,10.1617665606186,48173,0,0,1,0
2001,Never treated,3.76120011569356,8.85594853405202,10.1013543206655,48175,0,0,1,0
2002,Never treated,3.63758615972639,8.86319134069085,10.1269510526613,48175,0,0,1,0
2003,Never treated,3.52636052461616,8.87486763568805,10.1743540320593,48175,0,0,1,0
2004,Never treated,3.58351893845611,8.86488793377419,10.1836539529462,48175,0,0,1,0
2005,Never treated,3.40119738166216,8.85266492770387,10.2377788411898,48175,0,0,1,0
2006,Never treated,3.61091791264422,8.86220033048729,10.2903133564254,48175,0,0,1,0
2007,Never treated,4.00733318523247,8.8538082749772,10.2812388220768,48175,0,0,1,0
2001,Never treated,5.39816270151775,9.83327965749263,10.0639894491902,48177,0,0,1,0
2002,Never treated,5.27811465923052,9.843790625278,10.0998352810632,48177,0,0,1,0
2003,Never treated,5.30826769740121,9.85319375848166,10.1275506809097,48177,0,0,1,0
2004,Never treated,5.41164605185504,9.86946530392169,10.1586722593951,48177,0,0,1,0
2005,Never treated,5.30330490805908,9.87039601753593,10.1795650516298,48177,0,0,1,0
2006,Never treated,5.43372200355424,9.86297800919792,10.2311712831243,48177,0,0,1,0
2007,Never treated,5.52942908751142,9.87158400352312,10.2550243186187,48177,0,0,1,0
2001,Never treated,5.94542060860658,10.0067659019896,10.3885952882965,48179,0,0,1,0
2002,Never treated,5.84643877505772,9.9940135792355,10.3716770372163,48179,0,0,1,0
2003,Never treated,5.63121178182137,9.98289929196029,10.3956195338549,48179,0,0,1,0
2004,Never treated,5.65248918026865,9.97081904469641,10.4432795700947,48179,0,0,1,0
2005,Never treated,5.57594910314632,9.97067880207645,10.4723745157154,48179,0,0,1,0
2006,Never treated,5.76519110278484,9.98529792773369,10.5159939299324,48179,0,0,1,0
2007,Never treated,5.79605775076537,9.99104044954399,10.6342917242732,48179,0,0,1,0
2001,Never treated,7.37023064180708,11.6313216459479,10.3220991983142,48181,0,0,1,0
2002,Never treated,7.23417717974985,11.6412834988208,10.3117819876545,48181,0,0,1,0
2003,Never treated,7.17165682276851,11.6528960812237,10.3336452732347,48181,0,0,1,0
2004,Never treated,7.09257371597468,11.6600946881868,10.3616399829233,48181,0,0,1,0
2005,Never treated,7.13009851012558,11.6593780186833,10.3981837943722,48181,0,0,1,0
2006,Never treated,7.20934025660291,11.6684666062292,10.438986276507,48181,0,0,1,0
2007,Never treated,7.3031700512368,11.6800572389232,10.4821213463073,48181,0,0,1,0
2001,Never treated,7.87359778968554,11.625083822854,10.2245923120262,48183,0,0,1,0
2002,Never treated,7.77359446736019,11.6364873265573,10.2297290618539,48183,0,0,1,0
2003,Never treated,7.63433723562832,11.6453036929559,10.2668103504463,48183,0,0,1,0
2004,Never treated,7.63143166457691,11.651181926852,10.3181766551718,48183,0,0,1,0
2005,Never treated,7.60787807327851,11.6493863125486,10.4135528873557,48183,0,0,1,0
2006,Never treated,7.64491934495886,11.6596457505212,10.4870151605179,48183,0,0,1,0
2007,Never treated,7.71735127218533,11.6693991587957,10.5362741389213,48183,0,0,1,0
2001,Never treated,5.24174701505964,10.0949753044463,10.3473717705482,48185,0,0,1,0
2002,Never treated,5.16478597392351,10.114396566182,10.3145038906826,48185,0,0,1,0
2003,Never treated,5.01063529409626,10.1273508447747,10.3429031000138,48185,0,0,1,0
2004,Never treated,5.00394630594546,10.1341626702657,10.4181358605258,48185,0,0,1,0
2005,Never treated,5.07517381523383,10.1297462467505,10.5634656717046,48185,0,0,1,0
2006,Never treated,4.91998092582813,10.1355908452218,10.5035595538163,48185,0,0,1,0
2007,Never treated,5.0998664278242,10.1562675729786,10.5166982697784,48185,0,0,1,0
2001,Never treated,6.83410873881384,11.4313248777656,10.240673819891,48187,0,0,1,0
2002,Never treated,6.7286286130847,11.4545121464196,10.2450539347941,48187,0,0,1,0
2003,Never treated,6.66440902035041,11.4822497392018,10.2709738426865,48187,0,0,1,0
2004,Never treated,6.70196036600254,11.5083248985747,10.3149015972467,48187,0,0,1,0
2005,Never treated,6.79682371827486,11.5369739677274,10.3564403897116,48187,0,0,1,0
2006,Never treated,6.84481547920826,11.5846506004222,10.4026554887446,48187,0,0,1,0
2007,Never treated,6.99576615630485,11.631428241551,10.4269430822021,48187,0,0,1,0
2001,Never treated,6.4723462945009,10.4903849332534,10.1088743822611,48189,0,0,1,0
2002,Never treated,6.23832462503951,10.4834380390778,10.1480011295865,48189,0,0,1,0
2003,Never treated,6.13772705408623,10.4799323633099,10.1571991054168,48189,0,0,1,0
2004,Never treated,6.06378520868761,10.5003715993754,10.1658902778025,48189,0,0,1,0
2005,Never treated,5.98141421125448,10.4845013331508,10.1926809823118,48189,0,0,1,0
2006,Never treated,6.0913098820777,10.4835220244644,10.2192102851434,48189,0,0,1,0
2007,Never treated,6.21660610108486,10.4813922175838,10.2791805023106,48189,0,0,1,0
2001,Never treated,3.85014760171006,8.24328252304838,9.82860235534434,48191,0,0,1,0
2002,Never treated,3.68887945411394,8.23004431012611,9.9241231661362,48191,0,0,1,0
2003,Never treated,3.61091791264422,8.23270600986098,9.86915487345562,48191,0,0,1,0
2004,Never treated,3.52636052461616,8.23642052726539,9.92078704961419,48191,0,0,1,0
2005,Never treated,3.61091791264422,8.1961611392829,9.9082263068833,48191,0,0,1,0
2006,Never treated,3.49650756146648,8.19035440376326,9.94203496214837,48191,0,0,1,0
2007,Never treated,3.36729582998647,8.13446757027756,9.99232226623662,48191,0,0,1,0
2001,Never treated,4.94875989037817,8.99813676070031,9.97724903609818,48193,0,0,1,0
2002,Never treated,4.71849887129509,8.98331429339775,10.0276943559903,48193,0,0,1,0
2003,Never treated,4.7361984483945,9.0040539377284,10.0206481723097,48193,0,0,1,0
2004,Never treated,4.91998092582813,8.99702338147971,10.0684933871204,48193,0,0,1,0
2005,Never treated,4.69134788222914,8.99006769575366,10.1418349375926,48193,0,0,1,0
2006,Never treated,4.91998092582813,8.99615656203344,10.2093901190181,48193,0,0,1,0
2007,Never treated,4.96284463025991,8.99628043939502,10.2672622335901,48193,0,0,1,0
2001,Never treated,4.63472898822964,8.57734711423598,10.2248098925319,48195,0,0,1,0
2002,Never treated,4.43081679884331,8.56598335558567,10.1997328556484,48195,0,0,1,0
2003,Never treated,4.20469261939097,8.56101867095627,10.2247736324017,48195,0,0,1,0
2004,Never treated,4.04305126783455,8.5577591531629,10.2486363246362,48195,0,0,1,0
2005,Never treated,3.95124371858143,8.54791636405908,10.3227569416207,48195,0,0,1,0
2006,Never treated,3.8286413964891,8.53817159780143,10.3771407639477,48195,0,0,1,0
2007,Never treated,4.24849524204936,8.5567984460086,10.4305506323918,48195,0,0,1,0
2001,Never treated,4.02535169073515,8.43315919580623,10.0592084275329,48197,0,0,1,0
2002,Never treated,3.89182029811063,8.4144957931779,10.0712452357696,48197,0,0,1,0
2003,Never treated,3.73766961828337,8.40469616018909,10.1188811503903,48197,0,0,1,0
2004,Never treated,3.87120101090789,8.38434727808281,10.137175317726,48197,0,0,1,0
2005,Never treated,3.73766961828337,8.36869318309779,10.2031105475556,48197,0,0,1,0
2006,Never treated,3.78418963391826,8.3513747067213,10.2201943040285,48197,0,0,1,0
2007,Never treated,3.55534806148941,8.3250636936312,10.2124784703092,48197,0,0,1,0
2001,Never treated,6.24222326545517,10.7917902478701,10.0832224334333,48199,0,0,1,0
2002,Never treated,6.24997524225948,10.8036489024804,10.1160149513871,48199,0,0,1,0
2003,Never treated,6.04263283368238,10.8118267546227,10.1343214571343,48199,0,0,1,0
2004,Never treated,6.00141487796115,10.8241288071475,10.1727128416373,48199,0,0,1,0
2005,Never treated,6.01126717440416,10.833010353179,10.2285376614566,48199,0,0,1,0
2006,Never treated,6.23832462503951,10.8340953050051,10.3441589163789,48199,0,0,1,0
2007,Never treated,6.20859002609663,10.8540057829595,10.3780744127147,48199,0,0,1,0
2001,Never treated,10.9221543510271,15.0604584970839,10.6862697486674,48201,0,0,1,0
2002,Never treated,10.8345683698829,15.0795367150812,10.6840731022449,48201,0,0,1,0
2003,Never treated,10.7335665875912,15.0945000143264,10.6987625291419,48201,0,0,1,0
2004,Never treated,10.6456867677363,15.1078002367471,10.7492485182198,48201,0,0,1,0
2005,Never treated,10.6548328839998,15.1374191862739,10.8046240366386,48201,0,0,1,0
2006,Never treated,10.7524839695589,15.1657714412957,10.8679777979895,48201,0,0,1,0
2007,Never treated,10.8181569707914,15.1788532838628,10.9359956506012,48201,0,0,1,0
2001,Never treated,6.5875500148248,11.0418652777637,10.3405805183246,48203,0,0,1,0
2002,Never treated,6.50727771238501,11.0392029291557,10.339869763279,48203,0,0,1,0
2003,Never treated,6.43133108193348,11.0387370918852,10.3847092730435,48203,0,0,1,0
2004,Never treated,6.4377516497364,11.0496829279424,10.4353797104138,48203,0,0,1,0
2005,Never treated,6.48463523563525,11.0429538352125,10.3350751447899,48203,0,0,1,0
2006,Never treated,6.56103066589657,11.0541228692714,10.4312587850283,48203,0,0,1,0
2007,Never treated,6.63987583382654,11.0556248102192,10.4738737027581,48203,0,0,1,0
2001,Never treated,3.85014760171006,8.61504559158374,10.0114446940412,48205,0,0,1,0
2002,Never treated,4.0943445622221,8.55140136274597,10.0531567770548,48205,0,0,1,0
2003,Never treated,3.76120011569356,8.61413839747272,10.0548772815869,48205,0,0,1,0
2004,Never treated,3.73766961828337,8.61068353450358,10.1267910910517,48205,0,0,1,0
2005,Never treated,3.58351893845611,8.5569906612903,10.1014363652158,48205,0,0,1,0
2006,Never treated,3.3322045101752,8.55140136274597,10.1589821207347,48205,0,0,1,0
2007,Never treated,3.93182563272433,8.5567984460086,10.2443785833191,48205,0,0,1,0
2001,Never treated,4.18965474202643,8.69567404882425,9.95451331113917,48207,0,0,1,0
2002,Never treated,4.31748811353631,8.67265729404031,9.95660168818561,48207,0,0,1,0
2003,Never treated,4.35670882668959,8.65014941866486,9.94434154654439,48207,0,0,1,0
2004,Never treated,4.26267987704132,8.62891344102665,9.9281801651265,48207,0,0,1,0
2005,Never treated,4.17438726989564,8.60098271714592,9.93692232862237,48207,0,0,1,0
2006,Never treated,4.33073334028633,8.57583938684897,9.98322252055498,48207,0,0,1,0
2007,Never treated,4.14313472639153,8.54616929965275,10.1791856025852,48207,0,0,1,0
2001,Never treated,7.39633529380081,11.5570763127055,10.1259908989629,48209,0,0,1,0
2002,Never treated,7.24636808010246,11.6205593944634,10.1420319004264,48209,0,0,1,0
2003,Never treated,7.18538701558042,11.6604053731634,10.1743158954157,48209,0,0,1,0
2004,Never treated,7.10414409298753,11.6891786463626,10.1915195637522,48209,0,0,1,0
2005,Never treated,7.16703787691222,11.747981776748,10.2279595014348,48209,0,0,1,0
2006,Never treated,7.32184971378836,11.7972544220087,10.2710777082154,48209,0,0,1,0
2007,Never treated,7.50108212425987,11.8635823365834,10.3199915077595,48209,0,0,1,0
2001,Never treated,3.91202300542815,8.11042723757502,10.2477862254068,48211,0,0,1,0
2002,Never treated,4.15888308335967,8.11522197256233,10.2088007786939,48211,0,0,1,0
2003,Never treated,4.21950770517611,8.10952565975287,10.2538979148951,48211,0,0,1,0
2004,Never treated,4.17438726989564,8.12207437536222,10.2956647663174,48211,0,0,1,0
2005,Never treated,4.11087386417331,8.10892415597534,10.3857593688841,48211,0,0,1,0
2006,Never treated,4.35670882668959,8.11671562481911,10.4922182161756,48211,0,0,1,0
2007,Never treated,4.36944785246702,8.10379671298179,10.661719979752,48211,0,0,1,0
2001,Never treated,6.70563909486,11.2158123934558,10.0510019753247,48213,0,0,1,0
2002,Never treated,6.47697236288968,11.2326293821517,10.0658189644536,48213,0,0,1,0
2003,Never treated,6.57088296233958,11.2565353198624,10.1013543206655,48213,0,0,1,0
2004,Never treated,6.47389069635227,11.280829459758,10.1209349113055,48213,0,0,1,0
2005,Never treated,6.39692965521615,11.27208880975,10.1394288620802,48213,0,0,1,0
2006,Never treated,6.49526555593701,11.2748205485159,10.189793678808,48213,0,0,1,0
2007,Never treated,6.46458830368996,11.2748332368584,10.2590268518746,48213,0,0,1,0
2001,Never treated,8.59600437184053,13.2900601785579,10.0129247472345,48215,0,0,1,0
2002,Never treated,8.49043845410742,13.3257792106166,10.0510019753247,48215,0,0,1,0
2003,Never treated,8.50370260123374,13.3619926887382,10.0777349340625,48215,0,0,1,0
2004,Never treated,8.53483662658883,13.3959110278892,10.1076113700131,48215,0,0,1,0
2005,Never treated,8.53267276226462,13.4147045792368,10.139152384404,48215,0,0,1,0
2006,Never treated,8.59618919764273,13.438682468162,10.1928681816235,48215,0,0,1,0
2007,Never treated,8.73004395324502,13.4614920824868,10.2274171726618,48215,0,0,1,0
2001,Never treated,6.18620862390049,10.406079371375,9.98373024021233,48217,0,0,1,0
2002,Never treated,6.17586727010576,10.423381930562,10.0109508557857,48217,0,0,1,0
2003,Never treated,5.96870755998537,10.4477576235215,10.0414217386254,48217,0,0,1,0
2004,Never treated,5.8171111599632,10.464302621047,10.0629668670814,48217,0,0,1,0
2005,Never treated,5.88332238848828,10.4544085068661,10.0905063931317,48217,0,0,1,0
2006,Never treated,5.93753620508243,10.4602134544849,10.1603753098145,48217,0,0,1,0
2007,Never treated,5.95583736946483,10.4694545572983,10.1841450100509,48217,0,0,1,0
2001,Never treated,5.59471137960184,10.026943356463,10.1339244426778,48219,0,0,1,0
2002,Never treated,5.41164605185504,10.0304725642906,10.1302246393605,48219,0,0,1,0
2003,Never treated,5.3890717298165,10.0366188651393,10.1699204519487,48219,0,0,1,0
2004,Never treated,5.23644196282995,10.0335943378813,10.2195019472549,48219,0,0,1,0
2005,Never treated,5.25749537202778,10.0276501951565,10.2297290618539,48219,0,0,1,0
2006,Never treated,5.23110861685459,10.0141340726232,10.3699850424526,48219,0,0,1,0
2007,Never treated,5.31320597904179,10.0089280649941,10.4442990717924,48219,0,0,1,0
2001,Never treated,6.24610676548156,10.6632882036506,10.0978611903542,48221,0,0,1,0
2002,Never treated,6.20859002609663,10.6908761601694,10.1524547838598,48221,0,0,1,0
2003,Never treated,6.2363695902037,10.7200021470464,10.1748877924136,48221,0,0,1,0
2004,Never treated,6.13772705408623,10.7456149261074,10.1735910227136,48221,0,0,1,0
2005,Never treated,6.05678401322862,10.7549410519963,10.2054053150146,48221,0,0,1,0
2006,Never treated,6.25382881157547,10.7792687410721,10.273463642714,48221,0,0,1,0
2007,Never treated,6.36302810354046,10.8072197551629,10.3383496374951,48221,0,0,1,0
2001,Never treated,6.07073772800249,10.379380058262,10.1513237164407,48223,0,0,1,0
2002,Never treated,5.94017125272043,10.3841528932072,10.1492923863934,48223,0,0,1,0
2003,Never treated,5.95583736946483,10.3938757475621,10.2082110908428,48223,0,0,1,0
2004,Never treated,5.91889385427315,10.4079228012801,10.2097582804242,48223,0,0,1,0
2005,Never treated,5.85793315448346,10.4087376619689,10.2075472760964,48223,0,0,1,0
2006,Never treated,5.95064255258773,10.4131625145447,10.2473609046377,48223,0,0,1,0
2007,Never treated,5.90536184805457,10.4347920454834,10.299272626591,48223,0,0,1,0
2001,Never treated,5.39362754635236,10.0473281225118,10.3716457299827,48225,0,0,1,0
2002,Never treated,5.24174701505964,10.0503546283457,10.3776388184327,48225,0,0,1,0
2003,Never treated,5.23110861685459,10.0505704572374,10.3688554533773,48225,0,0,1,0
2004,Never treated,5.14166355650266,10.0580952707626,10.3955889673038,48225,0,0,1,0
2005,Never treated,5.25227342804663,10.0364000036559,10.3326040809756,48225,0,0,1,0
2006,Never treated,5.18178355029209,10.0321885475519,10.3981228169034,48225,0,0,1,0
2007,Never treated,5.17048399503815,10.0287095172895,10.461616521418,48225,0,0,1,0
2001,Never treated,6.21260609575152,10.4096422846522,10.175078352088,48227,0,0,1,0
2002,Never treated,6.10031895202006,10.4093106846793,10.1897561264694,48227,0,0,1,0
2003,Never treated,5.8171111599632,10.402017898208,10.2257521947181,48227,0,0,1,0
2004,Never treated,5.78074351579233,10.3983057381563,10.284386706699,48227,0,0,1,0
2005,Never treated,5.63478960316925,10.3758010120688,10.3120810953188,48227,0,0,1,0
2006,Never treated,5.73009978297357,10.3707060569198,10.3804047280509,48227,0,0,1,0
2007,Never treated,5.84932477994686,10.3786963612996,10.4092503819597,48227,0,0,1,0
2001,Never treated,2.484906649788,8.11939858961229,10.1116798893971,48229,0,0,1,0
2002,Never treated,1.09861228866811,8.11252776347864,10.1985051540861,48229,0,0,1,0
2003,Never treated,2.39789527279837,8.08856180527623,10.2610920642928,48229,0,0,1,0
2004,Never treated,2.30258509299405,8.09559870137819,10.2822321599447,48229,0,0,1,0
2005,Never treated,2.07944154167984,8.07992777075827,10.3255147489433,48229,0,0,1,0
2006,Never treated,1.38629436111989,8.07713663853845,10.3972687416929,48229,0,0,1,0
2007,Never treated,1.94591014905531,8.07153089355666,10.4604713082832,48229,0,0,1,0
2001,Never treated,6.74758652682932,11.2654764136279,10.2750166256154,48231,0,0,1,0
2002,Never treated,6.66695679242921,11.2882307111633,10.2890220251554,48231,0,0,1,0
2003,Never treated,6.56385552653213,11.296074573279,10.3581554380899,48231,0,0,1,0
2004,Never treated,6.51619307604296,11.3106623912354,10.3828534684838,48231,0,0,1,0
2005,Never treated,6.60123011872888,11.3097438419886,10.4081643107152,48231,0,0,1,0
2006,Never treated,6.5694814204143,11.3170930461483,10.4791172871676,48231,0,0,1,0
2007,Never treated,6.60800062529609,11.3193164437583,10.4918018559903,48231,0,0,1,0
2001,Never treated,5.96614673912369,10.0527692552519,10.4378148360872,48233,0,0,1,0
2002,Never treated,5.72031177660741,10.049490846656,10.4770344221948,48233,0,0,1,0
2003,Never treated,5.7268477475872,10.0381932553884,10.5245209251208,48233,0,0,1,0
2004,Never treated,5.66988092298052,10.0264128993734,10.5876948915266,48233,0,0,1,0
2005,Never treated,5.54517744447956,9.99533720616601,10.4868198670889,48233,0,0,1,0
2006,Never treated,5.67675380226828,9.99405925072051,10.5843343931332,48233,0,0,1,0
2007,Never treated,5.59471137960184,9.98580459502534,10.8116049737211,48233,0,0,1,0
2001,Never treated,1.38629436111989,7.4500795698075,10.2999791858452,48235,0,0,1,0
2002,Never treated,2.07944154167984,7.46851327149634,10.3017601900628,48235,0,0,1,0
2003,Never treated,1.09861228866811,7.47420480649612,10.1962317905802,48235,0,0,1,0
2004,Never treated,1.09861228866811,7.45529848568329,10.3118152262578,48235,0,0,1,0
2005,Never treated,1.94591014905531,7.44132038971762,10.5139322413308,48235,0,0,1,0
2006,Never treated,1.94591014905531,7.46336304552002,10.8328721839214,48235,0,0,1,0
2007,Never treated,1.6094379124341,7.454719949364,10.7411678838284,48235,0,0,1,0
2001,Never treated,4.06044301054642,9.06900719585954,10.1584785472895,48237,0,0,1,0
2002,Never treated,4.34380542185368,9.09649955555242,10.2735672499735,48237,0,0,1,0
2003,Never treated,4.35670882668959,9.0994088112689,10.2640250272892,48237,0,0,1,0
2004,Never treated,4.30406509320417,9.10586835037947,10.3330597359875,48237,0,0,1,0
2005,Never treated,4.21950770517611,9.08862461329209,10.4472933035967,48237,0,0,1,0
2006,Never treated,4.35670882668959,9.09425589295538,10.51661702511,48237,0,0,1,0
2007,Never treated,4.35670882668959,9.06992821825944,10.6146710955822,48237,0,0,1,0
2001,Never treated,5.2040066870768,9.56689530871434,10.1539349383777,48239,0,0,1,0
2002,Never treated,4.9416424226093,9.56738524748179,10.1606846439752,48239,0,0,1,0
2003,Never treated,4.90527477843843,9.56969173111832,10.1941028189653,48239,0,0,1,0
2004,Never treated,4.91998092582813,9.57199290712769,10.2341572727873,48239,0,0,1,0
2005,Never treated,4.56434819146784,9.5566214867309,10.2433824964348,48239,0,0,1,0
2006,Never treated,4.70953020131233,9.55101803907991,10.317251463459,48239,0,0,1,0
2007,Never treated,4.70953020131233,9.54695545553714,10.3022301148835,48239,0,0,1,0
2001,Never treated,5.98141421125448,10.4830180063091,10.183162654586,48241,0,0,1,0
2002,Never treated,5.94542060860658,10.4823455866939,10.2096846589856,48241,0,0,1,0
2003,Never treated,5.85507192220243,10.479960457538,10.224954919906,48241,0,0,1,0
2004,Never treated,5.74620319054015,10.4805783309498,10.2502990118504,48241,0,0,1,0
2005,Never treated,5.67675380226828,10.4644452967881,10.316424675483,48241,0,0,1,0
2006,Never treated,6.0330862217988,10.4445901671864,10.379348991266,48241,0,0,1,0
2007,Never treated,5.95064255258773,10.4437457569858,10.3871166816136,48241,0,0,1,0
2001,Never treated,3.61091791264422,7.71333788887187,10.1002460599056,48243,0,0,1,0
2002,Never treated,4.12713438504509,7.70165236264223,10.1611098222666,48243,0,0,1,0
2003,Never treated,4.20469261939097,7.71646080017636,10.1345595901725,48243,0,0,1,0
2004,Never treated,4.00733318523247,7.72621265050753,10.1246691805368,48243,0,0,1,0
2005,Never treated,3.43398720448515,7.70930833338587,10.1056525854651,48243,0,0,1,0
2006,Never treated,3.52636052461616,7.70975686445416,10.1397052633376,48243,0,0,1,0
2007,Never treated,3.36729582998647,7.7007477945118,10.2188820635544,48243,0,0,1,0
2001,Never treated,8.18451375303372,12.4276028961744,10.3911468982703,48245,0,0,1,0
2002,Never treated,8.05102220819068,12.4253286501172,10.4146931041204,48245,0,0,1,0
2003,Never treated,8.01763715990848,12.4241714936996,10.4545814175293,48245,0,0,1,0
2004,Never treated,7.92334821193015,12.422425190067,10.486680348428,48245,0,0,1,0
2005,Never treated,8.09162741160107,12.4151618962157,10.5471293131922,48245,0,0,1,0
2006,Never treated,8.18618599422608,12.3924028237215,10.6056688027259,48245,0,0,1,0
2007,Never treated,8.17301131172497,12.3945750613992,10.645496323286,48245,0,0,1,0
2001,Never treated,3.87120101090789,8.54480835844921,9.95127721637198,48247,0,0,1,0
2002,Never treated,3.68887945411394,8.54558626591746,9.98741501247141,48247,0,0,1,0
2003,Never treated,3.61091791264422,8.52397017569526,10.0303404435321,48247,0,0,1,0
2004,Never treated,3.49650756146648,8.52654928634026,10.0747481619707,48247,0,0,1,0
2005,Never treated,3.40119738166216,8.52456594574565,10.0934878852571,48247,0,0,1,0
2006,Never treated,3.49650756146648,8.51499076786104,10.104385494903,48247,0,0,1,0
2007,Never treated,3.76120011569356,8.49699048409872,10.1944766507454,48247,0,0,1,0
2001,Never treated,5.78689738136671,10.5931536812594,10.1267510966509,48249,0,0,1,0
2002,Never treated,5.76205138278018,10.5985578826579,10.1253903344142,48249,0,0,1,0
2003,Never treated,5.62040086571715,10.6083656559718,10.1763351360295,48249,0,0,1,0
2004,Never treated,5.76205138278018,10.6167069318977,10.1999930835351,48249,0,0,1,0
2005,Never treated,5.73979291217923,10.6132214104505,10.2775651874027,48249,0,0,1,0
2006,Never treated,5.78689738136671,10.6140079411534,10.3741159865507,48249,0,0,1,0
2007,Never treated,5.86929691313377,10.6226679101429,10.4538030839885,48249,0,0,1,0
2001,Never treated,7.29437729928882,11.7919123435548,10.1779323982059,48251,0,0,1,0
2002,Never treated,7.25347038268453,11.8186586316794,10.1952985890716,48251,0,0,1,0
2003,Never treated,7.15851399732932,11.8468945713733,10.2283931527859,48251,0,0,1,0
2004,Never treated,7.04925484125584,11.8722139905271,10.261895993101,48251,0,0,1,0
2005,Never treated,7.14755927118945,11.8777768901931,10.3260391843678,48251,0,0,1,0
2006,Never treated,7.27239839257005,11.8907726860417,10.3747716116815,48251,0,0,1,0
2007,Never treated,7.34536484041687,11.9153191945539,10.4446192720658,48251,0,0,1,0
2001,Never treated,4.49980967033027,9.91462529694658,10.0669235613881,48253,0,0,1,0
2002,Never treated,4.71849887129509,9.9150702137792,10.0731881321402,48253,0,0,1,0
2003,Never treated,4.53259949315326,9.9137843580135,10.092826099238,48253,0,0,1,0
2004,Never treated,4.55387689160054,9.90478670826775,10.1425438223104,48253,0,0,1,0
2005,Never treated,4.60517018598809,9.88129306702636,10.1549852973469,48253,0,0,1,0
2006,Never treated,4.66343909411207,9.87801588656246,10.2768426067261,48253,0,0,1,0
2007,Never treated,4.48863636973214,9.86026685008157,10.2874566002994,48253,0,0,1,0
2001,Never treated,4.77912349311153,9.64413375207121,10.0096927113824,48255,0,0,1,0
2002,Never treated,4.78749174278205,9.63737125799891,10.0292828485804,48255,0,0,1,0
2003,Never treated,4.68213122712422,9.63965220655863,10.0359621369355,48255,0,0,1,0
2004,Never treated,4.51085950651685,9.64121328401888,10.044596413496,48255,0,0,1,0
2005,Never treated,4.45434729625351,9.62066034281053,10.1031986968672,48255,0,0,1,0
2006,Never treated,4.52178857704904,9.61959827832304,10.1524158028241,48255,0,0,1,0
2007,Never treated,4.60517018598809,9.61913327017702,10.2097214703824,48255,0,0,1,0
2001,Never treated,6.96885037834195,11.2314507535944,10.1606459824376,48257,0,0,1,0
2002,Never treated,6.8351845861473,11.265245851311,10.2004390309951,48257,0,0,1,0
2003,Never treated,6.74051935960622,11.3166063985324,10.232539469411,48257,0,0,1,0
2004,Never treated,6.66057514983969,11.355651579677,10.2770146971084,48257,0,0,1,0
2005,Never treated,6.69950034016168,11.3811753420852,10.2850014398218,48257,0,0,1,0
2006,Never treated,6.85118492749374,11.4279556389601,10.33653540173,48257,0,0,1,0
2007,Never treated,6.7945865808765,11.478365075619,10.3848019729277,48257,0,0,1,0
2001,Never treated,5.94542060860658,10.1119234749781,10.1911821249098,48259,0,0,1,0
2002,Never treated,5.97126183979046,10.139389369949,10.2171297266574,48259,0,0,1,0
2003,Never treated,5.89989735358249,10.1794891733385,10.2515353897743,48259,0,0,1,0
2004,Never treated,5.78382518232974,10.2161792604919,10.2814101576379,48259,0,0,1,0
2005,Never treated,5.82008293035236,10.2554112270494,10.3469546827773,48259,0,0,1,0
2006,Never treated,5.91620206260743,10.3005507969635,10.4622458300574,48259,0,0,1,0
2007,Never treated,6.03548143252476,10.3491024292713,10.48971745075,48259,0,0,1,0
2001,Never treated,1.6094379124341,6.70686233660275,9.91338837721339,48263,0,0,1,0
2002,Never treated,2.63905732961526,6.69579891705849,9.91264549032089,48263,0,0,1,0
2003,Never treated,2.39789527279837,6.66057514983969,10.1794512320337,48263,0,0,1,0
2004,Never treated,1.09861228866811,6.65157187358973,10.187274549019,48263,0,0,1,0
2005,Never treated,1.6094379124341,6.60800062529609,10.108752224963,48263,0,0,1,0
2006,Never treated,1.6094379124341,6.57368016696065,9.99838855773085,48263,0,0,1,0
2007,Never treated,2.19722457733622,6.57786135772105,9.97785263449143,48263,0,0,1,0
2001,Never treated,6.26909628370626,10.6996650359155,10.1474136430329,48265,0,0,1,0
2002,Never treated,6.24610676548156,10.7104543692955,10.1973132144359,48265,0,0,1,0
2003,Never treated,6.17378610390194,10.7179891615082,10.2246648441217,48265,0,0,1,0
2004,Never treated,6.14846829591765,10.7351567766795,10.2628738175198,48265,0,0,1,0
2005,Never treated,6.21660610108486,10.7411462479388,10.2812730915375,48265,0,0,1,0
2006,Never treated,6.22257626807137,10.758881125459,10.3498066546526,48265,0,0,1,0
2007,Never treated,6.27664348934164,10.7682323265271,10.3954055483745,48265,0,0,1,0
2001,Never treated,3.76120011569356,8.40938523878193,9.88613791420102,48267,0,0,1,0
2002,Never treated,3.76120011569356,8.41338702269065,9.93571269983086,48267,0,0,1,0
2003,Never treated,4.07753744390572,8.41715183723601,9.94491736229927,48267,0,0,1,0
2004,Never treated,3.71357206670431,8.42222295382501,10.0113998097305,48267,0,0,1,0
2005,Never treated,3.71357206670431,8.42310226801664,10.0238007180461,48267,0,0,1,0
2006,Never treated,4.11087386417331,8.4096079807363,10.0834730495325,48267,0,0,1,0
2007,Never treated,4.26267987704132,8.39502555744203,10.1144370577496,48267,0,0,1,0
2001,Never treated,10.0929502174814,14.1630491926443,10.3427742091198,48029,0,0,1,0
2002,Never treated,9.97259375093468,14.1813980358985,10.3640404136265,48029,0,0,1,0
2003,Never treated,9.86177974913634,14.198814579797,10.4031713358833,48029,0,0,1,0
2004,Never treated,9.79467664667795,14.2158699875835,10.4547831088558,48029,0,0,1,0
2005,Never treated,9.78188473077688,14.2314671046258,10.4878517006369,48029,0,0,1,0
2006,Never treated,9.8474461616525,14.2546438127335,10.5339079031878,48029,0,0,1,0
2007,Never treated,9.92348623904282,14.2785556577026,10.575513236474,48029,0,0,1,0
2001,Never treated,5.6937321388027,10.3439980023871,10.0727238697814,48273,0,0,1,0
2002,Never treated,5.6021188208797,10.3461842172496,10.0937359421461,48273,0,0,1,0
2003,Never treated,5.48479693349065,10.3473076145208,10.1467082032795,48273,0,0,1,0
2004,Never treated,5.58724865840025,10.3384790999026,10.1718338886812,48273,0,0,1,0
2005,Never treated,5.63835466933375,10.3327993871186,10.2174585238108,48273,0,0,1,0
2006,Never treated,5.56452040732269,10.325416386675,10.2518883600226,48273,0,0,1,0
2007,Never treated,5.60947179518496,10.3299963475726,10.3100853522402,48273,0,0,1,0
2001,Never treated,2.99573227355399,8.29978317194979,10.0446832492029,48275,0,0,1,0
2002,Never treated,3.43398720448515,8.28752842311176,10.0777769376328,48275,0,0,1,0
2003,Never treated,2.89037175789616,8.28273588020175,10.1810056463137,48275,0,0,1,0
2004,Never treated,2.99573227355399,8.26590733415575,10.2471481763972,48275,0,0,1,0
2005,Never treated,3.04452243772342,8.20248244657654,10.2491672699083,48275,0,0,1,0
2006,Never treated,3.2188758248682,8.18451375303372,10.3395465257289,48275,0,0,1,0
2007,Never treated,3.3322045101752,8.15104494568502,10.426883833476,48275,0,0,1,0
2001,Never treated,6.60934924316738,10.7936396268006,10.2357724631028,48277,0,0,1,0
2002,Never treated,6.43615036836943,10.8014309975922,10.2303422600624,48277,0,0,1,0
2003,Never treated,6.32256523992728,10.810636626493,10.2429552981371,48277,0,0,1,0
2004,Never treated,6.24027584517077,10.8117057893194,10.2666712683877,48277,0,0,1,0
2005,Never treated,6.15060276844628,10.8026931613525,10.3023643385674,48277,0,0,1,0
2006,Never treated,6.37672694789863,10.8006770111079,10.3301268958757,48277,0,0,1,0
2007,Never treated,6.45676965557216,10.7990448240234,10.3654275075723,48277,0,0,1,0
2001,Never treated,5.19295685089021,9.58788600008621,9.9755291054011,48279,0,0,1,0
2002,Never treated,5.16478597392351,9.59192253962101,9.98966524877718,48279,0,0,1,0
2003,Never treated,5.18178355029209,9.59369619449625,10.0208260449534,48279,0,0,1,0
2004,Never treated,5.16478597392351,9.5819728915479,10.0978200219962,48279,0,0,1,0
2005,Never treated,5.25749537202778,9.56584463093058,10.1384410906097,48279,0,0,1,0
2006,Never treated,5.01063529409626,9.54309140779554,10.1622298810902,48279,0,0,1,0
2007,Never treated,5.18178355029209,9.53351023735752,10.2158866275247,48279,0,0,1,0
2001,Never treated,5.48479693349065,9.81175596193654,9.95688612926082,48281,0,0,1,0
2002,Never treated,5.42934562895444,9.84299417210716,9.98409932902852,48281,0,0,1,0
2003,Never treated,5.39816270151775,9.86817120740856,10.017931686927,48281,0,0,1,0
2004,Never treated,5.2257466737132,9.93459854756118,10.0778609394809,48281,0,0,1,0
2005,Never treated,5.14749447681345,9.88195743398576,10.1809298772577,48281,0,0,1,0
2006,Never treated,5.29330482472449,9.92108186093708,10.2174950501555,48281,0,0,1,0
2007,Never treated,5.17048399503815,9.93769572386586,10.2581154026072,48281,0,0,1,0
2001,Never treated,3.17805383034795,8.66905554072548,10.372709626447,48283,0,0,1,0
2002,Never treated,2.99573227355399,8.67008593751938,10.1597950502288,48283,0,0,1,0
2003,Never treated,2.89037175789616,8.68152048483791,10.2414230038507,48283,0,0,1,0
2004,Never treated,3.13549421592915,8.68744216697592,10.2495918232491,48283,0,0,1,0
2005,Never treated,2.94443897916644,8.70034773451408,10.3977873743448,48283,0,0,1,0
2006,Never treated,3.04452243772342,8.68946441235669,10.4882139841417,48283,0,0,1,0
2007,Never treated,3.43398720448515,8.68693596600333,10.4923569643895,48283,0,0,1,0
2001,Never treated,5.82894561761021,9.84622913369585,9.92544471988817,48285,0,0,1,0
2002,Never treated,5.73009978297357,9.85156247967121,9.95018028052811,48285,0,0,1,0
2003,Never treated,5.77765232322266,9.85214162518454,9.98483709823245,48285,0,0,1,0
2004,Never treated,5.66642668811243,9.84855606900991,10.0194912282924,48285,0,0,1,0
2005,Never treated,5.78996017089725,9.83985528729127,10.0628816046864,48285,0,0,1,0
2006,Never treated,5.6937321388027,9.83708062033853,10.1319767901751,48285,0,0,1,0
2007,Never treated,5.63835466933375,9.83349418071559,10.2101631014804,48285,0,0,1,0
2001,Never treated,5.57972982598622,9.68849816547779,10.145217305326,48287,0,0,1,0
2002,Never treated,5.4510384535657,9.70008535213093,10.1335272705382,48287,0,0,1,0
2003,Never treated,5.44241771052179,9.70947795594698,10.1928307445645,48287,0,0,1,0
2004,Never treated,5.23110861685459,9.7107519573933,10.2420647151027,48287,0,0,1,0
2005,Never treated,5.28320372873799,9.69480148631085,10.2843183796859,48287,0,0,1,0
2006,Never treated,5.37527840768417,9.69467827290507,10.375114862898,48287,0,0,1,0
2007,Never treated,5.30330490805908,9.69060369015953,10.4235305653517,48287,0,0,1,0
2001,Never treated,5.37063802812766,9.65040012484885,10.440653211634,48289,0,0,1,0
2002,Never treated,5.28320372873799,9.67193373386195,10.3699850424526,48289,0,0,1,0
2003,Never treated,5.26785815906333,9.68215486062588,10.4006198491701,48289,0,0,1,0
2004,Never treated,5.27299955856375,9.68514495816296,10.3903482988483,48289,0,0,1,0
2005,Never treated,5.22035582507832,9.68856015599326,10.4881303919045,48289,0,0,1,0
2006,Never treated,5.23110861685459,9.70106532403517,10.5934045215758,48289,0,0,1,0
2007,Never treated,5.04342511691925,9.70363319044987,10.6078466440599,48289,0,0,1,0
2001,Never treated,6.37672694789863,11.1827533408975,10.1420319004264,48291,0,0,1,0
2002,Never treated,6.36818718635049,11.206712755899,10.1562675729786,48291,0,0,1,0
2003,Never treated,6.26530121273771,11.213238285391,10.185013213114,48291,0,0,1,0
2004,Never treated,6.24610676548156,11.2247365974529,10.2293320860823,48291,0,0,1,0
2005,Never treated,6.19644412779452,11.2191448340566,10.2805874790874,48291,0,0,1,0
2006,Never treated,6.27664348934164,11.2181516387047,10.3279379605554,48291,0,0,1,0
2007,Never treated,6.289715570909,11.2227068448665,10.3752084564214,48291,0,0,1,0
2001,Never treated,5.62040086571715,10.0063599754568,10.119082686093,48293,0,0,1,0
2002,Never treated,5.61677109766657,10.0169501574469,10.1476878463759,48293,0,0,1,0
2003,Never treated,5.58724865840025,10.0236677127922,10.1661210115368,48293,0,0,1,0
2004,Never treated,5.50533153593236,10.033857703698,10.1830870487946,48293,0,0,1,0
2005,Never treated,5.59842195899838,10.017931686927,10.1194453480356,48293,0,0,1,0
2006,Never treated,5.65948221575962,10.0184220906282,10.1759163835251,48293,0,0,1,0
2007,Never treated,5.65948221575962,10.0171286890252,10.2226682920473,48293,0,0,1,0
2001,Never treated,3.80666248977032,8.00469951054955,10.2614416779732,48295,0,0,1,0
2002,Never treated,3.66356164612965,8.01994168767737,10.3041745971912,48295,0,0,1,0
2003,Never treated,3.58351893845611,8.03883475778775,10.4339687339606,48295,0,0,1,0
2004,Never treated,3.91202300542815,8.02715010683277,10.4148430359017,48295,0,0,1,0
2005,Never treated,4.04305126783455,7.98514393119862,10.385450631617,48295,0,0,1,0
2006,Never treated,3.98898404656427,7.99260665240021,10.5855737857366,48295,0,0,1,0
2007,Never treated,4.20469261939097,8.00570067866254,10.5797937159,48295,0,0,1,0
2001,Never treated,4.4188406077966,9.40607161568006,10.2535808851093,48297,0,0,1,0
2002,Never treated,4.57471097850338,9.39590665893503,10.2625945366661,48297,0,0,1,0
2003,Never treated,4.57471097850338,9.37898549795389,10.2750511089686,48297,0,0,1,0
2004,Never treated,4.57471097850338,9.37126803608247,10.3718648600373,48297,0,0,1,0
2005,Never treated,4.4188406077966,9.35210031701402,10.4337922218396,48297,0,0,1,0
2006,Never treated,4.51085950651685,9.33926115204302,10.5069835111434,48297,0,0,1,0
2007,Never treated,4.46590811865458,9.33193834372367,10.5512711913445,48297,0,0,1,0
2001,Never treated,4.94875989037817,9.7705274252799,10.0681541740914,48299,0,0,1,0
2002,Never treated,4.71849887129509,9.79166173735387,10.1183972989232,48299,0,0,1,0
2003,Never treated,4.65396035015752,9.80300401395781,10.1361853166551,48299,0,0,1,0
2004,Never treated,4.64439089914137,9.80012503954097,10.1758402278629,48299,0,0,1,0
2005,Never treated,4.85981240436167,9.79779364797706,10.199174996326,48299,0,0,1,0
2006,Never treated,4.76217393479776,9.79701530802561,10.2777371534914,48299,0,0,1,0
2007,Never treated,4.84418708645859,9.8135081389166,10.3447058303501,48299,0,0,1,0
2001,Never treated,8.54772239645106,12.411772944034,10.1878014590801,48303,0,0,1,0
2002,Never treated,8.46104603079324,12.4183695844509,10.2264764388201,48303,0,0,1,0
2003,Never treated,8.39253658681668,12.4292801947965,10.2588165911505,48303,0,0,1,0
2004,Never treated,8.30226579487337,12.4339330549578,10.2796268312625,48303,0,0,1,0
2005,Never treated,8.28045768658256,12.45021418784,10.3162261446108,48303,0,0,1,0
2006,Never treated,8.3296580675694,12.4661419709461,10.3747716116815,48303,0,0,1,0
2007,Never treated,8.38548870041881,12.4795099918989,10.3983057381563,48303,0,0,1,0
2001,Never treated,3.80666248977032,8.76748487464946,10.0010225283727,48305,0,0,1,0
2002,Never treated,3.76120011569356,8.76139348525606,10.0083879623615,48305,0,0,1,0
2003,Never treated,3.78418963391826,8.73600738456922,10.0624125315237,48305,0,0,1,0
2004,Never treated,3.71357206670431,8.72988228482659,10.0939426092268,48305,0,0,1,0
2005,Never treated,3.80666248977032,8.70946507906336,10.1290282284501,48305,0,0,1,0
2006,Never treated,3.87120101090789,8.70880479511728,10.1737436711645,48305,0,0,1,0
2007,Never treated,2.99573227355399,8.66233195708248,10.1788439752973,48305,0,0,1,0
2001,Never treated,4.38202663467388,8.9851948179913,10.1189617695454,48307,0,0,1,0
2002,Never treated,4.44265125649032,8.97246382105991,10.129187832632,48307,0,0,1,0
2003,Never treated,4.59511985013459,8.98004631663313,10.1742396177651,48307,0,0,1,0
2004,Never treated,4.67282883446191,8.9947928972836,10.0815082070284,48307,0,0,1,0
2005,Never treated,4.57471097850338,8.97903863296051,10.1071220334621,48307,0,0,1,0
2006,Never treated,4.70953020131233,8.98193299098687,10.2224138992271,48307,0,0,1,0
2007,Never treated,4.61512051684126,8.96264794774056,10.3195628397563,48307,0,0,1,0
2001,Never treated,8.22550309756692,12.28089714663,10.2486717297594,48309,0,0,1,0
2002,Never treated,8.05038445306702,12.288762615342,10.2710777082154,48309,0,0,1,0
2003,Never treated,8.00101996132365,12.2993944862615,10.3041745971912,48309,0,0,1,0
2004,Never treated,7.95682712209011,12.3138726831332,10.3323110502215,48309,0,0,1,0
2005,Never treated,8.22335889947926,12.3214126995354,10.3835962036401,48309,0,0,1,0
2006,Never treated,7.986504938554,12.3270284204998,10.4178070655564,48309,0,0,1,0
2007,Never treated,7.97246601597457,12.3381573672307,10.4538895954153,48309,0,0,1,0
2001,Never treated,5.10594547390058,9.5258078304359,10.0429016083188,48313,0,0,1,0
2002,Never treated,5.17048399503815,9.45743479744618,10.0903819711752,48313,0,0,1,0
2003,Never treated,5.17048399503815,9.4741651078974,10.0981081649171,48313,0,0,1,0
2004,Never treated,4.85981240436167,9.48888078651068,10.119082686093,48313,0,0,1,0
2005,Never treated,4.95582705760126,9.47730940283042,10.1974250191504,48313,0,0,1,0
2006,Never treated,4.88280192258637,9.48660754161267,10.2524881236632,48313,0,0,1,0
2007,Never treated,4.99043258677874,9.49137540170617,10.3462805579103,48313,0,0,1,0
2001,Never treated,3.52636052461616,9.31190368738562,9.96057651952026,48315,0,0,1,0
2002,Never treated,4.12713438504509,9.30828344630615,9.91427911361433,48315,0,0,1,0
2003,Never treated,3.68887945411394,9.31551086958172,10.0249084077405,48315,0,0,1,0
2004,Never treated,3.91202300542815,9.30946146284399,10.1008208669505,48315,0,0,1,0
2005,Never treated,3.78418963391826,9.28359083371578,10.2156305034129,48315,0,0,1,0
2006,Never treated,3.52636052461616,9.28079883562474,10.2191008899166,48315,0,0,1,0
2007,Never treated,3.85014760171006,9.27322127001538,10.2176411421937,48315,0,0,1,0
2001,Never treated,2.77258872223978,8.45340105832846,10.1682719630094,48317,0,0,1,0
2002,Never treated,2.30258509299405,8.44376191333035,10.1652362429614,48317,0,0,1,0
2003,Never treated,2.56494935746154,8.42178300661158,10.1755355472039,48317,0,0,1,0
2004,Never treated,1.09861228866811,8.39298958795693,10.2917386799096,48317,0,0,1,0
2005,Never treated,2.07944154167984,8.38981426208641,10.2991043245895,48317,0,0,1,0
2006,Never treated,1.38629436111989,8.38776764397578,10.3752708472375,48317,0,0,1,0
2007,Never treated,1.94591014905531,8.39298958795693,10.3965055576522,48317,0,0,1,0
2001,Never treated,3.3322045101752,8.23004431012611,9.92593374136596,48319,0,0,1,0
2002,Never treated,3.40119738166216,8.23110984032815,9.98934409629581,48319,0,0,1,0
2003,Never treated,3.49650756146648,8.23615566168312,10.0522523258012,48319,0,0,1,0
2004,Never treated,2.70805020110221,8.25114213909075,10.1574318530031,48319,0,0,1,0
2005,Never treated,3.2188758248682,8.25009775257285,10.2321076127807,48319,0,0,1,0
2006,Never treated,3.73766961828337,8.25764495820823,10.184749057185,48319,0,0,1,0
2007,Never treated,3.43398720448515,8.26924452118306,10.0282682694334,48319,0,0,1,0
2001,Never treated,5.99396142730657,10.5454993209813,10.4292510486663,48321,0,0,1,0
2002,Never treated,5.6937321388027,10.5463146491961,10.424451608275,48321,0,0,1,0
2003,Never treated,5.71373280550937,10.5519249827038,10.4535146585013,48321,0,0,1,0
2004,Never treated,5.73979291217923,10.54605171272,10.4759349478583,48321,0,0,1,0
2005,Never treated,5.75574221358691,10.528971334611,10.4736475543472,48321,0,0,1,0
2006,Never treated,5.6937321388027,10.5184839845386,10.4953769010218,48321,0,0,1,0
2007,Never treated,5.87773578177964,10.5114035887334,10.5363272484863,48321,0,0,1,0
2001,Never treated,5.77144112313002,10.7762651720785,9.99515474106195,48323,0,0,1,0
2002,Never treated,5.72031177660741,10.7956904888812,10.0124316395253,48323,0,0,1,0
2003,Never treated,5.78996017089725,10.8172350531375,9.99811568161491,48323,0,0,1,0
2004,Never treated,5.4553211153577,10.8294315414384,10.0257494320691,48323,0,0,1,0
2005,Never treated,5.50125821054473,10.8243279191089,10.0602348582107,48323,0,0,1,0
2006,Never treated,5.71702770140622,10.8368910226868,10.1007387718844,48323,0,0,1,0
2007,Never treated,5.91620206260743,10.8395613036711,10.1275506809097,48323,0,0,1,0
2001,Never treated,5.77765232322266,10.5983332897317,10.0202923320782,48325,0,0,1,0
2002,Never treated,5.85220247977447,10.6145974334702,10.0416830512875,48325,0,0,1,0
2003,Never treated,5.83188247728352,10.6353986111469,10.0648408028939,48325,0,0,1,0
2004,Never treated,5.70044357339069,10.6528260127458,10.0997531050421,48325,0,0,1,0
2005,Never treated,5.52942908751142,10.6545498050425,10.0939012792274,48325,0,0,1,0
2006,Never treated,5.64897423816121,10.6726230790954,10.1552963030641,48325,0,0,1,0
2007,Never treated,5.61312810638807,10.6862240343817,10.1933173170454,48325,0,0,1,0
2001,Never treated,2.94443897916644,7.77022320415879,9.832367420033,48327,0,0,1,0
2002,Never treated,3.17805383034795,7.76726399675731,9.86407082017234,48327,0,0,1,0
2003,Never treated,2.94443897916644,7.75362354655975,9.89328569005153,48327,0,0,1,0
2004,Never treated,2.30258509299405,7.73280753042202,9.91595945403145,48327,0,0,1,0
2005,Never treated,1.94591014905531,7.68202151082687,9.94955974063851,48327,0,0,1,0
2006,Never treated,2.30258509299405,7.67089483136212,9.98603481350369,48327,0,0,1,0
2007,Never treated,2.484906649788,7.6515955738576,10.0135967752162,48327,0,0,1,0
2001,Never treated,7.743269700829,11.662086574713,10.4027768884838,48329,0,0,1,0
2002,Never treated,7.74196789982069,11.6737509614193,10.4004677694801,48329,0,0,1,0
2003,Never treated,7.65633716643018,11.6857520872024,10.4028072361159,48329,0,0,1,0
2004,Never treated,7.61579107203583,11.6953636816258,10.4791454043036,48329,0,0,1,0
2005,Never treated,7.56786260546388,11.7004667087983,10.5523431849629,48329,0,0,1,0
2006,Never treated,7.69165682281055,11.7234537777169,10.6601962145858,48329,0,0,1,0
2007,Never treated,7.74975340627444,11.7446877679101,10.7270926574521,48329,0,0,1,0
2001,Never treated,5.59471137960184,10.1072036061842,10.3605009225249,48331,0,0,1,0
2002,Never treated,5.46383180502561,10.1287089436453,10.3678188746223,48331,0,0,1,0
2003,Never treated,5.49306144334055,10.1274707512478,10.3599942566918,48331,0,0,1,0
2004,Never treated,5.36597601502185,10.1393498762581,10.3558044394215,48331,0,0,1,0
2005,Never treated,5.42053499927229,10.1208142185288,10.382419951415,48331,0,0,1,0
2006,Never treated,5.41610040220442,10.1205727892664,10.5076942237994,48331,0,0,1,0
2007,Never treated,5.36597601502185,10.1157319229813,10.5483107102659,48331,0,0,1,0
2001,Never treated,4.20469261939097,8.53089883847235,9.94424554500829,48333,0,0,1,0
2002,Never treated,4.04305126783455,8.53973715585113,9.99510911958335,48333,0,0,1,0
2003,Never treated,4.14313472639153,8.52872642722991,10.021003885964,48333,0,0,1,0
2004,Never treated,3.87120101090789,8.54090971803355,10.0594651339905,48333,0,0,1,0
2005,Never treated,4.04305126783455,8.53522955390234,10.0638616835973,48333,0,0,1,0
2006,Never treated,4.15888308335967,8.51539156946961,10.0969550947403,48333,0,0,1,0
2007,Never treated,3.71357206670431,8.5137873982814,10.0896351141636,48333,0,0,1,0
2001,Never treated,4.17438726989564,9.16565676434954,10.0738630383117,48335,0,0,1,0
2002,Never treated,4.26267987704132,9.15419321135318,10.1218195468531,48335,0,0,1,0
2003,Never treated,3.98898404656427,9.15302900526307,10.144392433429,48335,0,0,1,0
2004,Never treated,3.63758615972639,9.14388000527591,10.1794132892893,48335,0,0,1,0
2005,Never treated,3.8286413964891,9.13583231980112,10.2123683361289,48335,0,0,1,0
2006,Never treated,3.95124371858143,9.12891337328045,10.2978580086387,48335,0,0,1,0
2007,Never treated,4.04305126783455,9.13637085177601,10.329506639592,48335,0,0,1,0
2001,Never treated,5.48479693349065,9.86349854431976,9.98732305844836,48337,0,0,1,0
2002,Never treated,5.44673737166631,9.86412282901385,10.003016095251,48337,0,0,1,0
2003,Never treated,5.32300997913841,9.87519095338101,10.0388048494838,48337,0,0,1,0
2004,Never treated,5.31811999384422,9.87621912538193,10.0732303271232,48337,0,0,1,0
2005,Never treated,5.39816270151775,9.87369822372538,10.1492532818866,48337,0,0,1,0
2006,Never treated,5.37527840768417,9.88328484521861,10.2035180681688,48337,0,0,1,0
2007,Never treated,5.35658627467201,9.88399887595227,10.2544612753551,48337,0,0,1,0
2001,Never treated,8.34283980427146,12.6530635004668,10.4055952856824,48339,0,0,1,0
2002,Never treated,8.33062262033287,12.7023164697305,10.414573142508,48339,0,0,1,0
2003,Never treated,8.23509549725836,12.7502875898039,10.4243922117438,48339,0,0,1,0
2004,Never treated,8.21311069759668,12.7999297369429,10.4542932164783,48339,0,0,1,0
2005,Never treated,8.25894046298846,12.8325911220414,10.5254072238077,48339,0,0,1,0
2006,Never treated,8.37770121259764,12.8798407590796,10.590767554818,48339,0,0,1,0
2007,Never treated,8.55120807000351,12.9303065866222,10.6066098161182,48339,0,0,1,0
2001,Never treated,5.73657229747919,9.91610758389223,10.2383513534607,48341,0,0,1,0
2002,Never treated,5.87211778947542,9.91051281747288,10.2162889757809,48341,0,0,1,0
2003,Never treated,5.74939298590825,9.9133388685865,10.2558331383136,48341,0,0,1,0
2004,Never treated,5.59471137960184,9.9259826303635,10.2800386504796,48341,0,0,1,0
2005,Never treated,5.58724865840025,9.89877647280601,10.3270872308398,48341,0,0,1,0
2006,Never treated,5.6937321388027,9.90223677063448,10.4016533781553,48341,0,0,1,0
2007,Never treated,5.6970934865054,9.8942449711692,10.4976427838891,48341,0,0,1,0
2001,Never treated,4.70953020131233,9.48978863950086,10.4203449485338,48343,0,0,1,0
2002,Never treated,4.51085950651685,9.48903215258983,10.3943961424618,48343,0,0,1,0
2003,Never treated,4.55387689160054,9.48872939751637,10.3831630085098,48343,0,0,1,0
2004,Never treated,4.51085950651685,9.47331983178759,10.4965104842335,48343,0,0,1,0
2005,Never treated,4.69134788222914,9.46218799141875,10.6135410131624,48343,0,0,1,0
2006,Never treated,4.68213122712422,9.47031717333574,10.655799466264,48343,0,0,1,0
2007,Never treated,4.38202663467388,9.47378098005493,10.7345471400476,48343,0,0,1,0
2001,Never treated,2.63905732961526,7.18538701558042,9.87024095874249,48345,0,0,1,0
2002,Never treated,1.6094379124341,7.16239749735572,9.85066677635255,48345,0,0,1,0
2003,Never treated,1.79175946922805,7.18387071506245,9.8787336880699,48345,0,0,1,0
2004,Never treated,1.79175946922805,7.16472037877186,9.93880643266048,48345,0,0,1,0
2005,Never treated,1.79175946922805,7.16703787691222,9.94874768394099,48345,0,0,1,0
2006,Never treated,1.38629436111989,7.15851399732932,10.0259263997287,48345,0,0,1,0
2007,Never treated,1.38629436111989,7.15305163493748,10.0559940242509,48345,0,0,1,0
2001,Never treated,6.63725803128446,10.9918643030167,10.1072036061842,48347,0,0,1,0
2002,Never treated,6.60123011872888,10.9893016256409,10.1653516919619,48347,0,0,1,0
2003,Never treated,6.47697236288968,10.9943532470054,10.152766577455,48347,0,0,1,0
2004,Never treated,6.37842618365159,11.0024997612256,10.1576645464305,48347,0,0,1,0
2005,Never treated,6.56385552653213,11.0230292843853,10.207178299633,48347,0,0,1,0
2006,Never treated,6.47850964220857,11.0288066840328,10.237814632811,48347,0,0,1,0
2007,Never treated,6.63987583382654,11.0440252267646,10.2926538876748,48347,0,0,1,0
2001,Never treated,6.42162226780652,10.7371572557219,10.0954706196007,48349,0,0,1,0
2002,Never treated,6.4150969591716,10.7537453138058,10.1083041871575,48349,0,0,1,0
2003,Never treated,6.24997524225948,10.7655543841998,10.1363437827041,48349,0,0,1,0
2004,Never treated,6.03068526026126,10.7834254549445,10.1673890963225,48349,0,0,1,0
2005,Never treated,6.14846829591765,10.7854559545647,10.1949250644893,48349,0,0,1,0
2006,Never treated,6.1527326947041,10.7978189330559,10.2445919014839,48349,0,0,1,0
2007,Never treated,6.07764224334903,10.7958543762909,10.2932297001791,48349,0,0,1,0
2001,Never treated,3.71357206670431,9.62218508704839,10.0798329543017,48351,0,0,1,0
2002,Never treated,3.52636052461616,9.60938491228142,10.0985196536893,48351,0,0,1,0
2003,Never treated,3.3322045101752,9.60541838719786,10.0438580053834,48351,0,0,1,0
2004,Never treated,3.46573590279973,9.5682245844549,10.0655638841019,48351,0,0,1,0
2005,Never treated,3.80666248977032,9.56085638859933,10.1636571026868,48351,0,0,1,0
2006,Never treated,3.61091791264422,9.53813218535584,10.1127349986582,48351,0,0,1,0
2007,Never treated,3.8286413964891,9.52864863796972,10.2725998311785,48351,0,0,1,0
2001,Never treated,5.14749447681345,9.64251232291291,10.113951050693,48353,0,0,1,0
2002,Never treated,5.18738580584075,9.6268772940514,10.1199689609768,48353,0,0,1,0
2003,Never treated,5.08140436498446,9.6260857894919,10.1317778366699,48353,0,0,1,0
2004,Never treated,5.15329159449778,9.61959827832304,10.1667744681532,48353,0,0,1,0
2005,Never treated,4.93447393313069,9.58891378461603,10.2046286446721,48353,0,0,1,0
2006,Never treated,5.03695260241363,9.58527754171539,10.2200121513476,48353,0,0,1,0
2007,Never treated,5.14166355650266,9.58740600556265,10.278905739292,48353,0,0,1,0
2001,Never treated,8.48218758221742,12.6523533481381,10.2889540141376,48355,0,0,1,0
2002,Never treated,8.34117174717076,12.6572660923434,10.3122472275937,48355,0,0,1,0
2003,Never treated,8.28576542051433,12.6604898094645,10.3398374442253,48355,0,0,1,0
2004,Never treated,8.23509549725836,12.6676565531925,10.3833796295322,48355,0,0,1,0
2005,Never treated,8.23084356419823,12.6699921791441,10.4176874769411,48355,0,0,1,0
2006,Never treated,8.27052509505507,12.6753197386746,10.4843894606853,48355,0,0,1,0
2007,Never treated,8.28551330907974,12.672639124537,10.5356631761046,48355,0,0,1,0
2001,Never treated,5.26785815906333,9.11811542793366,10.2558331383136,48357,0,0,1,0
2002,Never treated,5.28320372873799,9.11294802596753,10.2394953956291,48357,0,0,1,0
2003,Never treated,5.30330490805908,9.10063710688422,10.2751200721078,48357,0,0,1,0
2004,Never treated,5.23644196282995,9.1203062492722,10.375021260614,48357,0,0,1,0
2005,Never treated,5.18178355029209,9.12369256525051,10.4158020673535,48357,0,0,1,0
2006,Never treated,5.25227342804663,9.1336752870407,10.5159126280177,48357,0,0,1,0
2007,Never treated,5.25749537202778,9.15609535712379,10.5452361700101,48357,0,0,1,0
2001,Never treated,3.29583686600433,7.67786350067821,10.0422489945777,48359,0,0,1,0
2002,Never treated,2.94443897916644,7.67275789664251,10.0742846234781,48359,0,0,1,0
2003,Never treated,3.2188758248682,7.68156036255954,10.1150037676094,48359,0,0,1,0
2004,Never treated,2.484906649788,7.66902828858968,10.0940252641014,48359,0,0,1,0
2005,Never treated,2.89037175789616,7.64587582518481,10.186898014637,48359,0,0,1,0
2006,Never treated,2.56494935746154,7.64396194900253,10.2269107336407,48359,0,0,1,0
2007,Never treated,2.484906649788,7.63482067774554,10.1829358200608,48359,0,0,1,0
2001,Never treated,6.86901445066571,11.3446133165493,10.3575523304804,48361,0,0,1,0
2002,Never treated,6.7428806357919,11.343358224976,10.378229936129,48361,0,0,1,0
2003,Never treated,6.65286302935335,11.3448499497335,10.390225380773,48361,0,0,1,0
2004,Never treated,6.70318811324086,11.3471659964753,10.3972687416929,48361,0,0,1,0
2005,Never treated,6.67456139181443,11.3340260459775,10.403626274247,48361,0,0,1,0
2006,Never treated,6.80128303447162,11.316448187052,10.4938265131144,48361,0,0,1,0
2007,Never treated,6.75227037614174,11.3205050862989,10.5524477082064,48361,0,0,1,0
2001,Never treated,5.84354441703136,10.2085428330453,10.0865171919138,48363,0,0,1,0
2002,Never treated,5.73009978297357,10.2096110321265,10.1078967057941,48363,0,0,1,0
2003,Never treated,5.61312810638807,10.2159963749229,10.1367398379986,48363,0,0,1,0
2004,Never treated,5.62762111369064,10.2128088000914,10.1884785071764,48363,0,0,1,0
2005,Never treated,5.67332326717149,10.2135058048336,10.3134757493719,48363,0,0,1,0
2006,Never treated,5.78689738136671,10.2223048539186,10.378540910414,48363,0,0,1,0
2007,Never treated,5.78996017089725,10.2162524053554,10.4618740137304,48363,0,0,1,0
2001,Never treated,5.62040086571715,10.0302523533276,10.153740306329,48365,0,0,1,0
2002,Never treated,5.46806014113513,10.033682134194,10.1554129052758,48365,0,0,1,0
2003,Never treated,5.36597601502185,10.0369251907658,10.2250274257065,48365,0,0,1,0
2004,Never treated,5.43372200355424,10.0284447919405,10.3189359942532,48365,0,0,1,0
2005,Never treated,5.31811999384422,10.0377998901437,10.3349452409185,48365,0,0,1,0
2006,Never treated,5.39816270151775,10.0464183817252,10.4245406964576,48365,0,0,1,0
2007,Never treated,5.50125821054473,10.0444661457957,10.5140951608489,48365,0,0,1,0
2001,Never treated,6.81124437860129,11.4298046915758,10.154829758209,48367,0,0,1,0
2002,Never treated,6.85329909318608,11.4582475016795,10.1870109898391,48367,0,0,1,0
2003,Never treated,6.72982407048948,11.4899638533329,10.2052574243055,48367,0,0,1,0
2004,Never treated,6.67456139181443,11.5146240216058,10.221613957362,48367,0,0,1,0
2005,Never treated,6.78445706263764,11.526926984606,10.2521353650875,48367,0,0,1,0
2006,Never treated,6.95177216439891,11.5573537490046,10.3181436273459,48367,0,0,1,0
2007,Never treated,6.96602418710611,11.5957857380373,10.4036869170608,48367,0,0,1,0
2001,Never treated,5.02388052084628,9.18399639663658,10.1415591244346,48369,0,0,1,0
2002,Never treated,4.69134788222914,9.19502366786429,10.1432522048666,48369,0,0,1,0
2003,Never treated,4.76217393479776,9.19958271532322,10.1680033469561,48369,0,0,1,0
2004,Never treated,4.88280192258637,9.20008799551183,10.1606846439752,48369,0,0,1,0
2005,Never treated,4.87519732320115,9.16722408090255,10.1960079016282,48369,0,0,1,0
2006,Never treated,4.77912349311153,9.14323856843545,10.2372060009607,48369,0,0,1,0
2007,Never treated,4.79579054559674,9.14878406627708,10.3196288006415,48369,0,0,1,0
2001,Never treated,5.2257466737132,9.70479268162423,10.0858924391914,48371,0,0,1,0
2002,Never treated,5.14749447681345,9.69977891386053,10.0848920222676,48371,0,0,1,0
2003,Never treated,4.97673374242057,9.68103126500205,10.1131810561259,48371,0,0,1,0
2004,Never treated,4.99043258677874,9.68209247175604,10.1472177374587,48371,0,0,1,0
2005,Never treated,4.7361984483945,9.66421461929203,10.2425279172631,48371,0,0,1,0
2006,Never treated,5.01727983681492,9.66947262133328,10.3056137593788,48371,0,0,1,0
2007,Never treated,5.17048399503815,9.66940943616914,10.3570123993879,48371,0,0,1,0
2001,Never treated,5.93224518744801,10.6725767366712,10.1483143146815,48373,0,0,1,0
2002,Never treated,5.95064255258773,10.7004089913125,10.1636571026868,48373,0,0,1,0
2003,Never treated,5.8171111599632,10.7257752499192,10.153389873151,48373,0,0,1,0
2004,Never treated,5.8348107370626,10.7402587731789,10.2007362188571,48373,0,0,1,0
2005,Never treated,5.87773578177964,10.7361140268342,10.2157036884247,48373,0,0,1,0
2006,Never treated,5.8805329864007,10.74270283673,10.2693798855245,48373,0,0,1,0
2007,Never treated,5.94017125272043,10.7464115759143,10.3160937687957,48373,0,0,1,0
2001,Never treated,7.91132401896335,11.6490023650399,10.2327912996787,48375,0,0,1,0
2002,Never treated,7.81681996576455,11.6588077700913,10.2632228089381,48375,0,0,1,0
2003,Never treated,7.82244472948932,11.6754013935435,10.2773587890531,48375,0,0,1,0
2004,Never treated,7.82084087990734,11.6811819034393,10.3184408385166,48375,0,0,1,0
2005,Never treated,7.76726399675731,11.6926519909156,10.3808391194444,48375,0,0,1,0
2006,Never treated,7.79975331828725,11.6983671491004,10.4267356963007,48375,0,0,1,0
2007,Never treated,7.86480400332846,11.7015438219082,10.4848368754742,48375,0,0,1,0
2001,Never treated,4.11087386417331,8.90801832278489,10.027959280047,48377,0,0,1,0
2002,Never treated,4.00733318523247,8.92345797969497,10.0808384426767,48377,0,0,1,0
2003,Never treated,4.15888308335967,8.93656120469339,10.1040173289788,48377,0,0,1,0
2004,Never treated,4.11087386417331,8.93629818522844,10.1026662263965,48377,0,0,1,0
2005,Never treated,3.89182029811063,8.93208043810331,10.1584010519391,48377,0,0,1,0
2006,Never treated,4.18965474202643,8.9187841379758,10.192905617281,48377,0,0,1,0
2007,Never treated,4.12713438504509,8.93181623730917,10.2453381569156,48377,0,0,1,0
2001,Never treated,4.31748811353631,9.2005930205213,9.96373563288149,48379,0,0,1,0
2002,Never treated,4.56434819146784,9.24792513230345,9.97212702825282,48379,0,0,1,0
2003,Never treated,4.51085950651685,9.29155162740101,9.97827029697981,48379,0,0,1,0
2004,Never treated,4.33073334028633,9.30746708270691,10.0175302685768,48379,0,0,1,0
2005,Never treated,4.26267987704132,9.28451977015043,10.0122522673275,48379,0,0,1,0
2006,Never treated,4.39444915467244,9.30246366085199,10.0419007596898,48379,0,0,1,0
2007,Never treated,4.55387689160054,9.32554230166487,10.1007798202599,48379,0,0,1,0
2001,Never treated,7.25700270709207,11.567101101416,10.1657364257309,48381,0,0,1,0
2002,Never treated,7.1731917424866,11.5747258658757,10.198467927469,48381,0,0,1,0
2003,Never treated,7.15461535691366,11.5832627656405,10.2232495184513,48381,0,0,1,0
2004,Never treated,7.18387071506245,11.5967517750151,10.2241570089396,48381,0,0,1,0
2005,Never treated,7.08924315502751,11.6065706230312,10.1964556294171,48381,0,0,1,0
2006,Never treated,7.17625453201714,11.6171773663423,10.2548484016511,48381,0,0,1,0
2007,Never treated,7.20489251020467,11.6331499622766,10.3162923259477,48381,0,0,1,0
2001,Never treated,3.49650756146648,8.07309119969315,10.1801718707784,48383,0,0,1,0
2002,Never treated,3.71357206670431,8.05801080080209,10.2135058048336,48383,0,0,1,0
2003,Never treated,3.43398720448515,8.03040956213048,10.2750511089686,48383,0,0,1,0
2004,Never treated,3.61091791264422,8.02812905943176,10.363188288786,48383,0,0,1,0
2005,Never treated,3.29583686600433,7.99429498641598,10.4753141978595,48383,0,0,1,0
2006,Never treated,3.61091791264422,7.98786409608569,10.5928776842184,48383,0,0,1,0
2007,Never treated,3.76120011569356,8.00269416228394,10.6829958987441,48383,0,0,1,0
2001,Never treated,2.99573227355399,8.00570067866254,9.73441780141792,48385,0,0,1,0
2002,Never treated,2.77258872223978,8.00469951054955,9.805599051717,48385,0,0,1,0
2003,Never treated,3.09104245335832,8.01565761455734,9.78030245196575,48385,0,0,1,0
2004,Never treated,2.70805020110221,8.01961279440027,9.82368648233257,48385,0,0,1,0
2005,Never treated,2.39789527279837,7.97177612288063,9.94290055489296,48385,0,0,1,0
2006,Never treated,2.70805020110221,7.98309894071089,9.98169781307269,48385,0,0,1,0
2007,Never treated,2.94443897916644,8.01234963932779,9.9818827499635,48385,0,0,1,0
2001,Never treated,4.57471097850338,9.55754057195237,9.89746948021057,48387,0,0,1,0
2002,Never treated,4.38202663467388,9.54316310009223,9.88735817060624,48387,0,0,1,0
2003,Never treated,4.21950770517611,9.52770259852938,9.95892225942423,48387,0,0,1,0
2004,Never treated,4.26267987704132,9.52339775075919,9.97002407633637,48387,0,0,1,0
2005,Never treated,4.30406509320417,9.50755189464409,10.0254839218454,48387,0,0,1,0
2006,Never treated,4.11087386417331,9.49137540170617,10.2141656772822,48387,0,0,1,0
2007,Never treated,4.02535169073515,9.47753908548656,10.1466689975868,48387,0,0,1,0
2001,Never treated,5.04985600724954,9.45305122878292,9.86739394488789,48389,0,0,1,0
2002,Never treated,5.08759633523238,9.43628001059239,9.9704917813166,48389,0,0,1,0
2003,Never treated,4.83628190695148,9.40927319457533,9.9869091606752,48389,0,0,1,0
2004,Never treated,4.61512051684126,9.37822488097237,10.0424230665569,48389,0,0,1,0
2005,Never treated,4.78749174278205,9.32883426602397,10.1169443382608,48389,0,0,1,0
2006,Never treated,4.74493212836325,9.31650056780457,10.2036291813376,48389,0,0,1,0
2007,Never treated,4.77068462446567,9.31506068274659,10.272668963567,48389,0,0,1,0
2001,Never treated,4.02535169073515,8.95776800997116,10.0679845244175,48391,0,0,1,0
2002,Never treated,4.04305126783455,8.94676537486763,10.0767683646779,48391,0,0,1,0
2003,Never treated,4.00733318523247,8.93313654381203,10.0992599070542,48391,0,0,1,0
2004,Never treated,4.06044301054642,8.94272233056014,10.1289085085944,48391,0,0,1,0
2005,Never treated,3.89182029811063,8.92678311410135,10.1494096907397,48391,0,0,1,0
2006,Never treated,4.06044301054642,8.9175787537811,10.25667642719,48391,0,0,1,0
2007,Never treated,4.30406509320417,8.89836560695536,10.2814444212277,48391,0,0,1,0
2001,Never treated,1.79175946922805,6.75925527066369,9.93851680145552,48393,0,0,1,0
2002,Never treated,1.94591014905531,6.75925527066369,9.92480863423981,48393,0,0,1,0
2003,Never treated,2.30258509299405,6.71295620067707,9.91388332871825,48393,0,0,1,0
2004,Never treated,2.39789527279837,6.71780469502369,10.0003873772761,48393,0,0,1,0
2005,Never treated,1.79175946922805,6.71417052990947,10.202183746251,48393,0,0,1,0
2006,Never treated,1.79175946922805,6.69084227741856,10.3214081019116,48393,0,0,1,0
2007,Never treated,2.30258509299405,6.73696695800186,10.3593288679694,48393,0,0,1,0
2001,Never treated,5.09375020080676,9.68096880599076,10.1098511038103,48395,0,0,1,0
2002,Never treated,5.06890420222023,9.67508017154682,10.1463552966981,48395,0,0,1,0
2003,Never treated,5.11799381241676,9.67802882326448,10.1803235180471,48395,0,0,1,0
2004,Never treated,5.11799381241676,9.68096880599076,10.196791293756,48395,0,0,1,0
2005,Never treated,5.12989871492307,9.67621046994031,10.2461548458203,48395,0,0,1,0
2006,Never treated,5.10594547390058,9.67168159064327,10.3151666471108,48395,0,0,1,0
2007,Never treated,5.2257466737132,9.66896702819858,10.3474679968726,48395,0,0,1,0
2001,Never treated,6.62273632394984,10.7621703577899,10.21771418021,48397,0,0,1,0
2002,Never treated,6.55535689181067,10.8393652021683,10.2448762549372,48397,0,0,1,0
2003,Never treated,6.55535689181067,10.91005764904,10.2663930462255,48397,0,0,1,0
2004,Never treated,6.6052979209482,10.9754478102068,10.3121807779957,48397,0,0,1,0
2005,Never treated,6.68835471394676,11.0360019484353,10.3219017909305,48397,0,0,1,0
2006,Never treated,6.78332520060396,11.1319139164913,10.3538304194224,48397,0,0,1,0
2007,Never treated,6.93828448401696,11.2111038993647,10.392742186374,48397,0,0,1,0
2001,Never treated,5.14166355650266,9.32116592706507,10.0105915474503,48399,0,0,1,0
2002,Never treated,5.08759633523238,9.31406955773866,10.0245097807836,48399,0,0,1,0
2003,Never treated,4.86753445045558,9.29954101743449,10.0443792912336,48399,0,0,1,0
2004,Never treated,4.75359019110636,9.29743507882712,10.0797071971386,48399,0,0,1,0
2005,Never treated,4.65396035015752,9.2796798500548,10.1105017219205,48399,0,0,1,0
2006,Never treated,4.62497281328427,9.25004173882773,10.1834650206024,48399,0,0,1,0
2007,Never treated,4.62497281328427,9.24203281870867,10.2243021310238,48399,0,0,1,0
2001,Never treated,6.13339804299665,10.7676214593927,10.2511116609544,48401,0,0,1,0
2002,Never treated,6.02344759296103,10.7679795991764,10.2806217708762,48401,0,0,1,0
2003,Never treated,6.05443934626937,10.7718477506527,10.3104182528059,48401,0,0,1,0
2004,Never treated,5.92157841964382,10.77593088463,10.3367623612836,48401,0,0,1,0
2005,Never treated,6.04025471127741,10.7722882746737,10.3943655384924,48401,0,0,1,0
2006,Never treated,5.85793315448346,10.7782060084993,10.4670953617411,48401,0,0,1,0
2007,Never treated,5.95842469302978,10.7882876173189,10.5309221897307,48401,0,0,1,0
2001,Never treated,4.15888308335967,9.2529208195113,10.2627341868427,48403,0,0,1,0
2002,Never treated,3.93182563272433,9.24936875894366,10.3023307843354,48403,0,0,1,0
2003,Never treated,3.78418963391826,9.25138634141218,10.3478848706461,48403,0,0,1,0
2004,Never treated,3.87120101090789,9.24580403625175,10.4621314397576,48403,0,0,1,0
2005,Never treated,3.43398720448515,9.22916212621677,10.5531268431191,48403,0,0,1,0
2006,Never treated,3.87120101090789,9.22906398597429,10.6246389295057,48403,0,0,1,0
2007,Never treated,3.71357206670431,9.22493337427908,10.7073707746907,48403,0,0,1,0
2001,Never treated,4.30406509320417,9.08930204359913,9.97100600426695,48405,0,0,1,0
2002,Never treated,4.24849524204936,9.09414357757367,9.99117786566312,48405,0,0,1,0
2003,Never treated,4.18965474202643,9.09223228349585,10.0131039988595,48405,0,0,1,0
2004,Never treated,4.14313472639153,9.09683567117936,10.0535441487428,48405,0,0,1,0
2005,Never treated,3.93182563272433,9.07817946837384,10.0838906035075,48405,0,0,1,0
2006,Never treated,4.18965474202643,9.07371849443322,10.1335272705382,48405,0,0,1,0
2007,Never treated,4.14313472639153,9.06935267867521,10.1769819542771,48405,0,0,1,0
2001,Never treated,4.69134788222914,10.0356555161135,10.0022010254722,48407,0,0,1,0
2002,Never treated,4.49980967033027,10.0545334174099,10.0240666754945,48407,0,0,1,0
2003,Never treated,4.40671924726425,10.0825120132108,10.027517700953,48407,0,0,1,0
2004,Never treated,4.27666611901606,10.1089558121703,10.0676875682164,48407,0,0,1,0
2005,Never treated,4.40671924726425,10.1007798202599,10.0769785679453,48407,0,0,1,0
2006,Never treated,4.45434729625351,10.1003692606614,10.113951050693,48407,0,0,1,0
2007,Never treated,4.34380542185368,10.1181956250292,10.1951118442205,48407,0,0,1,0
2001,Never treated,6.16541785423142,11.1125075980836,10.2727035279692,48409,0,0,1,0
2002,Never treated,6.07073772800249,11.1167669161824,10.3347828373453,48409,0,0,1,0
2003,Never treated,6.12249280951439,11.1200310140359,10.3679445777745,48409,0,0,1,0
2004,Never treated,6.13988455222626,11.1320895528075,10.3420972592366,48409,0,0,1,0
2005,Never treated,6.19644412779452,11.1355520640282,10.3502225548425,48409,0,0,1,0
2006,Never treated,6.30627528694802,11.1346912088103,10.4634175768084,48409,0,0,1,0
2007,Never treated,6.38856140554563,11.1316504041633,10.4970906027597,48409,0,0,1,0
2001,Never treated,4.31748811353631,8.7281022050621,9.91729183351253,48411,0,0,1,0
2002,Never treated,4.30406509320417,8.70896990698095,9.99556524073704,48411,0,0,1,0
2003,Never treated,4.18965474202643,8.70731756027321,10.0118036960196,48411,0,0,1,0
2004,Never treated,4.24849524204936,8.71833650245078,10.0405502029245,48411,0,0,1,0
2005,Never treated,4.14313472639153,8.6978466911095,10.057323897251,48411,0,0,1,0
2006,Never treated,4.20469261939097,8.68980105602255,10.1038127337697,48411,0,0,1,0
2007,Never treated,4.24849524204936,8.68304655550289,10.1141535823392,48411,0,0,1,0
2001,Never treated,4.07753744390572,8.53050420547591,10.0796652745696,48169,0,0,1,0
2002,Never treated,4.0943445622221,8.52476445691256,10.1154488144478,48169,0,0,1,0
2003,Never treated,3.85014760171006,8.5249629286806,10.1673506931274,48169,0,0,1,0
2004,Never treated,3.91202300542815,8.53719187792293,10.1767156680178,48169,0,0,1,0
2005,Never treated,3.91202300542815,8.47345026846832,10.1649668101159,48169,0,0,1,0
2006,Never treated,4.17438726989564,8.48218758221742,10.2313514146207,48169,0,0,1,0
2007,Never treated,4.26267987704132,8.46463594067756,10.3387056187936,48169,0,0,1,0
2001,Never treated,5.29330482472449,9.66991480573138,10.2385301963477,48415,0,0,1,0
2002,Never treated,5.21493575760899,9.6807814055467,10.3466979268866,48415,0,0,1,0
2003,Never treated,5.19849703126583,9.68021899340877,10.2875587679566,48415,0,0,1,0
2004,Never treated,5.03043792139244,9.69116029365577,10.4864570780746,48415,0,0,1,0
2005,Never treated,4.969813299576,9.66649859439987,10.6484441442724,48415,0,0,1,0
2006,Never treated,5.07517381523383,9.67250082376089,10.4886875415415,48415,0,0,1,0
2007,Never treated,5.19849703126583,9.68277853533738,10.5780633475106,48415,0,0,1,0
2001,Never treated,3.58351893845611,8.10016144693661,10.0877655276285,48417,0,0,1,0
2002,Never treated,3.68887945411394,8.11402544235676,10.0432060157052,48417,0,0,1,0
2003,Never treated,3.58351893845611,8.09742629859721,10.0859341015182,48417,0,0,1,0
2004,Never treated,3.55534806148941,8.07246736935477,10.1086300527408,48417,0,0,1,0
2005,Never treated,3.66356164612965,8.04558828080353,10.1704182978183,48417,0,0,1,0
2006,Never treated,4.15888308335967,8.04590874227078,10.2817869925715,48417,0,0,1,0
2007,Never treated,3.93182563272433,8.04430540699064,10.335042670404,48417,0,0,1,0
2001,Never treated,5.4249500174814,10.1415197163441,10.0079376538926,48419,0,0,1,0
2002,Never treated,5.44241771052179,10.146629790357,10.0536302109658,48419,0,0,1,0
2003,Never treated,5.28826703069454,10.1623842735562,10.0935705777238,48419,0,0,1,0
2004,Never treated,5.33753807970132,10.1677730471815,10.1268710750549,48419,0,0,1,0
2005,Never treated,5.24174701505964,10.1672738823124,10.1668897397139,48419,0,0,1,0
2006,Never treated,5.51745289646471,10.1686939282227,10.2166180494415,48419,0,0,1,0
2007,Never treated,5.53733426701854,10.1803614262713,10.2330430665439,48419,0,0,1,0
2001,Never treated,3.49650756146648,8.04558828080353,10.0579667498242,48421,0,0,1,0
2002,Never treated,3.17805383034795,8.06369263426952,10.214898358562,48421,0,0,1,0
2003,Never treated,3.09104245335832,8.05579245097777,10.1198481515535,48421,0,0,1,0
2004,Never treated,2.70805020110221,8.03333401588006,10.1517918995088,48421,0,0,1,0
2005,Never treated,3.25809653802148,7.9820748750812,10.1631558785327,48421,0,0,1,0
2006,Never treated,2.83321334405622,7.96485088744731,10.1860314471318,48421,0,0,1,0
2007,Never treated,3.2188758248682,7.96935774201635,10.2465452005157,48421,0,0,1,0
2001,Never treated,8.09529377684465,12.0870300669826,10.3271526972882,48423,0,0,1,0
2002,Never treated,8.0471895621705,12.104986315845,10.3433540873616,48423,0,0,1,0
2003,Never treated,8.00235954625271,12.1218809259314,10.3710507062425,48423,0,0,1,0
2004,Never treated,7.98548435673382,12.1379115708615,10.4253718036589,48423,0,0,1,0
2005,Never treated,8.01002752848173,12.1565462103798,10.4553879388738,48423,0,0,1,0
2006,Never treated,8.06934236681164,12.1771689286733,10.496068263171,48423,0,0,1,0
2007,Never treated,8.14177220465645,12.1961132146356,10.5236338402116,48423,0,0,1,0
2001,Never treated,4.74493212836325,8.84664081310049,10.5895345866058,48425,0,0,1,0
2002,Never treated,4.88280192258637,8.87290767425985,10.668862367093,48425,0,0,1,0
2003,Never treated,4.62497281328427,8.89713534229332,10.6423726247699,48425,0,0,1,0
2004,Never treated,4.66343909411207,8.91731069319781,10.6673028672133,48425,0,0,1,0
2005,Never treated,4.65396035015752,8.9138193508572,10.7677689442495,48425,0,0,1,0
2006,Never treated,4.68213122712422,8.93695560422523,10.8239694890288,48425,0,0,1,0
2007,Never treated,4.63472898822964,8.94923531437485,10.9602703949304,48425,0,0,1,0
2001,Never treated,5.19849703126583,10.9104413193075,9.79562390666018,48427,0,0,1,0
2002,Never treated,5.18738580584075,10.936956692872,9.81694879111889,48427,0,0,1,0
2003,Never treated,5.23644196282995,10.969387237622,9.85707705471346,48427,0,0,1,0
2004,Never treated,5.39816270151775,10.9964338195776,9.88527266411522,48427,0,0,1,0
2005,Never treated,5.34710753071747,10.9971375493744,9.95032342737316,48427,0,0,1,0
2006,Never treated,5.4510384535657,11.0093567791521,10.0051412062626,48427,0,0,1,0
2007,Never treated,5.43372200355424,11.0177927278839,10.0422925154133,48427,0,0,1,0
2001,Never treated,5.01063529409626,9.15809926013049,10.0639894491902,48429,0,0,1,0
2002,Never treated,4.89034912822175,9.15588418618012,10.0707800703103,48429,0,0,1,0
2003,Never treated,4.77912349311153,9.16051967699223,10.1158532306785,48429,0,0,1,0
2004,Never treated,4.70953020131233,9.16041456320646,10.1187602094698,48429,0,0,1,0
2005,Never treated,4.81218435537242,9.14569517848265,10.1758783064189,48429,0,0,1,0
2006,Never treated,4.82028156560504,9.14984699154722,10.2303061999863,48429,0,0,1,0
2007,Never treated,4.91265488573605,9.15461622320382,10.3069840575494,48429,0,0,1,0
2001,Never treated,3.17805383034795,7.21229446850034,10.131260372234,48431,0,0,1,0
2002,Never treated,3.04452243772342,7.20934025660291,10.2144588142159,48431,0,0,1,0
2003,Never treated,2.63905732961526,7.18916773842032,10.2421003536565,48431,0,0,1,0
2004,Never treated,2.99573227355399,7.18916773842032,10.2038513706439,48431,0,0,1,0
2005,Never treated,3.17805383034795,7.14124512235049,10.1682719630094,48431,0,0,1,0
2006,Never treated,3.46573590279973,7.09837563859079,10.2940758814139,48431,0,0,1,0
2007,Never treated,3.13549421592915,7.10578612948127,10.5733916943657,48431,0,0,1,0
2001,Never treated,2.63905732961526,7.36518012602101,9.94774364379067,48433,0,0,1,0
2002,Never treated,2.484906649788,7.3132203870903,9.89530415972811,48433,0,0,1,0
2003,Never treated,2.19722457733622,7.2848209125686,9.89832424557925,48433,0,0,1,0
2004,Never treated,2.56494935746154,7.25347038268453,9.99716002839876,48433,0,0,1,0
2005,Never treated,2.83321334405622,7.21081845347222,10.0909624745709,48433,0,0,1,0
2006,Never treated,2.89037175789616,7.23128700432762,10.1022564407087,48433,0,0,1,0
2007,Never treated,2.484906649788,7.22693601849329,10.1597176568381,48433,0,0,1,0
2001,Never treated,4.0943445622221,8.30523682949259,10.2419934341845,48435,0,0,1,0
2002,Never treated,4.14313472639153,8.32044811395656,10.2979591191694,48435,0,0,1,0
2003,Never treated,4.04305126783455,8.30844552038576,10.3261374853984,48435,0,0,1,0
2004,Never treated,4.12713438504509,8.32675881451173,10.4512620800803,48435,0,0,1,0
2005,Never treated,4.06044301054642,8.34331588140495,10.5404875724731,48435,0,0,1,0
2006,Never treated,4.11087386417331,8.35631996582815,10.6912856046954,48435,0,0,1,0
2007,Never treated,4.07753744390572,8.36497397843873,10.8165530890546,48435,0,0,1,0
2001,Never treated,4.46590811865458,9.01274272762971,10.0314409168466,48437,0,0,1,0
2002,Never treated,4.30406509320417,8.98869569678571,10.0273410147031,48437,0,0,1,0
2003,Never treated,4.30406509320417,8.98419231164167,10.0388485204666,48437,0,0,1,0
2004,Never treated,4.36944785246702,8.97132147150368,10.0728505081657,48437,0,0,1,0
2005,Never treated,4.23410650459726,8.95622201636254,10.1083041871575,48437,0,0,1,0
2006,Never treated,4.36944785246702,8.95027346655738,10.1547908696442,48437,0,0,1,0
2007,Never treated,4.38202663467388,8.93997417728963,10.1886664947698,48437,0,0,1,0
2001,Never treated,10.2764983370907,14.2135474786066,10.5264000194136,48439,0,0,1,0
2002,Never treated,10.1619210246288,14.2376334843552,10.5489664393946,48439,0,0,1,0
2003,Never treated,10.0363124456486,14.2581725377677,10.565324648254,48439,0,0,1,0
2004,Never treated,9.97873416191067,14.2773679717116,10.6033372211557,48439,0,0,1,0
2005,Never treated,10.0444661457957,14.2967946973388,10.6230332069506,48439,0,0,1,0
2006,Never treated,10.1045081867626,14.3236616082452,10.6776385172492,48439,0,0,1,0
2007,Never treated,10.1877262032101,14.3518547945519,10.7131280485319,48439,0,0,1,0
2001,Never treated,7.63723438878947,11.7381787891477,10.1322552586006,48441,0,0,1,0
2002,Never treated,7.54591815120932,11.7353407511638,10.1471001756897,48441,0,0,1,0
2003,Never treated,7.48493028328966,11.7352686961137,10.175078352088,48441,0,0,1,0
2004,Never treated,7.43779512167193,11.736796751421,10.2159963749229,48441,0,0,1,0
2005,Never treated,7.42476176182321,11.7444101322535,10.246225830736,48441,0,0,1,0
2006,Never treated,7.46393660446893,11.7436323420906,10.308852655644,48441,0,0,1,0
2007,Never treated,7.45414107814668,11.7483295478549,10.3650809144219,48441,0,0,1,0
2001,Never treated,5.01727983681492,9.43228320271387,10.1430554822645,48445,0,0,1,0
2002,Never treated,4.74493212836325,9.44113458222091,10.1291479339746,48445,0,0,1,0
2003,Never treated,4.69134788222914,9.43667881418691,10.1584010519391,48445,0,0,1,0
2004,Never treated,4.52178857704904,9.43492288748465,10.2113030799075,48445,0,0,1,0
2005,Never treated,4.77912349311153,9.41205597587677,10.2241207251276,48445,0,0,1,0
2006,Never treated,4.8283137373023,9.40984675352424,10.3006180238542,48445,0,0,1,0
2007,Never treated,4.68213122712422,9.40434343354397,10.3675045475939,48445,0,0,1,0
2001,Never treated,3.04452243772342,7.48605261786314,9.83611836216527,48447,0,0,1,0
2002,Never treated,2.484906649788,7.45414107814668,9.79277943055171,48447,0,0,1,0
2003,Never treated,2.56494935746154,7.42595365707754,9.81776625213065,48447,0,0,1,0
2004,Never treated,2.19722457733622,7.40062057737113,9.8857817254172,48447,0,0,1,0
2005,Never treated,2.484906649788,7.42714413340862,10.0388048494838,48447,0,0,1,0
2006,Never treated,2.484906649788,7.44307837434852,10.0874743886491,48447,0,0,1,0
2007,Never treated,2.484906649788,7.39264752072162,10.1962691005326,48447,0,0,1,0
2001,Never treated,6.22653666928747,10.2402454626345,10.1727128416373,48449,0,0,1,0
2002,Never treated,6.25958146406492,10.2488487365746,10.2076579424927,48449,0,0,1,0
2003,Never treated,6.31716468674728,10.2663930462255,10.231459477946,48449,0,0,1,0
2004,Never treated,6.3818160174061,10.2805531861226,10.2710777082154,48449,0,0,1,0
2005,Never treated,6.45047042214418,10.245657810272,10.2567466691737,48449,0,0,1,0
2006,Never treated,6.43294009273918,10.2620357408565,10.3143712866712,48449,0,0,1,0
2007,Never treated,6.41673228251233,10.2794895204937,10.3413875817875,48449,0,0,1,0
2001,Never treated,7.38336814699238,11.5468243499757,10.1714897401586,48451,0,0,1,0
2002,Never treated,7.35436233042148,11.5472689189927,10.1781223786385,48451,0,0,1,0
2003,Never treated,7.2115567333138,11.5509050235944,10.2146419811731,48451,0,0,1,0
2004,Never treated,7.2283884515736,11.5503079511576,10.2743267087231,48451,0,0,1,0
2005,Never treated,7.14913159855741,11.5623154492116,10.2907886900166,48451,0,0,1,0
2006,Never treated,7.11801620446533,11.5690411130967,10.3070174560098,48451,0,0,1,0
2007,Never treated,7.27655640271871,11.5760598758061,10.3330922748308,48451,0,0,1,0
2001,Never treated,9.61179745868681,13.6442927260148,10.638208445006,48453,0,0,1,0
2002,Never treated,9.41540141573963,13.6478513811789,10.6271639381309,48453,0,0,1,0
2003,Never treated,9.27434750195047,13.6581629400384,10.658012012771,48453,0,0,1,0
2004,Never treated,9.19074972221118,13.6749522485731,10.6926946317909,48453,0,0,1,0
2005,Never treated,9.22935837781194,13.7163629245442,10.7315807496682,48453,0,0,1,0
2006,Never treated,9.30710404040849,13.7510157692038,10.792078153768,48453,0,0,1,0
2007,Never treated,9.39416080489387,13.7855429821862,10.7998816526958,48453,0,0,1,0
2001,Never treated,4.67282883446191,9.53640145729708,9.93556744599954,48455,0,0,1,0
2002,Never treated,4.76217393479776,9.55229753882796,9.97184689004947,48455,0,0,1,0
2003,Never treated,4.74493212836325,9.56064506890707,9.95346748484115,48455,0,0,1,0
2004,Never treated,4.67282883446191,9.56570445711481,9.98938998153683,48455,0,0,1,0
2005,Never treated,4.60517018598809,9.55761123583962,9.98423770222124,48455,0,0,1,0
2006,Never treated,4.69134788222914,9.55506418479516,10.0176640925984,48455,0,0,1,0
2007,Never treated,4.58496747867057,9.54831148472113,10.0600638595782,48455,0,0,1,0
2001,Never treated,4.85203026391962,9.93285216116603,10.0322325084267,48457,0,0,1,0
2002,Never treated,5.05624580534831,9.93899947353749,10.0624551836318,48457,0,0,1,0
2003,Never treated,5.11198778835654,9.93421072517897,10.1223419184319,48457,0,0,1,0
2004,Never treated,4.98360662170834,9.94256402451792,10.1672738823124,48457,0,0,1,0
2005,Never treated,4.90527477843843,9.91595945403145,10.138678244761,48457,0,0,1,0
2006,Never treated,5.02388052084628,9.91150532412971,10.1725218306154,48457,0,0,1,0
2007,Never treated,4.81218435537242,9.91808055483903,10.207510384576,48457,0,0,1,0
2001,Never treated,5.49306144334055,10.4812238815847,10.0292828485804,48459,0,0,1,0
2002,Never treated,5.59471137960184,10.5061354622888,10.0503977978507,48459,0,0,1,0
2003,Never treated,5.57215403217776,10.5192135861275,10.0590800495881,48459,0,0,1,0
2004,Never treated,5.48893772615669,10.526319559181,10.0975729762503,48459,0,0,1,0
2005,Never treated,5.35658627467201,10.5303346613388,10.1156106005669,48459,0,0,1,0
2006,Never treated,5.59471137960184,10.5338280448033,10.1636956479872,48459,0,0,1,0
2007,Never treated,5.55295958492162,10.5324961319798,10.2388520329648,48459,0,0,1,0
2001,Never treated,2.77258872223978,8.08487062913819,10.3351076181211,48461,0,0,1,0
2002,Never treated,2.70805020110221,8.09346227450118,10.3118484637563,48461,0,0,1,0
2003,Never treated,2.77258872223978,8.06652149046999,10.3307141524258,48461,0,0,1,0
2004,Never treated,2.30258509299405,8.04974629095219,10.4085264655404,48461,0,0,1,0
2005,Never treated,2.77258872223978,8.01466637046494,10.4397177305238,48461,0,0,1,0
2006,Never treated,2.83321334405622,8.0323601479245,10.5301476480737,48461,0,0,1,0
2007,Never treated,2.56494935746154,7.99833539595298,10.6369365923694,48461,0,0,1,0
2001,Never treated,5.77455154554441,10.1679649673433,9.95232533461943,48463,0,0,1,0
2002,Never treated,5.7037824746562,10.1870486454036,9.97380621144508,48463,0,0,1,0
2003,Never treated,5.7268477475872,10.1855790266747,9.9939679056645,48463,0,0,1,0
2004,Never treated,5.54126354515843,10.1910321155339,10.0037400444252,48463,0,0,1,0
2005,Never treated,5.52146091786225,10.1881776535019,10.056723528435,48463,0,0,1,0
2006,Never treated,5.62401750618734,10.1856544442998,10.0880981541336,48463,0,0,1,0
2007,Never treated,5.59098698051086,10.1867096942658,10.183880624651,48463,0,0,1,0
2001,Never treated,5.86929691313377,10.7214595835415,10.0562086395538,48465,0,0,1,0
2002,Never treated,5.78074351579233,10.7331304776846,10.0802101309296,48465,0,0,1,0
2003,Never treated,6.01126717440416,10.7516921445751,10.1383224924399,48465,0,0,1,0
2004,Never treated,5.82304589548302,10.7673475012223,10.183880624651,48465,0,0,1,0
2005,Never treated,5.78382518232974,10.7613861686966,10.2155573130447,48465,0,0,1,0
2006,Never treated,5.80513496891649,10.7623610135403,10.262489786234,48465,0,0,1,0
2007,Never treated,5.92692602597041,10.7689269975862,10.3252852219319,48465,0,0,1,0
2001,Never treated,6.25382881157547,10.802265832659,10.0147605549456,48467,0,0,1,0
2002,Never treated,6.24416690066374,10.8236507766242,10.0183329442052,48467,0,0,1,0
2003,Never treated,6.25575004175337,10.8369303432278,10.0614310306021,48467,0,0,1,0
2004,Never treated,6.16751649088834,10.8577674703143,10.0963368312167,48467,0,0,1,0
2005,Never treated,6.12029741895095,10.8479963824843,10.1572379004432,48467,0,0,1,0
2006,Never treated,6.28785856016178,10.8552998564774,10.1909195937327,48467,0,0,1,0
2007,Never treated,6.20859002609663,10.8564187485053,10.2301980119554,48467,0,0,1,0
2001,Never treated,7.21744343169653,11.3480154437957,10.2773931917365,48469,0,0,1,0
2002,Never treated,7.05531284333975,11.3516645673478,10.2808274969184,48469,0,0,1,0
2003,Never treated,6.97541392745595,11.3552184689402,10.3025320928414,48469,0,0,1,0
2004,Never treated,6.95463886488099,11.3578493570665,10.3469867726289,48469,0,0,1,0
2005,Never treated,6.95081476844258,11.3514177886894,10.3694204074114,48469,0,0,1,0
2006,Never treated,6.95081476844258,11.3522166609123,10.4430755449698,48469,0,0,1,0
2007,Never treated,7.04577657687951,11.3639032785772,10.4794546406329,48469,0,0,1,0
2001,Never treated,6.26530121273771,11.0337438465387,10.1762590122522,48471,0,0,1,0
2002,Never treated,6.16120732169508,11.0239428691267,10.2113398317773,48471,0,0,1,0
2003,Never treated,6.19644412779452,11.0404066753588,10.2205220952649,48471,0,0,1,0
2004,Never treated,6.0330862217988,11.0470891404358,10.2147884905865,48471,0,0,1,0
2005,Never treated,6.12686918411419,11.0731328524124,10.2435248553218,48471,0,0,1,0
2006,Never treated,6.24416690066374,11.0654345130059,10.2916030223092,48471,0,0,1,0
2007,Never treated,6.18826412308259,11.0617200371853,10.3345554280238,48471,0,0,1,0
2001,Never treated,5.84354441703136,10.4151428320426,10.1635029066262,48473,0,0,1,0
2002,Never treated,5.77455154554441,10.4373458754127,10.2070675801407,48473,0,0,1,0
2003,Never treated,5.7268477475872,10.451580058894,10.3017266155526,48473,0,0,1,0
2004,Never treated,5.66296048013595,10.455503103127,10.294245031772,48473,0,0,1,0
2005,Never treated,5.62401750618734,10.4515222520844,10.3400313428816,48473,0,0,1,0
2006,Never treated,5.88887795833288,10.4624459816014,10.4149929452069,48473,0,0,1,0
2007,Never treated,5.8636311755981,10.4864570780746,10.5493072486889,48473,0,0,1,0
2001,Never treated,4.85981240436167,9.26084335414929,10.1906194736824,48475,0,0,1,0
2002,Never treated,4.91998092582813,9.25493125530406,10.2440229518917,48475,0,0,1,0
2003,Never treated,4.56434819146784,9.24164522180459,10.2755682166247,48475,0,0,1,0
2004,Never treated,4.49980967033027,9.23474025879972,10.3178793654608,48475,0,0,1,0
2005,Never treated,4.61512051684126,9.22641055215368,10.3482695230212,48475,0,0,1,0
2006,Never treated,4.7361984483945,9.23073106162392,10.4987462322769,48475,0,0,1,0
2007,Never treated,4.80402104473326,9.22473625225991,10.6178579195476,48475,0,0,1,0
2001,Never treated,6.40025744530882,10.325416386675,10.1526496662489,48477,0,0,1,0
2002,Never treated,6.39526159811545,10.3322133542188,10.1746590728609,48477,0,0,1,0
2003,Never treated,6.32435896238131,10.3410325541077,10.1867473611773,48477,0,0,1,0
2004,Never treated,6.32435896238131,10.3469225918959,10.2113765822964,48477,0,0,1,0
2005,Never treated,6.23244801655052,10.3565357473825,10.226983097777,48477,0,0,1,0
2006,Never treated,6.22059017009974,10.3663092030036,10.2931281102973,48477,0,0,1,0
2007,Never treated,6.39692965521615,10.3757074739909,10.3458308887307,48477,0,0,1,0
2001,Never treated,7.69530313496357,12.2101841815699,10.0911282708077,48479,0,0,1,0
2002,Never treated,7.63530388625941,12.2391640357804,10.1161362247577,48479,0,0,1,0
2003,Never treated,7.62997570702779,12.2676662095352,10.1348770127042,48479,0,0,1,0
2004,Never treated,7.65254569269392,12.2959407714575,10.1640810192972,48479,0,0,1,0
2005,Never treated,7.62119516280984,12.3105993136337,10.2183347880606,48479,0,0,1,0
2006,Never treated,7.73892375743946,12.3302132070024,10.2417795609393,48479,0,0,1,0
2007,Never treated,7.84971375760487,12.3495147642632,10.2753614056492,48479,0,0,1,0
2001,Never treated,6.45833828334479,10.6254165345215,10.1149632989827,48481,0,0,1,0
2002,Never treated,6.36990098282823,10.6249792061052,10.1259908989629,48481,0,0,1,0
2003,Never treated,6.25766758788264,10.6293681027127,10.1340832673754,48481,0,0,1,0
2004,Never treated,6.20253551718792,10.6313018250044,10.1621140710957,48481,0,0,1,0
2005,Never treated,6.1779441140506,10.6200094044125,10.2156670965883,48481,0,0,1,0
2006,Never treated,6.20253551718792,10.6184206864179,10.2714238487519,48481,0,0,1,0
2007,Never treated,6.30078579466324,10.6164618698958,10.2863320666068,48481,0,0,1,0
2001,Never treated,4.54329478227,8.54032360880509,9.96993050908484,48483,0,0,1,0
2002,Never treated,4.70048036579242,8.51759311143756,9.95759687818316,48483,0,0,1,0
2003,Never treated,4.52178857704904,8.48073665440562,9.99934303817965,48483,0,0,1,0
2004,Never treated,4.52178857704904,8.48135873840702,10.079623350243,48483,0,0,1,0
2005,Never treated,4.49980967033027,8.45871626165726,10.30098769099,48483,0,0,1,0
2006,Never treated,4.52178857704904,8.46358142196759,10.191856888768,48483,0,0,1,0
2007,Never treated,4.63472898822964,8.46821300919452,10.3897950484884,48483,0,0,1,0
2001,Never treated,7.68982866873648,11.7700993596661,10.153389873151,48485,0,0,1,0
2002,Never treated,7.58984151218266,11.7651228366752,10.1861445202714,48485,0,0,1,0
2003,Never treated,7.50494206839617,11.7612142093716,10.2231042435183,48485,0,0,1,0
2004,Never treated,7.47647238116391,11.7543567712505,10.2559737358534,48485,0,0,1,0
2005,Never treated,7.37650812632622,11.7719148100293,10.2957323224734,48485,0,0,1,0
2006,Never treated,7.37462901521894,11.7684742490331,10.3424841438531,48485,0,0,1,0
2007,Never treated,7.52023455647463,11.7615652083573,10.3881334585187,48485,0,0,1,0
2001,Never treated,5.3890717298165,9.57630206030665,10.0922466769885,48487,0,0,1,0
2002,Never treated,5.31811999384422,9.56752518590912,10.1224624269781,48487,0,0,1,0
2003,Never treated,5.34710753071747,9.55986984775404,10.1318176305376,48487,0,0,1,0
2004,Never treated,5.17614973257383,9.54208717559006,10.1318972135228,48487,0,0,1,0
2005,Never treated,5.25227342804663,9.54344981789221,10.2010704496652,48487,0,0,1,0
2006,Never treated,5.23110861685459,9.54330646926811,10.2625247042639,48487,0,0,1,0
2007,Never treated,5.23110861685459,9.52857589747142,10.276016160398,48487,0,0,1,0
2001,Never treated,4.23410650459726,9.89817345771236,9.97966124675897,48489,0,0,1,0
2002,Never treated,3.97029191355212,9.90468683311161,9.98460660382092,48489,0,0,1,0
2003,Never treated,3.91202300542815,9.90742977176875,10.0247312598215,48489,0,0,1,0
2004,Never treated,3.97029191355212,9.91358638721354,10.0678996887865,48489,0,0,1,0
2005,Never treated,4.0943445622221,9.919754525,10.103362476911,48489,0,0,1,0
2006,Never treated,3.98898404656427,9.92417214372896,10.1751926704648,48489,0,0,1,0
2007,Never treated,4.24849524204936,9.9206887598559,10.2661843287934,48489,0,0,1,0
2001,Never treated,8.33375100695358,12.5308662371949,10.7333267506792,48491,0,0,1,0
2002,Never treated,8.21797820315073,12.579431141818,10.5488877745983,48491,0,0,1,0
2003,Never treated,8.08978917578932,12.6248619246406,10.5850680967246,48491,0,0,1,0
2004,Never treated,8.13270648969326,12.6702751054845,10.6211809935141,48491,0,0,1,0
2005,Never treated,8.23244015847034,12.7133690489178,10.6227653356733,48491,0,0,1,0
2006,Never treated,8.34450508359052,12.7660112385013,10.624249900129,48491,0,0,1,0
2007,Never treated,8.46273700562018,12.8299608477713,10.6812745501592,48491,0,0,1,0
2001,Never treated,5.52146091786225,10.4171790657152,9.9533247873833,48493,0,0,1,0
2002,Never treated,5.48063892334199,10.4450557436366,10.0336382370012,48493,0,0,1,0
2003,Never treated,5.55295958492162,10.4728556319142,10.0180208691263,48493,0,0,1,0
2004,Never treated,5.50938833662798,10.511594140108,10.0299880361455,48493,0,0,1,0
2005,Never treated,5.46806014113513,10.5171043941393,10.065733944899,48493,0,0,1,0
2006,Never treated,5.73334127689775,10.5432075847132,10.1175499951141,48493,0,0,1,0
2007,Never treated,5.69035945432406,10.5753089463813,10.1295069645958,48493,0,0,1,0
2001,Never treated,4.23410650459726,8.8627667422838,10.2694145637968,48495,0,0,1,0
2002,Never treated,4.21950770517611,8.84865288621391,10.2492734251427,48495,0,0,1,0
2003,Never treated,3.78418963391826,8.82173238093444,10.3381230379441,48495,0,0,1,0
2004,Never treated,4.00733318523247,8.81685324062743,10.4183749162568,48495,0,0,1,0
2005,Never treated,4.14313472639153,8.76717339668401,10.5022416326459,48495,0,0,1,0
2006,Never treated,4.23410650459726,8.76795190976342,10.6420382165499,48495,0,0,1,0
2007,Never treated,4.12713438504509,8.78523362361273,10.688712421297,48495,0,0,1,0
2001,Never treated,6.45990445437753,10.8456214543678,10.2557979858398,48497,0,0,1,0
2002,Never treated,6.4425401664682,10.8761019054632,10.2634321453425,48497,0,0,1,0
2003,Never treated,6.35437004079735,10.904137815028,10.2800729610936,48497,0,0,1,0
2004,Never treated,6.25190388316589,10.9228762424139,10.3082190582905,48497,0,0,1,0
2005,Never treated,6.28599809450886,10.9294216157063,10.3876097934676,48497,0,0,1,0
2006,Never treated,6.42971947803914,10.945141407367,10.5024339376972,48497,0,0,1,0
2007,Never treated,6.51619307604296,10.9607395073609,10.5894086880043,48497,0,0,1,0
2001,Never treated,6.06842558824411,10.5343869196165,10.0257494320691,48499,0,0,1,0
2002,Never treated,5.98645200528444,10.5464198044316,10.0561657201778,48499,0,0,1,0
2003,Never treated,5.97380961186926,10.5816987444801,10.0885137817372,48499,0,0,1,0
2004,Never treated,5.96614673912369,10.6040571189117,10.1215381567843,48499,0,0,1,0
2005,Never treated,5.87211778947542,10.6119912164168,10.161418929336,48499,0,0,1,0
2006,Never treated,5.92425579741453,10.6325808598695,10.2211773555723,48499,0,0,1,0
2007,Never treated,6.01615715969835,10.6518328935608,10.2780466179484,48499,0,0,1,0
2001,Never treated,4.4188406077966,8.89549263145163,10.2969812888631,48501,0,0,1,0
2002,Never treated,4.47733681447821,8.88502565805085,10.3115825328303,48501,0,0,1,0
2003,Never treated,4.4188406077966,8.89137400948464,10.3559952669776,48501,0,0,1,0
2004,Never treated,4.49980967033027,8.9061223308843,10.5787507639975,48501,0,0,1,0
2005,Never treated,4.56434819146784,8.89439598980643,10.5352113548586,48501,0,0,1,0
2006,Never treated,4.54329478227,8.88944616531829,10.6339064327713,48501,0,0,1,0
2007,Never treated,4.62497281328427,8.9128772876693,10.7126161468058,48501,0,0,1,0
2001,Never treated,5.59098698051086,9.78380270959015,10.1355115556563,48503,0,0,1,0
2002,Never treated,5.6021188208797,9.78165884417099,10.1349166834371,48503,0,0,1,0
2003,Never treated,5.48063892334199,9.79590234185619,10.178426272278,48503,0,0,1,0
2004,Never treated,5.4971682252932,9.79545680832242,10.2156305034129,48503,0,0,1,0
2005,Never treated,5.51342874616498,9.77126958270842,10.3040406162833,48503,0,0,1,0
2006,Never treated,5.54517744447956,9.78678518274999,10.3715518024008,48503,0,0,1,0
2007,Never treated,5.51342874616498,9.78267493231938,10.410395512268,48503,0,0,1,0
2001,Never treated,4.15888308335967,9.42730487221368,10.1185989321531,48505,0,0,1,0
2002,Never treated,3.95124371858143,9.45155957001762,10.1075298305479,48505,0,0,1,0
2003,Never treated,3.87120101090789,9.46676394852519,10.1774382801016,48505,0,0,1,0
2004,Never treated,4.12713438504509,9.47983301522775,10.1827467519768,48505,0,0,1,0
2005,Never treated,4.26267987704132,9.48562086171022,10.2945156128465,48505,0,0,1,0
2006,Never treated,4.39444915467244,9.48827509297308,10.4757092651672,48505,0,0,1,0
2007,Never treated,4.33073334028633,9.51384657977485,10.581521095286,48505,0,0,1,0
2001,Never treated,3.63758615972639,9.3578979363338,9.70880997353259,48507,0,0,1,0
2002,Never treated,3.2188758248682,9.36203088521662,9.73884873059448,48507,0,0,1,0
2003,Never treated,3.40119738166216,9.36263218231844,9.79562390666018,48507,0,0,1,0
2004,Never treated,3.43398720448515,9.36486241141235,9.8153118616324,48507,0,0,1,0
2005,Never treated,3.3322045101752,9.35079772467144,9.85513729159508,48507,0,0,1,0
2006,Never treated,3.40119738166216,9.35919131870854,9.90628363983813,48507,0,0,1,0
2007,Never treated,3.55534806148941,9.36220272128543,9.97520338007773,48507,0,0,1,0
2001,Never treated,2.94443897916644,8.13651825211529,10.1064692120264,48271,0,0,1,0
2002,Never treated,2.89037175789616,8.13534694890671,10.1135863903295,48271,0,0,1,0
2003,Never treated,2.63905732961526,8.11222795834972,10.1512066364164,48271,0,0,1,0
2004,Never treated,1.6094379124341,8.10076824307173,10.1239876129049,48271,0,0,1,0
2005,Never treated,1.6094379124341,8.09498875930377,10.1737818296367,48271,0,0,1,0
2006,Never treated,2.19722457733622,8.09193345597989,10.2932635611797,48271,0,0,1,0
2007,Never treated,2.30258509299405,8.1056094022999,10.3517247524882,48271,0,0,1,0
2001,Never treated,3.17805383034795,7.986504938554,9.96005690402402,48413,0,0,1,0
2002,Never treated,3.04452243772342,7.97453284413023,10.0521230516753,48413,0,0,1,0
2003,Never treated,2.99573227355399,7.93379687481541,10.0540604110155,48413,0,0,1,0
2004,Never treated,3.3322045101752,7.92226105835325,10.1756878991372,48413,0,0,1,0
2005,Never treated,2.70805020110221,7.92226105835325,10.2359876248335,48413,0,0,1,0
2006,Never treated,2.83321334405622,7.91753635394363,10.2861274700023,48413,0,0,1,0
2007,Never treated,2.56494935746154,7.91790058632792,10.3130774752212,48413,0,0,1,0
2001,Never treated,6.92067150424868,10.6776846256962,10.404959567375,49003,0,0,0,1
2002,Never treated,6.89467003943348,10.6927627601903,10.3943349335865,49003,0,0,0,1
2003,Never treated,6.84481547920826,10.7054667162321,10.4046567022688,49003,0,0,0,1
2004,Never treated,6.79234442747081,10.7356572717449,10.3961084716473,49003,0,0,0,1
2005,Never treated,6.79682371827486,10.7352220728521,10.4705611758407,49003,0,0,0,1
2006,Never treated,6.82654522355659,10.7513923715438,10.5403553445649,49003,0,0,0,1
2007,Never treated,6.93049476595163,10.7760980423228,10.6026913546786,49003,0,0,0,1
2001,Never treated,7.77653502818524,11.4472449586824,10.0556505439332,49005,0,0,0,1
2002,Never treated,7.68753876620163,11.4704875822723,10.0936119213931,49005,0,0,0,1
2003,Never treated,7.61628356158038,11.4769977240277,10.1170251137051,49005,0,0,0,1
2004,Never treated,7.60290046220476,11.4838776321616,10.1499569291538,49005,0,0,0,1
2005,Never treated,7.60439634879634,11.5596086491106,10.1697672187275,49005,0,0,0,1
2006,Never treated,7.62705741701893,11.5749514573493,10.2040364906947,49005,0,0,0,1
2007,Never treated,7.76768727718691,11.5959330039538,10.2424566693559,49005,0,0,0,1
2001,Never treated,5.2040066870768,8.70350676947973,9.9335316738845,49001,0,0,0,1
2002,Never treated,5.31320597904179,8.7160440501614,9.95645943730223,49001,0,0,0,1
2003,Never treated,5.35658627467201,8.71193726820875,10.0140445431008,49001,0,0,0,1
2004,Never treated,5.17048399503815,8.71423914360857,10.0550491693447,49001,0,0,0,1
2005,Never treated,5.0998664278242,8.71391062849392,10.0936946036041,49001,0,0,0,1
2006,Never treated,5.14749447681345,8.71440336070394,10.1423075832353,49001,0,0,0,1
2007,Never treated,5.29831736654804,8.71078434046842,10.2108619520836,49001,0,0,0,1
2001,Never treated,8.71193726820875,12.406029449869,10.2635019144069,49011,0,0,0,1
2002,Never treated,8.62909228391365,12.4261515054715,10.3068838554752,49011,0,0,0,1
2003,Never treated,8.52257866369258,12.4502259384221,10.3418392529785,49011,0,0,0,1
2004,Never treated,8.49412925181769,12.4737879522158,10.3651754517406,49011,0,0,0,1
2005,Never treated,8.51959031601596,12.5057549265974,10.3904712018165,49011,0,0,0,1
2006,Never treated,8.59192953753026,12.5381028882308,10.4398347135322,49011,0,0,0,1
2007,Never treated,8.6909784171879,12.5703267945923,10.4745518412939,49011,0,0,0,1
2001,Never treated,5.70044357339069,9.58658262140744,10.1613030253816,49013,0,0,0,1
2002,Never treated,5.74300318780948,9.60636102125635,10.1723307831013,49013,0,0,0,1
2003,Never treated,5.61312810638807,9.60985447459091,10.1380457086656,49013,0,0,0,1
2004,Never treated,5.68357976733868,9.6166717714123,10.2051464919187,49013,0,0,0,1
2005,Never treated,5.64544689764324,9.62720690280879,10.3248916244458,49013,0,0,0,1
2006,Never treated,5.8805329864007,9.64426335290083,10.450886156533,49013,0,0,0,1
2007,Never treated,6.07304453410041,9.69221081128675,10.5886025613988,49013,0,0,0,1
2001,Never treated,6.07304453410041,9.89202207442685,10.2254985853115,49007,0,0,0,1
2002,Never treated,6.10479323241498,9.89530415972811,10.2173489367712,49007,0,0,0,1
2003,Never treated,6.05208916892442,9.89757007877209,10.238887786196,49007,0,0,0,1
2004,Never treated,5.9427993751267,9.88389690277112,10.2885458508666,49007,0,0,0,1
2005,Never treated,6.01615715969835,9.86292594078001,10.326399574248,49007,0,0,0,1
2006,Never treated,5.94542060860658,9.86204036262195,10.3919141813586,49007,0,0,0,1
2007,Never treated,6.0330862217988,9.8866465353401,10.4351446858821,49007,0,0,0,1
2001,Never treated,4.76217393479776,8.45361420977337,9.85869936974599,49017,0,0,0,1
2002,Never treated,4.99043258677874,8.43598313599069,9.90023225981546,49017,0,0,0,1
2003,Never treated,4.52178857704904,8.42200300441249,9.91383384459027,49017,0,0,0,1
2004,Never treated,4.85981240436167,8.40267980462748,9.97571518653301,49017,0,0,0,1
2005,Never treated,4.77068462446567,8.37678103769949,9.99053642882265,49017,0,0,0,1
2006,Never treated,4.64439089914137,8.38845031552351,10.0439449052314,49017,0,0,0,1
2007,Never treated,4.65396035015752,8.41161042884117,10.0912940395607,49017,0,0,0,1
2001,Never treated,5.21493575760899,9.04746843900354,9.87184207470058,49019,0,0,0,1
2002,Never treated,5.16478597392351,9.0641578617981,9.89797237184802,49019,0,0,0,1
2003,Never treated,4.99721227376411,9.06900719585954,9.92691106747972,49019,0,0,0,1
2004,Never treated,4.91265488573605,9.06958293425992,10.0072167382986,49019,0,0,0,1
2005,Never treated,4.96284463025991,9.07257144223129,10.0708223670218,49019,0,0,0,1
2006,Never treated,5.04985600724954,9.13313530106721,10.1095663252237,49019,0,0,0,1
2007,Never treated,5.23644196282995,9.15080265925999,10.1596015555202,49019,0,0,0,1
2001,Never treated,6.8351845861473,10.4507704593125,9.95318206955998,49021,0,0,0,1
2002,Never treated,6.75925527066369,10.4730536713247,9.98819628046308,49021,0,0,0,1
2003,Never treated,6.61606518513282,10.4794827482852,9.99788822795761,49021,0,0,0,1
2004,Never treated,6.61204103483309,10.5029282666558,10.040157763911,49021,0,0,0,1
2005,Never treated,6.62671774924902,10.5810641381051,10.0802520306635,49021,0,0,0,1
2006,Never treated,6.8001700683022,10.6393589173059,10.1512066364164,49021,0,0,0,1
2007,Never treated,6.87419849545329,10.6755152271994,10.1888920332439,49021,0,0,0,1
2001,Never treated,5.56068163101553,9.04440384443155,9.99264246384702,49023,0,0,0,1
2002,Never treated,5.42934562895444,9.0641578617981,10.104385494903,49023,0,0,0,1
2003,Never treated,5.29330482472449,9.08057331391712,10.0140445431008,49023,0,0,0,1
2004,Never treated,5.22035582507832,9.10442414638463,10.0924950419207,49023,0,0,0,1
2005,Never treated,5.27811465923052,9.0940312495758,10.1802476972874,49023,0,0,0,1
2006,Never treated,5.46383180502561,9.11734750512702,10.3197936838222,49023,0,0,0,1
2007,Never treated,5.48893772615669,9.16440114003474,10.4400101623893,49023,0,0,0,1
2001,Never treated,5.19849703126583,8.69265796074698,9.89181974766845,49025,0,0,0,1
2002,Never treated,5.02388052084628,8.70582811026678,9.86287386965083,49025,0,0,0,1
2003,Never treated,4.98360662170834,8.71391062849392,9.88481428727051,49025,0,0,0,1
2004,Never treated,5.04985600724954,8.72013403541293,9.89014898809695,49025,0,0,0,1
2005,Never treated,4.99721227376411,8.72907355045174,9.99355674962499,49025,0,0,0,1
2006,Never treated,5.05624580534831,8.76327171401294,10.0573667669486,49025,0,0,0,1
2007,Never treated,5.14749447681345,8.77863395266279,10.1310214521516,49025,0,0,0,1
2001,Never treated,5.73979291217923,9.42520978683815,10.1905819523422,49027,0,0,0,1
2002,Never treated,5.5683445037611,9.42416059582951,10.2428484700412,49027,0,0,0,1
2003,Never treated,5.57215403217776,9.42553239350277,10.231459477946,49027,0,0,0,1
2004,Never treated,5.54517744447956,9.42262517995552,10.2704543531599,49027,0,0,0,1
2005,Never treated,5.68017260901707,9.38437770918244,10.2725998311785,49027,0,0,0,1
2006,Never treated,5.72031177660741,9.38370527072725,10.3144707413282,49027,0,0,0,1
2007,Never treated,5.73979291217923,9.38311651592661,10.3535435439722,49027,0,0,0,1
2001,Never treated,4.89783979995091,8.89658807179122,10.2109722522841,49029,0,0,0,1
2002,Never treated,4.84418708645859,8.91233856711755,10.1438028223587,49029,0,0,0,1
2003,Never treated,4.99043258677874,8.92092346223069,10.154907530802,49029,0,0,0,1
2004,Never treated,4.98360662170834,8.94023623179847,10.1590982939878,49029,0,0,0,1
2005,Never treated,5.07517381523383,8.95763926841965,10.2134324587869,49029,0,0,0,1
2006,Never treated,4.97673374242057,8.98931956604295,10.2850355805841,49029,0,0,0,1
2007,Never treated,5.10594547390058,9.04050059268428,10.3308446070604,49029,0,0,0,1
2001,Never treated,3.2188758248682,7.57609734062311,9.72418144470263,49033,0,0,0,1
2002,Never treated,3.61091791264422,7.57712193087668,9.74255559842064,49033,0,0,0,1
2003,Never treated,3.40119738166216,7.61480536471107,9.75109366198386,49033,0,0,0,1
2004,Never treated,3.61091791264422,7.63482067774554,9.79801591959389,49033,0,0,0,1
2005,Never treated,3.29583686600433,7.60837447438078,9.89520333294843,49033,0,0,0,1
2006,Never treated,3.29583686600433,7.60389796852188,9.98044859367226,49033,0,0,0,1
2007,Never treated,3.3322045101752,7.62705741701893,10.0487560451274,49033,0,0,0,1
2001,Never treated,10.2070306709189,13.7212658103854,10.4106063143708,49035,0,0,0,1
2002,Never treated,10.0581809422126,13.7292792402856,10.4288963234269,49035,0,0,0,1
2003,Never treated,9.96505290819428,13.7372895233697,10.4438622697587,49035,0,0,0,1
2004,Never treated,9.90273727114542,13.7481285312271,10.4873219731554,49035,0,0,0,1
2005,Never treated,9.94530105534954,13.7785529620283,10.5229612819091,49035,0,0,0,1
2006,Never treated,10.0163250457995,13.8024607787798,10.570880932645,49035,0,0,0,1
2007,Never treated,10.1367398379986,13.8179326223967,10.6293439075058,49035,0,0,0,1
2001,Never treated,4.969813299576,9.51804563563343,10.0109957602514,49037,0,0,0,1
2002,Never treated,4.86753445045558,9.53466772862471,10.0000242525842,49037,0,0,0,1
2003,Never treated,5.01727983681492,9.53474002736313,10.0321885475519,49037,0,0,0,1
2004,Never treated,5.12989871492307,9.54980811757719,10.1032805902421,49037,0,0,0,1
2005,Never treated,5.07517381523383,9.53935630792094,10.1088336648198,49037,0,0,0,1
2006,Never treated,5.23644196282995,9.54666974124948,10.149018622728,49037,0,0,0,1
2007,Never treated,5.01063529409626,9.57345453954382,10.2446274500877,49037,0,0,0,1
2001,Never treated,6.25958146406492,10.0523384992685,9.87729756944589,49039,0,0,0,1
2002,Never treated,6.23048144757848,10.0589516551602,9.90971810228676,49039,0,0,0,1
2003,Never treated,6.19847871649231,10.0673056377655,9.93469547966032,49039,0,0,0,1
2004,Never treated,6.08449941307517,10.0736521790595,9.95284898207385,49039,0,0,0,1
2005,Never treated,5.84643877505772,10.0766422215053,9.99829760729877,49039,0,0,0,1
2006,Never treated,6.0282785202307,10.0838906035075,10.0695950354671,49039,0,0,0,1
2007,Never treated,6.13556489108174,10.1090779446027,10.1351150134986,49039,0,0,0,1
2001,Never treated,5.30826769740121,9.28331198443201,10.4965104842335,49015,0,0,0,1
2002,Never treated,5.25749537202778,9.27902652976463,10.4759631546138,49015,0,0,0,1
2003,Never treated,5.15905529921453,9.28321901738876,10.4403025087634,49015,0,0,0,1
2004,Never treated,5.11198778835654,9.28023949935585,10.4566252600877,49015,0,0,0,1
2005,Never treated,5.17048399503815,9.24590054737473,10.5253803778098,49015,0,0,0,1
2006,Never treated,5.18738580584075,9.23795553900916,10.5930784168933,49015,0,0,0,1
2007,Never treated,5.29330482472449,9.24416192045169,10.5919487711054,49015,0,0,0,1
2001,Never treated,7.03790596344718,10.3402898159533,10.192943051537,49043,0,0,0,1
2002,Never treated,6.87109129461055,10.3691693561328,10.1939158506559,49043,0,0,0,1
2003,Never treated,6.89264164117209,10.3975128376238,10.185956057935,49043,0,0,0,1
2004,Never treated,6.86484777797086,10.4322611436028,10.2300898122186,49043,0,0,0,1
2005,Never treated,6.91869521902047,10.4561362695558,10.2896678992324,49043,0,0,0,1
2006,Never treated,7.08002649992259,10.4592961021286,10.3376696847418,49043,0,0,0,1
2007,Never treated,7.1708884785125,10.4758503228177,10.4092202292361,49043,0,0,0,1
2001,Never treated,6.42324696353352,10.691080903388,10.3420327639125,49045,0,0,0,1
2002,Never treated,6.38519439899773,10.736548837807,10.398945699171,49045,0,0,0,1
2003,Never treated,6.28599809450886,10.7807047604241,10.4106063143708,49045,0,0,0,1
2004,Never treated,6.24804287450843,10.8145446126117,10.4407408681374,49045,0,0,0,1
2005,Never treated,6.33150184989369,10.8241487201278,10.470078954208,49045,0,0,0,1
2006,Never treated,6.4425401664682,10.8657454199624,10.4901624885856,49045,0,0,0,1
2007,Never treated,6.44094654063292,10.9099845522964,10.5185110163145,49045,0,0,0,1
2001,Never treated,6.2841341610708,10.1571991054168,10.2116337981203,49047,0,0,0,1
2002,Never treated,6.30444880242198,10.174964020641,10.1794512320337,49047,0,0,0,1
2003,Never treated,6.18826412308259,10.1779323982059,10.2521000823848,49047,0,0,0,1
2004,Never treated,6.25958146406492,10.1874251230829,10.3433218807238,49047,0,0,0,1
2005,Never treated,6.3578422665081,10.2034810277021,10.4334685353419,49047,0,0,0,1
2006,Never treated,6.42486902390539,10.2334385721671,10.5758451188885,49047,0,0,0,1
2007,Never treated,6.57507584059962,10.2721849364521,10.6548328839998,49047,0,0,0,1
2001,Never treated,9.16429643347478,12.8544368723179,10.2494149479281,49049,0,0,0,1
2002,Never treated,9.0300168178449,12.8779170240944,10.2547076457919,49049,0,0,0,1
2003,Never treated,8.99516499031115,12.8921196795998,10.2777371534914,49049,0,0,0,1
2004,Never treated,8.97119446318447,12.9810624514011,10.2955634235253,49049,0,0,0,1
2005,Never treated,9.00969189848934,13.0280834666905,10.3246291400293,49049,0,0,0,1
2006,Never treated,9.12347443895452,13.0857968986524,10.384369299929,49049,0,0,0,1
2007,Never treated,9.25865423225473,13.1478400727654,10.4382249963484,49049,0,0,0,1
2001,Never treated,6.1463292576689,9.69097479357794,10.0291505705318,49051,0,0,0,1
2002,Never treated,6.14418563412565,9.73595608121481,10.0872247734712,49051,0,0,0,1
2003,Never treated,6.0282785202307,9.77678989949017,10.1315788435743,49051,0,0,0,1
2004,Never treated,5.99146454710798,9.805543908206,10.1540516994263,49051,0,0,0,1
2005,Never treated,6.07073772800249,9.84065424336456,10.1842582966851,49051,0,0,0,1
2006,Never treated,6.15485809401642,9.89651328879879,10.2343368672635,49051,0,0,0,1
2007,Never treated,6.34388043412633,9.92304505175166,10.3518205608715,49051,0,0,0,1
2001,Never treated,7.85282781228174,11.4574338964655,10.0210483412753,49053,0,0,0,1
2002,Never treated,7.77443551030296,11.5089676431159,10.0476311856162,49053,0,0,0,1
2003,Never treated,7.84109976542212,11.5569232114479,10.0739052048273,49053,0,0,0,1
2004,Never treated,7.82763954636642,11.6120918364647,10.1071628206549,49053,0,0,0,1
2005,Never treated,7.92840602618053,11.6887593556286,10.1676194845276,49053,0,0,0,1
2006,Never treated,8.06180227453835,11.7525170034543,10.241173338223,49053,0,0,0,1
2007,Never treated,8.08978917578932,11.7928122328308,10.2768426067261,49053,0,0,0,1
2001,Never treated,3.66356164612965,7.83597458172157,9.83766821149884,49055,0,0,0,1
2002,Never treated,4.20469261939097,7.8407064517494,9.88720571996184,49055,0,0,0,1
2003,Never treated,3.98898404656427,7.81923445385907,9.94836531131421,49055,0,0,0,1
2004,Never treated,3.71357206670431,7.81197342962202,10.0153866450335,49055,0,0,0,1
2005,Never treated,3.61091791264422,7.78821155784708,10.0810477922284,49055,0,0,0,1
2006,Never treated,3.61091791264422,7.81480342948936,10.1061834685812,49055,0,0,0,1
2007,Never treated,4.0943445622221,7.8188324438034,10.1247493344323,49055,0,0,0,1
2001,Never treated,8.47928361834302,12.2069922225896,10.2255710517052,49057,0,0,0,1
2002,Never treated,8.38389034410182,12.2227675075461,10.2368836340686,49057,0,0,0,1
2003,Never treated,8.30226579487337,12.2354809510108,10.255516721555,49057,0,0,0,1
2004,Never treated,8.27868216297091,12.2468066361782,10.2780122377377,49057,0,0,0,1
2005,Never treated,8.31996102188653,12.2748008153201,10.3026327318995,49057,0,0,0,1
2006,Never treated,8.3790798892866,12.2850917525802,10.3585996005337,49057,0,0,0,1
2007,Never treated,8.46168048148598,12.3061170557057,10.3945797466117,49057,0,0,0,1
2001,Never treated,6.1527326947041,9.85466488783856,10.0247755497433,49041,0,0,0,1
2002,Never treated,6.14418563412565,9.85838557862371,10.0492315665888,49041,0,0,0,1
2003,Never treated,6.04263283368238,9.86104966983816,10.0568950991654,49041,0,0,0,1
2004,Never treated,5.92157841964382,9.87323450936511,10.0693832742482,49041,0,0,0,1
2005,Never treated,5.93224518744801,9.85508481330796,10.1186392539208,49041,0,0,0,1
2006,Never treated,6.01615715969835,9.86723841986101,10.1988401312921,49041,0,0,0,1
2007,Never treated,6.07304453410041,9.88745979145893,10.2408879297302,49041,0,0,0,1
2001,Never treated,7.15461535691366,11.3592496723662,10.4398639571461,51003,0,0,1,0
2002,Never treated,7.1276936993474,11.3674834213199,10.4556182541188,51003,0,0,1,0
2003,Never treated,7.08086789669078,11.3791426121608,10.4941589415068,51003,0,0,1,0
2004,Never treated,7.12044437239249,11.3965826417099,10.5515066054783,51003,0,0,1,0
2005,Never treated,7.06987412845857,11.4129283184777,10.6007512486079,51003,0,0,1,0
2006,Never treated,7.18916773842032,11.4281298132655,10.6360477354529,51003,0,0,1,0
2007,Never treated,7.27931883541462,11.4376737620827,10.6746600225338,51003,0,0,1,0
2001,Never treated,4.64439089914137,9.35884658027541,10.0825538166094,51007,0,0,1,0
2002,Never treated,4.55387689160054,9.36913738372318,10.0656064020126,51007,0,0,1,0
2003,Never treated,4.4188406077966,9.37135316782389,10.1411649736274,51007,0,0,1,0
2004,Never treated,4.59511985013459,9.38773313553338,10.1538960149984,51007,0,0,1,0
2005,Never treated,4.64439089914137,9.40087808354148,10.2169470148483,51007,0,0,1,0
2006,Never treated,4.61512051684126,9.42448354109309,10.2827455684751,51007,0,0,1,0
2007,Never treated,4.7361984483945,9.44620269569817,10.3114495408429,51007,0,0,1,0
2001,Never treated,5.76205138278018,10.5614219773403,10.0061343894963,51001,0,0,1,0
2002,Never treated,5.82008293035236,10.5683124160915,10.0428581139839,51001,0,0,1,0
2003,Never treated,5.75257263882563,10.573698701813,10.108344926163,51001,0,0,1,0
2004,Never treated,5.6937321388027,10.5782161475721,10.1597950502288,51001,0,0,1,0
2005,Never treated,5.66296048013595,10.5647053733019,10.1954106192452,51001,0,0,1,0
2006,Never treated,5.66642668811243,10.5593740977346,10.2142389695719,51001,0,0,1,0
2007,Never treated,5.6937321388027,10.5572440054912,10.2484946916072,51001,0,0,1,0
2001,Never treated,5.03695260241363,9.53589609685605,10.055006200175,51011,0,0,1,0
2002,Never treated,4.89783979995091,9.52901226111471,10.0678148459578,51011,0,0,1,0
2003,Never treated,4.91265488573605,9.529303064461,10.0800844211932,51011,0,0,1,0
2004,Never treated,4.77912349311153,9.54223069909228,10.1217391577699,51011,0,0,1,0
2005,Never treated,4.70048036579242,9.53394445360403,10.1251099474784,51011,0,0,1,0
2006,Never treated,5.00394630594546,9.54581210826381,10.1670049979886,51011,0,0,1,0
2007,Never treated,4.94875989037817,9.56050416429926,10.1870486454036,51011,0,0,1,0
2001,Never treated,7.76811037852599,12.1520756995683,10.9221543510271,51013,0,0,1,0
2002,Never treated,7.59839932932396,12.1478607357818,10.9582698549874,51013,0,0,1,0
2003,Never treated,7.52886925664225,12.1412087381269,10.9850893123708,51013,0,0,1,0
2004,Never treated,7.56682847920833,12.195795011119,11.0617200371853,51013,0,0,1,0
2005,Never treated,7.62119516280984,12.2048769309483,11.1175096927151,51013,0,0,1,0
2006,Never treated,7.61677580869837,12.2100098844227,11.1760671538318,51013,0,0,1,0
2007,Never treated,7.54644627374602,12.2254536153139,11.1989404840974,51013,0,0,1,0
2001,Never treated,6.46769872610435,11.1013114912752,10.2726343979702,51015,0,0,1,0
2002,Never treated,6.4723462945009,11.1104010288448,10.3023643385674,51015,0,0,1,0
2003,Never treated,6.46925031679577,11.1218217367971,10.3245306906076,51015,0,0,1,0
2004,Never treated,6.39359075395063,11.1376936888388,10.3591703768049,51015,0,0,1,0
2005,Never treated,6.46458830368996,11.1420791512577,10.3838127308537,51015,0,0,1,0
2006,Never treated,6.49677499018586,11.1572357498199,10.4316421584239,51015,0,0,1,0
2007,Never treated,6.48463523563525,11.1785570138396,10.4555606802804,51015,0,0,1,0
2001,Never treated,4.14313472639153,8.52456594574565,10.1605299888558,51017,0,0,1,0
2002,Never treated,3.85014760171006,8.52516136106541,10.1559568692322,51017,0,0,1,0
2003,Never treated,2.89037175789616,8.52198170814803,10.1907320292569,51017,0,0,1,0
2004,Never treated,2.39789527279837,8.50936261230105,10.2051095117216,51017,0,0,1,0
2005,Never treated,2.77258872223978,8.47470313979528,10.1667360413466,51017,0,0,1,0
2006,Never treated,2.56494935746154,8.44891435066294,10.2120011345678,51017,0,0,1,0
2007,Never treated,2.30258509299405,8.4465561118168,10.2501222615804,51017,0,0,1,0
2001,Never treated,5.88610403145016,11.0220495165119,10.1429374301246,51019,0,0,1,0
2002,Never treated,5.80513496891649,11.0328553381242,10.1709924275491,51019,0,0,1,0
2003,Never treated,5.80513496891649,11.047073206847,10.220303579713,51019,0,0,1,0
2004,Never treated,5.82304589548302,11.0653719357621,10.2490611034037,51019,0,0,1,0
2005,Never treated,5.89715386763674,11.0709727054906,10.2719428350104,51019,0,0,1,0
2006,Never treated,5.94542060860658,11.0894083962543,10.2992389684567,51019,0,0,1,0
2007,Never treated,5.88332238848828,11.1030456262635,10.3205188470157,51019,0,0,1,0
2001,Never treated,2.56494935746154,8.84563325634019,10.2436671939457,51021,0,0,1,0
2002,Never treated,2.30258509299405,8.84014587794994,10.3189029914975,51021,0,0,1,0
2003,Never treated,2.30258509299405,8.85008760668957,10.28595694085,51021,0,0,1,0
2004,Never treated,2.30258509299405,8.85509298002864,10.3258097777107,51021,0,0,1,0
2005,Never treated,2.56494935746154,8.82320622055274,10.3510218770599,51021,0,0,1,0
2006,Never treated,2.70805020110221,8.8167050156216,10.3625882098102,51021,0,0,1,0
2007,Never treated,2.70805020110221,8.82790796297859,10.4258167556855,51021,0,0,1,0
2001,Never treated,5.5834963087817,10.3310728617284,10.2585712310834,51023,0,0,1,0
2002,Never treated,5.65948221575962,10.3471151217386,10.2777027626393,51023,0,0,1,0
2003,Never treated,5.56452040732269,10.3571712329148,10.3049446392468,51023,0,0,1,0
2004,Never treated,5.50938833662798,10.3655535116676,10.3439336295395,51023,0,0,1,0
2005,Never treated,5.65599181081985,10.3585044394735,10.3746467638397,51023,0,0,1,0
2006,Never treated,5.89440283426485,10.3691693561328,10.4052017934337,51023,0,0,1,0
2007,Never treated,5.98393628068719,10.3842147284781,10.4081039388244,51023,0,0,1,0
2001,Never treated,4.66343909411207,9.81787519646021,10.0624551836318,51025,0,0,1,0
2002,Never treated,4.8283137373023,9.81782072577904,10.0873911905127,51025,0,0,1,0
2003,Never treated,4.64439089914137,9.80895706868989,10.1227435571231,51025,0,0,1,0
2004,Never treated,4.54329478227,9.80079015429779,10.1671586550264,51025,0,0,1,0
2005,Never treated,4.56434819146784,9.79657027019005,10.2126987022877,51025,0,0,1,0
2006,Never treated,4.54329478227,9.79595801959346,10.2506524186961,51025,0,0,1,0
2007,Never treated,4.61512051684126,9.78374635092358,10.2717006749414,51025,0,0,1,0
2001,Never treated,4.98360662170834,10.1807025356381,10.2932635611797,51027,0,0,1,0
2002,Never treated,4.97673374242057,10.1675426943568,10.3025320928414,51027,0,0,1,0
2003,Never treated,4.79579054559674,10.1494096907397,10.3534479005308,51027,0,0,1,0
2004,Never treated,4.7361984483945,10.132334806767,10.3908705321756,51027,0,0,1,0
2005,Never treated,4.81218435537242,10.1056117366263,10.4453757017539,51027,0,0,1,0
2006,Never treated,4.93447393313069,10.0922880754278,10.5134433234593,51027,0,0,1,0
2007,Never treated,5.01063529409626,10.0658614715204,10.532389502278,51027,0,0,1,0
2001,Never treated,4.20469261939097,9.67073548694281,10.1021744634163,51029,0,0,1,0
2002,Never treated,4.14313472639153,9.66966215287506,10.1421894427662,51029,0,0,1,0
2003,Never treated,4.11087386417331,9.67231182952465,10.1523378361937,51029,0,0,1,0
2004,Never treated,4.18965474202643,9.67482882053381,10.1909195937327,51029,0,0,1,0
2005,Never treated,4.26267987704132,9.67035679468885,10.2207405630781,51029,0,0,1,0
2006,Never treated,4.30406509320417,9.67243782965082,10.2648266026017,51029,0,0,1,0
2007,Never treated,4.31748811353631,9.67746486047107,10.3001473406826,51029,0,0,1,0
2001,Never treated,6.29526600143965,10.8430650311855,10.1722161370708,51031,0,0,1,0
2002,Never treated,6.14846829591765,10.8478213754349,10.2065507270262,51031,0,0,1,0
2003,Never treated,6.03787091992214,10.8490652050352,10.2244109587677,51031,0,0,1,0
2004,Never treated,5.90536184805457,10.8516451007487,10.2664278282293,51031,0,0,1,0
2005,Never treated,6.02344759296103,10.8585565920244,10.3002482200141,51031,0,0,1,0
2006,Never treated,5.95324333428778,10.8668908517245,10.3221320957564,51031,0,0,1,0
2007,Never treated,6.08221891037645,10.8691206770259,10.364324293957,51031,0,0,1,0
2001,Never treated,4.95582705760126,10.0095128471794,10.1524937633761,51033,0,0,1,0
2002,Never treated,5.25749537202778,10.0264128993734,10.2586062862076,51033,0,0,1,0
2003,Never treated,5.22035582507832,10.0504841312705,10.2108987201689,51033,0,0,1,0
2004,Never treated,5.01727983681492,10.0858091093301,10.26493110855,51033,0,0,1,0
2005,Never treated,5.19849703126583,10.1376897312071,10.3073179919678,51033,0,0,1,0
2006,Never treated,5.04985600724954,10.1819522754383,10.3437082919346,51033,0,0,1,0
2007,Never treated,5.25749537202778,10.2142389695719,10.3886876286631,51033,0,0,1,0
2001,Never treated,5.79909265446053,10.3743657991925,10.198021099937,51009,0,0,1,0
2002,Never treated,5.7268477475872,10.3676931556669,10.2110090163142,51009,0,0,1,0
2003,Never treated,5.71042701737487,10.3726157987459,10.2217958185297,51009,0,0,1,0
2004,Never treated,5.76519110278484,10.3707373935852,10.2423141583111,51009,0,0,1,0
2005,Never treated,5.75890177387728,10.3709880515637,10.266045159633,51009,0,0,1,0
2006,Never treated,5.82304589548302,10.375021260614,10.3150009991785,51009,0,0,1,0
2007,Never treated,5.80211837537706,10.3776699386033,10.3577110782781,51009,0,0,1,0
2001,Never treated,2.30258509299405,8.84807842116867,10.1838428496014,51036,0,0,1,0
2002,Never treated,3.36729582998647,8.86290829511863,10.1795650516298,51036,0,0,1,0
2003,Never treated,2.94443897916644,8.87360810154911,10.2398883580348,51036,0,0,1,0
2004,Never treated,2.07944154167984,8.87024156729927,10.3138738649634,51036,0,0,1,0
2005,Never treated,2.56494935746154,8.86064104177388,10.3600576039616,51036,0,0,1,0
2006,Never treated,2.56494935746154,8.87010104878573,10.3995548053266,51036,0,0,1,0
2007,Never treated,2.99573227355399,8.87206651340834,10.4869314680041,51036,0,0,1,0
2001,Never treated,4.34380542185368,9.42609670485638,10.0295473521969,51037,0,0,1,0
2002,Never treated,4.0943445622221,9.43316387207947,10.0507430868179,51037,0,0,1,0
2003,Never treated,4.07753744390572,9.42553239350277,10.0526400479386,51037,0,0,1,0
2004,Never treated,3.97029191355212,9.42124938562205,10.0481937735354,51037,0,0,1,0
2005,Never treated,3.61091791264422,9.41914156157452,10.1178728621764,51037,0,0,1,0
2006,Never treated,3.58351893845611,9.42311030286283,10.1663516920453,51037,0,0,1,0
2007,Never treated,3.71357206670431,9.41221942798567,10.1756878991372,51037,0,0,1,0
2001,Never treated,8.61866616034687,12.4894416801921,10.4029589604634,51041,0,0,1,0
2002,Never treated,8.53817159780143,12.5090324173332,10.4243031103315,51041,0,0,1,0
2003,Never treated,8.49801037199946,12.5304216923491,10.4364659809433,51041,0,0,1,0
2004,Never treated,8.50875771259514,12.5513276292393,10.4774569752667,51041,0,0,1,0
2005,Never treated,8.53129331579502,12.5647081662815,10.5167253498678,51041,0,0,1,0
2006,Never treated,8.57395152523485,12.5891592115204,10.5503551647419,51041,0,0,1,0
2007,Never treated,8.56254889313703,12.6094188436667,10.5867611492978,51041,0,0,1,0
2001,Never treated,4.78749174278205,9.47684987919516,10.2214684446112,51043,0,0,1,0
2002,Never treated,4.83628190695148,9.4895617535101,10.252629192258,51043,0,0,1,0
2003,Never treated,4.66343909411207,9.506288188845,10.3120478655516,51043,0,0,1,0
2004,Never treated,4.58496747867057,9.53531822917166,10.3735224312936,51043,0,0,1,0
2005,Never treated,4.70953020131233,9.54759801437123,10.413072406866,51043,0,0,1,0
2006,Never treated,4.71849887129509,9.56366972566382,10.4279201797083,51043,0,0,1,0
2007,Never treated,4.70048036579242,9.57206255713643,10.4639601161915,51043,0,0,1,0
2001,Never treated,3.09104245335832,8.53227882883428,10.0045990539045,51045,0,0,1,0
2002,Never treated,2.94443897916644,8.53247581494739,10.0396779069864,51045,0,0,1,0
2003,Never treated,2.63905732961526,8.54090971803355,10.0469816521749,51045,0,0,1,0
2004,Never treated,2.89037175789616,8.55120807000351,10.058138107405,51045,0,0,1,0
2005,Never treated,2.77258872223978,8.53326337159373,10.0849754285815,51045,0,0,1,0
2006,Never treated,3.09104245335832,8.53464010501996,10.0948514373143,51045,0,0,1,0
2007,Never treated,3.17805383034795,8.53934599605737,10.1709924275491,51045,0,0,1,0
2001,Never treated,6.19031540585315,10.4764989318561,10.3143712866712,51047,0,0,1,0
2002,Never treated,6.18620862390049,10.5160752252377,10.3500306224021,51047,0,0,1,0
2003,Never treated,6.04500531403601,10.5620432883265,10.3859137017804,51047,0,0,1,0
2004,Never treated,6.13772705408623,10.600402625665,10.3938145068248,51047,0,0,1,0
2005,Never treated,6.1779441140506,10.6440191477577,10.4393959566696,51047,0,0,1,0
2006,Never treated,6.24027584517077,10.6941470319101,10.4642740834559,51047,0,0,1,0
2007,Never treated,6.28226674689601,10.7302692454036,10.4806344823339,51047,0,0,1,0
2001,Never treated,3.49650756146648,9.10130645095205,9.92656911197945,51049,0,0,1,0
2002,Never treated,3.36729582998647,9.10908253990196,10.0097376723788,51049,0,0,1,0
2003,Never treated,3.36729582998647,9.12172771361958,9.98759889515478,51049,0,0,1,0
2004,Never treated,3.55534806148941,9.12380161055894,10.0483235565816,51049,0,0,1,0
2005,Never treated,3.49650756146648,9.14216859187285,10.0818847524379,51049,0,0,1,0
2006,Never treated,3.2188758248682,9.15239341202133,10.1593693124381,51049,0,0,1,0
2007,Never treated,3.43398720448515,9.16481985667437,10.193392153341,51049,0,0,1,0
2001,Never treated,4.27666611901606,9.69664786792845,10.0937772789793,51051,0,0,1,0
2002,Never treated,4.45434729625351,9.69461666050864,10.0748745442773,51051,0,0,1,0
2003,Never treated,4.34380542185368,9.69282824771042,10.0973258694577,51051,0,0,1,0
2004,Never treated,4.33073334028633,9.6935069877482,10.1589433933176,51051,0,0,1,0
2005,Never treated,4.31748811353631,9.69276652122048,10.2895999321285,51051,0,0,1,0
2006,Never treated,4.31748811353631,9.69047995840981,10.3529376476257,51051,0,0,1,0
2007,Never treated,4.30406509320417,9.68240437718884,10.4015622273767,51051,0,0,1,0
2001,Never treated,5.58724865840025,10.1040991553433,10.2629436255477,51053,0,0,1,0
2002,Never treated,5.4553211153577,10.1125727465993,10.3049446392468,51053,0,0,1,0
2003,Never treated,5.45958551414416,10.1223017456891,10.3281014794831,51053,0,0,1,0
2004,Never treated,5.4249500174814,10.1310612761297,10.3513733765282,51053,0,0,1,0
2005,Never treated,5.26269018890489,10.1341626702657,10.3866850091846,51053,0,0,1,0
2006,Never treated,5.39816270151775,10.1421106746987,10.4338804817946,51053,0,0,1,0
2007,Never treated,5.46806014113513,10.1542462708833,10.5107499939389,51053,0,0,1,0
2001,Never treated,4.95582705760126,9.21343557688349,9.92930148742911,51057,0,0,1,0
2002,Never treated,5.14166355650266,9.22226894284146,9.97878053657156,51057,0,0,1,0
2003,Never treated,5.01063529409626,9.24038449332456,10.0021104211412,51057,0,0,1,0
2004,Never treated,4.969813299576,9.24280756211368,10.0501819316869,51057,0,0,1,0
2005,Never treated,5.04342511691925,9.25779631313248,10.0838488559549,51057,0,0,1,0
2006,Never treated,4.95582705760126,9.27011757601204,10.1619596369036,51057,0,0,1,0
2007,Never treated,4.99721227376411,9.28581883315209,10.2231042435183,51057,0,0,1,0
2001,Never treated,9.57685672994577,13.8017472770474,10.8712505627792,51059,0,0,1,0
2002,Never treated,9.4555584776087,13.8078422313577,10.8892670329299,51059,0,0,1,0
2003,Never treated,9.39499254410842,13.8122994077356,10.9398520277247,51059,0,0,1,0
2004,Never treated,9.38681151509196,13.8179954680164,10.9880178199949,51059,0,0,1,0
2005,Never treated,9.45297277587424,13.8211108470306,11.040390634937,51059,0,0,1,0
2006,Never treated,9.4922055591064,13.8139974137387,11.0817886401056,51059,0,0,1,0
2007,Never treated,9.4753933263676,13.8210263181522,11.1292022789805,51059,0,0,1,0
2001,Never treated,6.73815249459596,10.9583395062089,10.2856157952799,51061,0,0,1,0
2002,Never treated,6.7696419768525,10.9934626478086,10.3178132890765,51061,0,0,1,0
2003,Never treated,6.71174039505618,11.0220168410446,10.3998287821011,51061,0,0,1,0
2004,Never treated,6.77078942390898,11.0516674808391,10.4685456470758,51061,0,0,1,0
2005,Never treated,6.74758652682932,11.071190485689,10.495183233935,51061,0,0,1,0
2006,Never treated,6.76041469108343,11.08998861095,10.5375479906367,51061,0,0,1,0
2007,Never treated,6.86693328446188,11.1036179843946,10.5633364476946,51061,0,0,1,0
2001,Never treated,5.20948615284142,10.2884437840128,9.9696497547898,51035,0,0,1,0
2002,Never treated,5.12396397940326,10.2849672978938,9.9885178017207,51035,0,0,1,0
2003,Never treated,5.25749537202778,10.2858546093983,9.99039892452542,51035,0,0,1,0
2004,Never treated,5.2040066870768,10.2911620079691,10.0226918000146,51035,0,0,1,0
2005,Never treated,5.15329159449778,10.2796954795772,10.0736521790595,51035,0,0,1,0
2006,Never treated,5.14166355650266,10.2806903509263,10.1331696806899,51035,0,0,1,0
2007,Never treated,5.14749447681345,10.2807246391877,10.1601045639079,51035,0,0,1,0
2001,Never treated,5.01727983681492,9.95218247407489,10.1235062265028,51065,0,0,1,0
2002,Never treated,5.03043792139244,9.99916130260441,10.1520259088703,51065,0,0,1,0
2003,Never treated,5.00394630594546,10.0412474922406,10.2060336066365,51065,0,0,1,0
2004,Never treated,5.43372200355424,10.0789103676389,10.2337620513684,51065,0,0,1,0
2005,Never treated,5.20948615284142,10.1056934326355,10.2548835875204,51065,0,0,1,0
2006,Never treated,5.37063802812766,10.118114944082,10.3022636724935,51065,0,0,1,0
2007,Never treated,5.0998664278242,10.1367002395271,10.3641665926115,51065,0,0,1,0
2001,Never treated,6.21060007702465,10.7789979556887,10.0629242367926,51067,0,0,1,0
2002,Never treated,6.20455776256869,10.7899992579212,10.1097697467749,51067,0,0,1,0
2003,Never treated,6.08904487544685,10.8021233491716,10.1650822902246,51067,0,0,1,0
2004,Never treated,6.1527326947041,10.8131362750217,10.1987284846907,51067,0,0,1,0
2005,Never treated,6.31354804627709,10.8156698563657,10.1950371365144,51067,0,0,1,0
2006,Never treated,6.38350663488401,10.8265552686893,10.2129922694984,51067,0,0,1,0
2007,Never treated,6.44888939414686,10.84636179106,10.2340135739798,51067,0,0,1,0
2001,Never treated,6.53378883793334,11.0223598802116,10.2991716487892,51069,0,0,1,0
2002,Never treated,6.361302477573,11.0502389998648,10.3456059782923,51069,0,0,1,0
2003,Never treated,6.35088571671474,11.0794157576363,10.363756452685,51069,0,0,1,0
2004,Never treated,6.41999492814714,11.1079002600904,10.4085868119287,51069,0,0,1,0
2005,Never treated,6.52209279817015,11.1353916217908,10.4342628516097,51069,0,0,1,0
2006,Never treated,6.47543271670409,11.1661018370819,10.4778511971061,51069,0,0,1,0
2007,Never treated,6.57368016696065,11.1933811393697,10.4972286766294,51069,0,0,1,0
2001,Never treated,4.94875989037817,9.7326399178158,10.2636065588774,51071,0,0,1,0
2002,Never treated,4.89783979995091,9.73631073306863,10.2862979700795,51071,0,0,1,0
2003,Never treated,4.82028156560504,9.73820008829795,10.3166231669485,51071,0,0,1,0
2004,Never treated,4.68213122712422,9.73654709778048,10.3255803184141,51071,0,0,1,0
2005,Never treated,5.05624580534831,9.7410862631773,10.3528100437081,51071,0,0,1,0
2006,Never treated,5.04342511691925,9.75144298662645,10.3870550255313,51071,0,0,1,0
2007,Never treated,5.00394630594546,9.75243207761617,10.3649548507596,51071,0,0,1,0
2001,Never treated,6.19644412779452,10.4723178985887,9.99647685937896,51073,0,0,1,0
2002,Never treated,6.22653666928747,10.4888546259195,10.0194467037037,51073,0,0,1,0
2003,Never treated,6.17586727010576,10.5102050050977,10.0483235565816,51073,0,0,1,0
2004,Never treated,6.28599809450886,10.5218573061382,10.0974494304868,51073,0,0,1,0
2005,Never treated,6.22455842927536,10.5260513116406,10.1350356861941,51073,0,0,1,0
2006,Never treated,6.27476202124194,10.5359819858841,10.1921566377305,51073,0,0,1,0
2007,Never treated,6.14203740558736,10.552081829047,10.2471127172904,51073,0,0,1,0
2001,Never treated,5.24174701505964,9.75823053987899,10.3823270304443,51075,0,0,1,0
2002,Never treated,5.18178355029209,9.78103739277956,10.3932631713538,51075,0,0,1,0
2003,Never treated,5.15329159449778,9.80906697691664,10.4372579207972,51075,0,0,1,0
2004,Never treated,5.16478597392351,9.83499455609083,11.1394240320675,51075,0,0,1,0
2005,Never treated,5.15905529921453,9.86490263722056,11.2232413898478,51075,0,0,1,0
2006,Never treated,5.18738580584075,9.9020865716205,11.0143412748488,51075,0,0,1,0
2007,Never treated,5.26269018890489,9.93479240236454,11.0578656191101,51075,0,0,1,0
2001,Never treated,3.95124371858143,9.7223852521469,10.0301202034695,51077,0,0,1,0
2002,Never treated,3.80666248977032,9.72280465241068,10.04094248799,51077,0,0,1,0
2003,Never treated,4.06044301054642,9.71540945862979,10.0328038240062,51077,0,0,1,0
2004,Never treated,4.26267987704132,9.70783756553084,10.0758429450182,51077,0,0,1,0
2005,Never treated,4.07753744390572,9.69381535371937,10.0825956182606,51077,0,0,1,0
2006,Never treated,4.26267987704132,9.68651243724229,10.102871056286,51077,0,0,1,0
2007,Never treated,4.14313472639153,9.68831217087109,10.1496051674102,51077,0,0,1,0
2001,Never treated,4.77068462446567,9.66523036341187,10.0780289220111,51079,0,0,1,0
2002,Never treated,5.09375020080676,9.69916575546251,10.0875159851218,51079,0,0,1,0
2003,Never treated,5.30826769740121,9.72430107623765,10.1769819542771,51079,0,0,1,0
2004,Never treated,4.90527477843843,9.74138030299241,10.1515188193581,51079,0,0,1,0
2005,Never treated,4.8283137373023,9.75196674489489,10.2127721021703,51079,0,0,1,0
2006,Never treated,4.78749174278205,9.77286620732769,10.2429909049665,51079,0,0,1,0
2007,Never treated,4.70953020131233,9.7990710356157,10.2621754690854,51079,0,0,1,0
2001,Never treated,3.8286413964891,9.35296777022594,10.2432401172789,51081,0,0,1,0
2002,Never treated,3.61091791264422,9.35703475112699,10.2669146492974,51081,0,0,1,0
2003,Never treated,3.52636052461616,9.35496006158613,10.2740160907634,51081,0,0,1,0
2004,Never treated,3.95124371858143,9.30701325923644,10.285069720181,51081,0,0,1,0
2005,Never treated,3.80666248977032,9.38075802426731,10.2993399394612,51081,0,0,1,0
2006,Never treated,3.91202300542815,9.37729445163902,10.3246947675929,51081,0,0,1,0
2007,Never treated,4.17438726989564,9.38479775371334,10.3641350493578,51081,0,0,1,0
2001,Never treated,6.11368217983223,10.519564686019,10.1246291011797,51083,0,0,1,0
2002,Never treated,5.92692602597041,10.5153704462651,10.1641966017365,51083,0,0,1,0
2003,Never treated,5.88332238848828,10.5091141355666,10.1600658799366,51083,0,0,1,0
2004,Never treated,5.8805329864007,10.5017194752998,10.1881024259384,51083,0,0,1,0
2005,Never treated,5.91620206260743,10.482205442345,10.2157402789221,51083,0,0,1,0
2006,Never treated,5.82894561761021,10.4803536938781,10.253158022322,51083,0,0,1,0
2007,Never treated,5.82600010738045,10.4752577469295,10.2825744615842,51083,0,0,1,0
2001,Never treated,7.52185925220163,11.3966275759374,10.2948875423195,51085,0,0,1,0
2002,Never treated,7.51316354523408,11.4282168890433,10.3073847654721,51085,0,0,1,0
2003,Never treated,7.3664451483276,11.4513691592711,10.3417747410115,51085,0,0,1,0
2004,Never treated,7.40671073017764,11.4723013675337,10.3797838414049,51085,0,0,1,0
2005,Never treated,7.46794233228585,11.4777230675615,10.4024430037316,51085,0,0,1,0
2006,Never treated,7.39018142822643,11.4926411216675,10.4456664839601,51085,0,0,1,0
2007,Never treated,7.46565531013406,11.5023901630548,10.4924956933549,51085,0,0,1,0
2001,Never treated,4.89783979995091,9.74390548271166,10.1475311679581,51005,0,0,1,0
2002,Never treated,4.76217393479776,9.73967366729791,10.1717956558047,51005,0,0,1,0
2003,Never treated,4.83628190695148,9.7284791890364,10.1905069054378,51005,0,0,1,0
2004,Never treated,4.57471097850338,9.72418144470263,10.2382440323738,51005,0,0,1,0
2005,Never treated,4.89034912822175,9.71281119135942,10.2850014398218,51005,0,0,1,0
2006,Never treated,5.03043792139244,9.70521952391249,10.3069172572822,51005,0,0,1,0
2007,Never treated,4.93447393313069,9.70747266861017,10.3064161129923,51005,0,0,1,0
2001,Never treated,6.34035930372775,10.9613993670779,10.0891784267997,51089,0,0,1,0
2002,Never treated,6.289715570909,10.9571547751611,10.1698438382732,51089,0,0,1,0
2003,Never treated,6.15909538849193,10.952524368761,10.1573930655004,51089,0,0,1,0
2004,Never treated,5.96357934361845,10.9486111562533,10.1926435382439,51089,0,0,1,0
2005,Never treated,6.06610809010375,10.929600830388,10.2037402821618,51089,0,0,1,0
2006,Never treated,5.98141421125448,10.9256326780903,10.2435604418772,51089,0,0,1,0
2007,Never treated,6.0591231955818,10.9258305607465,10.2672969853755,51089,0,0,1,0
2001,Never treated,2.77258872223978,7.84384863815247,9.8079123376131,51091,0,0,1,0
2002,Never treated,2.77258872223978,7.81075811652936,9.82455256444799,51091,0,0,1,0
2003,Never treated,2.83321334405622,7.83002808253384,9.88654483180582,51091,0,0,1,0
2004,Never treated,3.04452243772342,7.80913539812054,9.88776459207089,51091,0,0,1,0
2005,Never treated,3.25809653802148,7.80139132029149,9.91931168788301,51091,0,0,1,0
2006,Never treated,3.36729582998647,7.80628928926703,9.96730706524908,51091,0,0,1,0
2007,Never treated,3.04452243772342,7.77988511507052,10.031528902417,51091,0,0,1,0
2001,Never treated,5.79605775076537,10.3209471054927,10.395099775378,51093,0,0,1,0
2002,Never treated,5.83188247728352,10.3396111815981,10.4299601218783,51093,0,0,1,0
2003,Never treated,5.71373280550937,10.3708940621845,10.4385178649989,51093,0,0,1,0
2004,Never treated,5.87211778947542,10.3931406110693,10.4675221346333,51093,0,0,1,0
2005,Never treated,5.89989735358249,10.402048268882,10.4986635158701,51093,0,0,1,0
2006,Never treated,5.99893656194668,10.4344980834612,10.5758706437433,51093,0,0,1,0
2007,Never treated,5.82008293035236,10.4656714685773,10.5301743663958,51093,0,0,1,0
2001,Never treated,7.19893124068817,10.8123306192751,10.1642351262477,51095,0,0,1,0
2002,Never treated,7.04664727784876,10.8470042706639,10.1775903424475,51095,0,0,1,0
2003,Never treated,7.03790596344718,10.8826404011669,10.2045916453195,51095,0,0,1,0
2004,Never treated,6.88346258641309,10.9241382997345,10.2656623445454,51095,0,0,1,0
2005,Never treated,6.90975328164481,10.9552527879714,10.3005507969635,51095,0,0,1,0
2006,Never treated,7.04577657687951,10.9934626478086,10.3599309054089,51095,0,0,1,0
2007,Never treated,7.09090982207998,11.0231598476025,10.3515331081794,51095,0,0,1,0
2001,Never treated,3.29583686600433,8.79588497202989,10.0952229926907,51097,0,0,1,0
2002,Never treated,3.52636052461616,8.791638037086,10.1580522485251,51097,0,0,1,0
2003,Never treated,3.43398720448515,8.79194198845612,10.250369703212,51097,0,0,1,0
2004,Never treated,2.77258872223978,8.81833428355217,10.2847282717534,51097,0,0,1,0
2005,Never treated,2.99573227355399,8.81566682494622,10.3191009916961,51097,0,0,1,0
2006,Never treated,2.94443897916644,8.82922635473185,10.337378134828,51097,0,0,1,0
2007,Never treated,2.89037175789616,8.83317113302287,10.3785098173368,51097,0,0,1,0
2001,Never treated,5.08140436498446,9.75086071107721,10.7833839732172,51099,0,0,1,0
2002,Never treated,5.08140436498446,9.7878522089372,10.8353563143736,51099,0,0,1,0
2003,Never treated,5.04342511691925,9.82693042981397,10.8813248340618,51099,0,0,1,0
2004,Never treated,5.07517381523383,9.87003417627691,10.9223709731668,51099,0,0,1,0
2005,Never treated,5.07517381523383,9.93241508760931,10.9458645305851,51099,0,0,1,0
2006,Never treated,5.24174701505964,9.97938321153939,10.987527512021,51099,0,0,1,0
2007,Never treated,5.13579843705026,10.0235346898456,11.0384639139402,51099,0,0,1,0
2001,Never treated,4.7361984483945,9.51037088760883,10.3104182528059,51101,0,0,1,0
2002,Never treated,5.04985600724954,9.53191649607552,10.3387056187936,51101,0,0,1,0
2003,Never treated,5.08140436498446,9.55485163741401,10.3636617811163,51101,0,0,1,0
2004,Never treated,4.88280192258637,9.57018030205807,10.4046567022688,51101,0,0,1,0
2005,Never treated,4.90527477843843,9.58293787645873,10.4187931263238,51101,0,0,1,0
2006,Never treated,4.87519732320115,9.62469914725447,10.501994328942,51101,0,0,1,0
2007,Never treated,4.75359019110636,9.6567554664133,10.5405933422124,51101,0,0,1,0
2001,Never treated,5.13579843705026,9.3492323708428,10.1022154529026,51103,0,0,1,0
2002,Never treated,5.11799381241676,9.3910773406399,10.1225829210038,51103,0,0,1,0
2003,Never treated,4.94875989037817,9.39590665893503,10.1632715679453,51103,0,0,1,0
2004,Never treated,4.59511985013459,9.35539264367532,10.1938410535431,51103,0,0,1,0
2005,Never treated,4.60517018598809,9.34749021012342,10.2515706924062,51103,0,0,1,0
2006,Never treated,4.64439089914137,9.34801317710126,10.2602174949624,51103,0,0,1,0
2007,Never treated,4.64439089914137,9.34931939925763,10.3090526556446,51103,0,0,1,0
2001,Never treated,4.77912349311153,10.0588660497156,10.0319247417114,51105,0,0,1,0
2002,Never treated,4.61512051684126,10.0688748642894,10.0961718963656,51105,0,0,1,0
2003,Never treated,4.58496747867057,10.0748745442773,10.1338053075983,51105,0,0,1,0
2004,Never treated,4.77068462446567,10.0757587734766,10.2047396345166,51105,0,0,1,0
2005,Never treated,4.62497281328427,10.0584807345016,10.2319276174601,51105,0,0,1,0
2006,Never treated,4.86753445045558,10.0585663729362,10.255059498299,51105,0,0,1,0
2007,Never treated,4.95582705760126,10.1258708149039,10.2642341958449,51105,0,0,1,0
2001,Never treated,8.07682603129881,12.1552318803148,11.0238776407458,51107,0,0,1,0
2002,Never treated,7.93164402145431,12.2249827177548,10.7739646858707,51107,0,0,1,0
2003,Never treated,7.98378106897745,12.3065964832965,10.7699575894263,51107,0,0,1,0
2004,Never treated,8.02027047281924,12.3855777398146,10.836360044002,51107,0,0,1,0
2005,Never treated,8.17046857833067,12.4436357338222,10.8644265494124,51107,0,0,1,0
2006,Never treated,8.27512163021651,12.4873266018414,10.8927870812635,51107,0,0,1,0
2007,Never treated,8.37724123098879,12.5334284535051,10.9045605120249,51107,0,0,1,0
2001,Never treated,5.45958551414416,10.1782743370022,10.4537454055458,51109,0,0,1,0
2002,Never treated,5.53733426701854,10.2078054786393,10.4382249963484,51109,0,0,1,0
2003,Never treated,5.45958551414416,10.241672607161,10.4926898815794,51109,0,0,1,0
2004,Never treated,5.40267738187228,10.2680264940316,10.5647053733019,51109,0,0,1,0
2005,Never treated,5.55682806169954,10.3044759886172,10.5571919952971,51109,0,0,1,0
2006,Never treated,5.52942908751142,10.3420005146905,10.6512886243471,51109,0,0,1,0
2007,Never treated,5.71042701737487,10.3667497593705,10.7301817505985,51109,0,0,1,0
2001,Never treated,4.02535169073515,9.47838080417267,10.1413226525933,51111,0,0,1,0
2002,Never treated,4.12713438504509,9.48675925214925,10.1435275515101,51111,0,0,1,0
2003,Never treated,4.39444915467244,9.48219789408099,10.1461984093429,51111,0,0,1,0
2004,Never treated,4.35670882668959,9.48174061185368,10.171680948404,51111,0,0,1,0
2005,Never treated,4.38202663467388,9.47162713306843,10.1521818846943,51111,0,0,1,0
2006,Never treated,4.38202663467388,9.4730122814238,10.1643506908774,51111,0,0,1,0
2007,Never treated,4.20469261939097,9.46769209462013,10.2095373998461,51111,0,0,1,0
2001,Never treated,5.50938833662798,9.45006568288207,9.99993345080438,51113,0,0,1,0
2002,Never treated,5.47227067367148,9.47147310919443,10.0505704572374,51113,0,0,1,0
2003,Never treated,5.37989735354046,9.47952746179172,10.0659039767804,51113,0,0,1,0
2004,Never treated,5.34710753071747,9.48151189230097,10.1081819601818,51113,0,0,1,0
2005,Never treated,5.44673737166631,9.49597034030183,10.1514407827589,51113,0,0,1,0
2006,Never treated,5.30330490805908,9.51155545871055,10.1993609840142,51113,0,0,1,0
2007,Never treated,5.23644196282995,9.52500511575785,10.2346241513535,51113,0,0,1,0
2001,Never treated,4.45434729625351,9.13043098874788,9.87127423017148,51115,0,0,1,0
2002,Never treated,4.55387689160054,9.13172997139427,9.89877647280601,51115,0,0,1,0
2003,Never treated,4.30406509320417,9.13378324925403,9.93764740418283,51115,0,0,1,0
2004,Never treated,4.59511985013459,9.12238309321704,9.97492410247398,51115,0,0,1,0
2005,Never treated,4.56434819146784,9.10409057213347,10.0210483412753,51115,0,0,1,0
2006,Never treated,4.59511985013459,9.10553525761006,10.0569808734932,51115,0,0,1,0
2007,Never treated,4.58496747867057,9.10930382779841,10.0865171919138,51115,0,0,1,0
2001,Never treated,6.22653666928747,10.3859137017804,9.9817440505019,51117,0,0,1,0
2002,Never treated,6.29341927884648,10.3882874254777,10.0175302685768,51117,0,0,1,0
2003,Never treated,6.20657592672493,10.3892107297413,10.1117610911836,51117,0,0,1,0
2004,Never treated,6.08449941307517,10.387825453465,10.0758429450182,51117,0,0,1,0
2005,Never treated,5.99645208861902,10.3725219622403,10.1081412145365,51117,0,0,1,0
2006,Never treated,6.01859321449623,10.371207325767,10.1351546747912,51117,0,0,1,0
2007,Never treated,5.96357934361845,10.3745531177282,10.1759163835251,51117,0,0,1,0
2001,Never treated,4.65396035015752,9.2177131263056,9.93324051068548,51119,0,0,1,0
2002,Never treated,4.55387689160054,9.21979553074694,9.98948174570299,51119,0,0,1,0
2003,Never treated,4.52178857704904,9.23892782882809,10.004282662571,51119,0,0,1,0
2004,Never treated,4.60517018598809,9.2535914139705,10.0582666063237,51119,0,0,1,0
2005,Never treated,4.40671924726425,9.25607826365004,10.077902937759,51119,0,0,1,0
2006,Never treated,4.52178857704904,9.26482855726025,10.1490577364119,51119,0,0,1,0
2007,Never treated,4.70048036579242,9.27218777530226,10.2002904039372,51119,0,0,1,0
2001,Never treated,7.13249755166004,11.3386792149432,10.2398883580348,51121,0,0,1,0
2002,Never treated,6.98656645940643,11.3361644198369,10.2728417736319,51121,0,0,1,0
2003,Never treated,6.96885037834195,11.3367370618797,10.2888179782239,51121,0,0,1,0
2004,Never treated,6.89972310728487,11.3373928113354,10.3314314424047,51121,0,0,1,0
2005,Never treated,6.95749737087695,11.374984363857,10.3760815738176,51121,0,0,1,0
2006,Never treated,7.0057890192535,11.3833860936152,10.4275353764712,51121,0,0,1,0
2007,Never treated,7.05703698169789,11.3995775794789,10.4988840777524,51121,0,0,1,0
2001,Never treated,4.59511985013459,9.58726882194216,9.96199228190869,51125,0,0,1,0
2002,Never treated,4.47733681447821,9.59621483031934,10.0018838743923,51125,0,0,1,0
2003,Never treated,5.32300997913841,9.60871372627059,10.0830553211335,51125,0,0,1,0
2004,Never treated,5.37989735354046,9.61246657881883,10.1296266128301,51125,0,0,1,0
2005,Never treated,5.26269018890489,9.612867836097,10.1526886381696,51125,0,0,1,0
2006,Never treated,5.28826703069454,9.61580548008435,10.1947382498649,51125,0,0,1,0
2007,Never treated,5.26269018890489,9.63075977186616,10.2337979870435,51125,0,0,1,0
2001,Never treated,4.74493212836325,9.53892443574839,10.0579239058405,51127,0,0,1,0
2002,Never treated,4.969813299576,9.56668526145293,10.0911282708077,51127,0,0,1,0
2003,Never treated,4.9416424226093,9.61025678115393,10.0967902618393,51127,0,0,1,0
2004,Never treated,4.79579054559674,9.64859530290734,10.1404551104434,51127,0,0,1,0
2005,Never treated,4.80402104473326,9.67111403584323,10.250511070945,51127,0,0,1,0
2006,Never treated,4.89034912822175,9.71968489946038,10.3021965561473,51127,0,0,1,0
2007,Never treated,4.98360662170834,9.75527752537094,10.3653960040675,51127,0,0,1,0
2001,Never treated,4.95582705760126,9.47677327138879,10.0215816509186,51131,0,0,1,0
2002,Never treated,5.12396397940326,9.4774625304626,10.1206935111836,51131,0,0,1,0
2003,Never treated,5.03695260241363,9.48584864349625,10.1992121966311,51131,0,0,1,0
2004,Never treated,4.99721227376411,9.4982974066224,10.2815129448855,51131,0,0,1,0
2005,Never treated,5.02388052084628,9.4949928598676,10.1327722086071,51131,0,0,1,0
2006,Never treated,5.09375020080676,9.50136684567835,10.1953732772485,51131,0,0,1,0
2007,Never treated,5.03695260241363,9.50405421665968,10.2774275932364,51131,0,0,1,0
2001,Never treated,4.85981240436167,9.42076335888101,9.96777604241849,51133,0,0,1,0
2002,Never treated,4.85981240436167,9.4412139693523,10.0076673714458,51133,0,0,1,0
2003,Never treated,4.55387689160054,9.45085221745148,10.0321006200041,51133,0,0,1,0
2004,Never treated,5.11198778835654,9.45727857185611,10.0767683646779,51133,0,0,1,0
2005,Never treated,5.09375020080676,9.45766909007875,10.1159745236618,51133,0,0,1,0
2006,Never treated,5.03695260241363,9.45626251017973,10.1563840619997,51133,0,0,1,0
2007,Never treated,4.96284463025991,9.46350863639609,10.217860240241,51133,0,0,1,0
2001,Never treated,5.44241771052179,9.66725876167326,10.0582237751854,51135,0,0,1,0
2002,Never treated,5.27811465923052,9.66026883679087,10.077566902136,51135,0,0,1,0
2003,Never treated,5.11198778835654,9.65982236550112,10.0813826603772,51135,0,0,1,0
2004,Never treated,5.14749447681345,9.65181591760738,10.1204520527736,51135,0,0,1,0
2005,Never treated,5.18178355029209,9.66535725891359,10.14987877057,51135,0,0,1,0
2006,Never treated,5.12989871492307,9.6575870140993,10.184560331648,51135,0,0,1,0
2007,Never treated,5.03043792139244,9.66542070062654,10.274050608635,51135,0,0,1,0
2001,Never treated,5.86078622346587,10.186898014637,10.2304504324893,51137,0,0,1,0
2002,Never treated,5.91620206260743,10.2143488979353,10.1517528926241,51137,0,0,1,0
2003,Never treated,5.8805329864007,10.2417795609393,10.138164339664,51137,0,0,1,0
2004,Never treated,5.82600010738045,10.2694492408666,10.2168008213609,51137,0,0,1,0
2005,Never treated,5.90808293816893,10.311349785244,10.2724269792948,51137,0,0,1,0
2006,Never treated,5.76832099579377,10.3565675312521,10.338446735872,51137,0,0,1,0
2007,Never treated,5.85220247977447,10.3852035731556,10.3282976669081,51137,0,0,1,0
2001,Never treated,5.52146091786225,10.0539743858101,9.98271454298743,51139,0,0,1,0
2002,Never treated,5.605802066296,10.0589516551602,10.0201143644678,51139,0,0,1,0
2003,Never treated,5.4553211153577,10.070906955078,10.0643726480538,51139,0,0,1,0
2004,Never treated,5.51342874616498,10.071076109728,10.0600211053509,51139,0,0,1,0
2005,Never treated,5.44673737166631,10.0744110643777,10.1078967057941,51139,0,0,1,0
2006,Never treated,5.43372200355424,10.0846834760426,10.1353926095189,51139,0,0,1,0
2007,Never treated,5.53338948872752,10.0930329544194,10.1794512320337,51139,0,0,1,0
2001,Never treated,5.28320372873799,9.87359519467109,9.9925967276079,51141,0,0,1,0
2002,Never treated,5.06890420222023,9.8685337232726,10.0128351093714,51141,0,0,1,0
2003,Never treated,5.03043792139244,9.86407082017234,10.0278268267917,51141,0,0,1,0
2004,Never treated,4.8283137373023,9.86276971925757,10.0472848202839,51141,0,0,1,0
2005,Never treated,4.80402104473326,9.84357829978222,10.074326772221,51141,0,0,1,0
2006,Never treated,4.87519732320115,9.83894903139856,10.1031167967853,51141,0,0,1,0
2007,Never treated,4.99721227376411,9.84161214881804,10.1142750816408,51141,0,0,1,0
2001,Never treated,5.70044357339069,11.0341797346676,10.2558331383136,51143,0,0,1,0
2002,Never treated,5.73979291217923,11.0310921399709,10.2856499150745,51143,0,0,1,0
2003,Never treated,5.7037824746562,11.0314644498341,10.3175158913048,51143,0,0,1,0
2004,Never treated,5.52146091786225,11.031496818055,10.1637341918018,51143,0,0,1,0
2005,Never treated,5.52545293913178,11.0189569582707,10.1843715704869,51143,0,0,1,0
2006,Never treated,5.53338948872752,11.0162656966771,10.2212501357761,51143,0,0,1,0
2007,Never treated,5.63835466933375,11.0172839765293,10.2453026335678,51143,0,0,1,0
2001,Never treated,5.17614973257383,10.0503977978507,10.2327553278087,51145,0,0,1,0
2002,Never treated,5.21493575760899,10.096707835199,10.2600424892743,51145,0,0,1,0
2003,Never treated,5.22035582507832,10.1281499498196,10.2736363155167,51145,0,0,1,0
2004,Never treated,5.37989735354046,10.159020846652,10.3123468937123,51145,0,0,1,0
2005,Never treated,5.50125821054473,10.1770960552566,10.3609440446439,51145,0,0,1,0
2006,Never treated,5.66642668811243,10.2143488979353,10.3893952883392,51145,0,0,1,0
2007,Never treated,5.47646355193151,10.2217230780314,10.4130423691687,51145,0,0,1,0
2001,Never treated,5.75257263882563,9.88573083094687,10.0304725642906,51147,0,0,1,0
2002,Never treated,5.605802066296,9.90518610917171,10.0824702080646,51147,0,0,1,0
2003,Never treated,5.44673737166631,9.91056246620809,10.1122481634829,51147,0,0,1,0
2004,Never treated,5.57215403217776,9.91353688838913,10.1440387085054,51147,0,0,1,0
2005,Never treated,5.54126354515843,9.94314086441278,10.1602592848303,51147,0,0,1,0
2006,Never treated,5.68017260901707,9.95375281868368,10.1867473611773,51147,0,0,1,0
2007,Never treated,5.61312810638807,9.97748123244445,10.235700732237,51147,0,0,1,0
2001,Never treated,5.89715386763674,10.4306391789009,10.3358217647463,51149,0,0,1,0
2002,Never treated,6.07304453410041,10.4336745297807,10.3796285594903,51149,0,0,1,0
2003,Never treated,5.97888576490112,10.4417921472904,10.4561650403247,51149,0,0,1,0
2004,Never treated,5.8664680569333,10.5040259013634,10.5180784201903,51149,0,0,1,0
2005,Never treated,5.78074351579233,10.501169541278,10.5591405286685,51149,0,0,1,0
2006,Never treated,5.71373280550937,10.4896339841018,10.623909375231,51149,0,0,1,0
2007,Never treated,5.73009978297357,10.4882139841417,10.6639662252564,51149,0,0,1,0
2001,Never treated,8.51879191277993,12.6036534204748,10.3388026826132,51153,0,0,1,0
2002,Never treated,8.42748727833174,12.6469949835079,10.3762685712625,51153,0,0,1,0
2003,Never treated,8.36170828857584,12.6880882166717,10.4186437856626,51153,0,0,1,0
2004,Never treated,8.36194190614495,12.7264277195123,10.4616451349493,51153,0,0,1,0
2005,Never treated,8.44440742169058,12.7523107788998,10.5057522366189,51153,0,0,1,0
2006,Never treated,8.4906438561827,12.7709175946826,10.542099346698,51153,0,0,1,0
2007,Never treated,8.51919119407891,12.7955523209254,10.588728561525,51153,0,0,1,0
2001,Never treated,6.04263283368238,10.4685456470758,10.2356648648745,51155,0,0,1,0
2002,Never treated,5.91889385427315,10.4624459816014,10.2918065018093,51155,0,0,1,0
2003,Never treated,5.92958914338989,10.4649872790301,10.3114162900823,51155,0,0,1,0
2004,Never treated,5.74620319054015,10.466070363075,10.3584409937355,51155,0,0,1,0
2005,Never treated,5.94803498918065,10.4548983427808,10.3887491841708,51155,0,0,1,0
2006,Never treated,5.95583736946483,10.457056523841,10.455589467614,51155,0,0,1,0
2007,Never treated,5.88610403145016,10.4634175768084,10.4228764069626,51155,0,0,1,0
2001,Never treated,4.06044301054642,8.87626525995469,10.2995082018163,51157,0,0,1,0
2002,Never treated,4.11087386417331,8.8750074860484,10.3043420480866,51157,0,0,1,0
2003,Never treated,4.11087386417331,8.87038206607014,10.315431626742,51157,0,0,1,0
2004,Never treated,4.23410650459726,8.87556669199055,10.4277721959863,51157,0,0,1,0
2005,Never treated,4.15888308335967,8.89068592028113,10.454696674697,51157,0,0,1,0
2006,Never treated,3.89182029811063,8.87975079851313,10.5722651933121,51157,0,0,1,0
2007,Never treated,4.06044301054642,8.88197518424887,10.6429217670474,51157,0,0,1,0
2001,Never treated,4.31748811353631,9.09616332691378,10.1351546747912,51159,0,0,1,0
2002,Never treated,4.51085950651685,9.10297785364768,10.1515968498681,51159,0,0,1,0
2003,Never treated,4.46590811865458,9.10475760940112,10.195895938352,51159,0,0,1,0
2004,Never treated,4.52178857704904,9.11526016572591,10.232251585714,51159,0,0,1,0
2005,Never treated,4.45434729625351,9.10886120302633,10.2368478091093,51159,0,0,1,0
2006,Never treated,4.27666611901606,9.11613957657736,10.3089193267554,51159,0,0,1,0
2007,Never treated,4.17438726989564,9.12260145766818,10.3679760010938,51159,0,0,1,0
2001,Never treated,7.27586460054653,11.362114203075,10.2895319604047,51161,0,0,1,0
2002,Never treated,7.11720550316434,11.3679921741926,10.3148353238024,51161,0,0,1,0
2003,Never treated,7.08506429395255,11.3776210729393,10.2877630719617,51161,0,0,1,0
2004,Never treated,7.01571242048723,11.37951977873,10.3404513277037,51161,0,0,1,0
2005,Never treated,7.06987412845857,11.3902266164802,10.3369892693381,51161,0,0,1,0
2006,Never treated,7.13089883029635,11.4011555641272,10.3585361608331,51161,0,0,1,0
2007,Never treated,7.19518732017871,11.4080426129907,10.4505390247062,51161,0,0,1,0
2001,Never treated,5.50938833662798,9.94362131027577,10.0541464288212,51163,0,0,1,0
2002,Never treated,5.35658627467201,9.9452531017686,10.0870583287305,51163,0,0,1,0
2003,Never treated,5.18178355029209,9.95027571403489,10.0808384426767,51163,0,0,1,0
2004,Never treated,4.88280192258637,9.95598512149388,10.1586722593951,51163,0,0,1,0
2005,Never treated,4.91265488573605,9.95996239946411,10.1633486867855,51163,0,0,1,0
2006,Never treated,5.04342511691925,9.96387685254891,10.2135424758396,51163,0,0,1,0
2007,Never treated,5.10594547390058,9.97282703061474,10.2310271545613,51163,0,0,1,0
2001,Never treated,6.8330317327862,11.1334789192606,10.2287905013923,51165,0,0,1,0
2002,Never treated,6.72383244082121,11.1417168455402,10.2450184013482,51165,0,0,1,0
2003,Never treated,6.80350525760834,11.1496430252456,10.265523102717,51165,0,0,1,0
2004,Never treated,6.76157276880406,11.1584053405965,10.2917047672347,51165,0,0,1,0
2005,Never treated,6.69332366826995,11.1793948973949,10.30624900907,51165,0,0,1,0
2006,Never treated,6.80461452006262,11.1929956449683,10.3431286191114,51165,0,0,1,0
2007,Never treated,6.79794041297493,11.2093036944945,10.3950080252441,51165,0,0,1,0
2001,Never treated,5.04985600724954,10.2777715431607,10.1492923863934,51167,0,0,1,0
2002,Never treated,4.92725368515721,10.2737744322947,10.2207041550902,51167,0,0,1,0
2003,Never treated,5.06890420222023,10.273463642714,10.1742014767578,51167,0,0,1,0
2004,Never treated,4.96284463025991,10.2701078768207,10.2257884193835,51167,0,0,1,0
2005,Never treated,5.03043792139244,10.2613368067026,10.240780880541,51167,0,0,1,0
2006,Never treated,5.13579843705026,10.2607423283399,10.2513235478077,51167,0,0,1,0
2007,Never treated,5.23644196282995,10.2760506093017,10.2669841758218,51167,0,0,1,0
2001,Never treated,4.99721227376411,10.0525108239286,10.0271201129814,51169,0,0,1,0
2002,Never treated,4.91998092582813,10.0474147213428,10.021492785727,51169,0,0,1,0
2003,Never treated,5.07517381523383,10.0442924291271,10.054963229159,51169,0,0,1,0
2004,Never treated,5.11799381241676,10.0432494949113,10.1216587622238,51169,0,0,1,0
2005,Never treated,5.0998664278242,10.0353926234161,10.1437241812765,51169,0,0,1,0
2006,Never treated,5.09375020080676,10.0391105063208,10.1761828826796,51169,0,0,1,0
2007,Never treated,5.14166355650266,10.0362686637699,10.200513336241,51169,0,0,1,0
2001,Never treated,6.32793678372919,10.4838019248217,10.0710338237479,51171,0,0,1,0
2002,Never treated,6.35610766069589,10.5028184368918,10.1051622892347,51171,0,0,1,0
2003,Never treated,6.39692965521615,10.5235262612754,10.1408495410879,51171,0,0,1,0
2004,Never treated,6.18001665365257,10.5471818493765,10.1903192635331,51171,0,0,1,0
2005,Never treated,6.34212141872115,10.5694433762429,10.225426113666,51171,0,0,1,0
2006,Never treated,6.32793678372919,10.593003146862,10.262385024828,51171,0,0,1,0
2007,Never treated,6.26909628370626,10.6112523729195,10.2894979728102,51171,0,0,1,0
2001,Never treated,8.77043908654689,12.4908680555782,10.541888114421,51087,0,0,1,0
2002,Never treated,8.6044711995233,12.4989288092557,10.5627676635845,51087,0,0,1,0
2003,Never treated,8.52357279838028,12.5121151293139,10.5865086367971,51087,0,0,1,0
2004,Never treated,8.58709231879591,12.5280184540609,10.6401012278412,51087,0,0,1,0
2005,Never treated,8.60006266923853,12.5481754293988,10.6964574433755,51087,0,0,1,0
2006,Never treated,8.69349667588463,12.5609003844357,10.7146177487551,51087,0,0,1,0
2007,Never treated,8.73020559553099,12.5767910173085,10.7601981169614,51087,0,0,1,0
2001,Never treated,4.21950770517611,9.76967040480179,10.1852018532081,51175,0,0,1,0
2002,Never treated,4.02535169073515,9.76209678434414,10.2219049193571,51175,0,0,1,0
2003,Never treated,3.97029191355212,9.76342056363901,10.2365611632225,51175,0,0,1,0
2004,Never treated,4.11087386417331,9.76405305654455,10.2414586652811,51175,0,0,1,0
2005,Never treated,3.95124371858143,9.76105955940385,10.2593071307539,51175,0,0,1,0
2006,Never treated,4.21950770517611,9.78594198868108,10.2864684410913,51175,0,0,1,0
2007,Never treated,4.38202663467388,9.82173505066387,10.2951241527078,51175,0,0,1,0
2001,Never treated,7.33693691370762,11.4797925833093,10.2157402789221,51177,0,0,1,0
2002,Never treated,7.19368581839511,11.5382520229162,10.2601474963624,51177,0,0,1,0
2003,Never treated,7.1693500166706,11.5869377182573,10.3055468675095,51177,0,0,1,0
2004,Never treated,7.18159194461187,11.6245115614222,10.3650493999962,51177,0,0,1,0
2005,Never treated,7.24279792279376,11.6523395207529,10.4254014732875,51177,0,0,1,0
2006,Never treated,7.26682734752059,11.6755628874474,10.4584927279139,51177,0,0,1,0
2007,Never treated,7.46737106691756,11.6863660356248,10.4310817938774,51177,0,0,1,0
2001,Never treated,7.27100853828099,11.4967757576305,10.2655927260547,51179,0,0,1,0
2002,Never treated,7.12608727329912,11.5547293772514,10.2909244581249,51179,0,0,1,0
2003,Never treated,7.13489085156588,11.6103788011189,10.3277744148849,51179,0,0,1,0
2004,Never treated,7.16472037877186,11.6484436326495,10.3561860581255,51179,0,0,1,0
2005,Never treated,7.31455283232408,11.6660327435008,10.4164908035499,51179,0,0,1,0
2006,Never treated,7.32251043399739,11.6809705968454,10.5477333127379,51179,0,0,1,0
2007,Never treated,7.35115822643069,11.7019163986116,10.6180292299502,51179,0,0,1,0
2001,Never treated,2.94443897916644,8.83317113302287,10.8091419182887,51181,0,0,1,0
2002,Never treated,2.99573227355399,8.84836569494255,10.7954855918412,51181,0,0,1,0
2003,Never treated,2.89037175789616,8.85152027169106,10.9477668438779,51181,0,0,1,0
2004,Never treated,3.43398720448515,8.85223583522786,10.9015794450987,51181,0,0,1,0
2005,Never treated,3.52636052461616,8.8378263640077,10.8689302878699,51181,0,0,1,0
2006,Never treated,2.94443897916644,8.85366542803745,11.0122151749453,51181,0,0,1,0
2007,Never treated,3.63758615972639,8.86177531100083,11.0116045282185,51181,0,0,1,0
2001,Never treated,4.74493212836325,9.41857331055464,10.113951050693,51183,0,0,1,0
2002,Never treated,4.58496747867057,9.40318965065679,10.1437241812765,51183,0,0,1,0
2003,Never treated,4.76217393479776,9.3888212293842,10.1949997805683,51183,0,0,1,0
2004,Never treated,4.86753445045558,9.40648264778745,10.192531197627,51183,0,0,1,0
2005,Never treated,4.66343909411207,9.38016753118845,10.2457643386885,51183,0,0,1,0
2006,Never treated,4.70048036579242,9.39872683333239,10.2812388220768,51183,0,0,1,0
2007,Never treated,4.88280192258637,9.39988577385946,10.320288170308,51183,0,0,1,0
2001,Never treated,6.28785856016178,10.6955293900703,10.0373626360922,51185,0,0,1,0
2002,Never treated,6.22653666928747,10.6986948082872,10.0491883467077,51185,0,0,1,0
2003,Never treated,6.21460809842219,10.7039408548343,10.0671782951926,51185,0,0,1,0
2004,Never treated,6.02586597382531,10.7062511794194,10.1346786354296,51185,0,0,1,0
2005,Never treated,6.19440539110467,10.6893506415958,10.1867850266701,51185,0,0,1,0
2006,Never treated,6.26530121273771,10.6892822803293,10.2205585098817,51185,0,0,1,0
2007,Never treated,6.14846829591765,10.6906258615163,10.2620008057485,51185,0,0,1,0
2001,Never treated,6.1527326947041,10.3807460514582,10.1561510703863,51187,0,0,1,0
2002,Never treated,6.15697898558556,10.4062003561916,10.1770199893835,51187,0,0,1,0
2003,Never treated,6.22455842927536,10.4283048349289,10.1856544442998,51187,0,0,1,0
2004,Never treated,6.20455776256869,10.4485406748513,10.2412446776202,51187,0,0,1,0
2005,Never treated,6.05678401322862,10.4635318200896,10.2972174044259,51187,0,0,1,0
2006,Never treated,6.12686918411419,10.484753000448,10.3392878604404,51187,0,0,1,0
2007,Never treated,6.00388706710654,10.4995730202529,10.3599309054089,51187,0,0,1,0
2001,Never treated,6.51471269087253,10.8443343023062,10.1406523452126,51191,0,0,1,0
2002,Never treated,6.37672694789863,10.8460306555543,10.1619210246288,51191,0,0,1,0
2003,Never treated,6.3261494731551,10.850695387045,10.1870109898391,51191,0,0,1,0
2004,Never treated,6.47389069635227,10.8548751214477,10.2207769697406,51191,0,0,1,0
2005,Never treated,6.5510803350434,10.858633546179,10.2708699663685,51191,0,0,1,0
2006,Never treated,6.54821910276237,10.8604594690173,10.3038396112575,51191,0,0,1,0
2007,Never treated,6.5206211275587,10.873944448154,10.3592654745179,51191,0,0,1,0
2001,Never treated,5.05624580534831,9.71950461641551,9.9241231661362,51193,0,0,1,0
2002,Never treated,4.85981240436167,9.72525761364543,9.96448857409353,51193,0,0,1,0
2003,Never treated,4.90527477843843,9.74008588059468,9.97058529606862,51193,0,0,1,0
2004,Never treated,4.64439089914137,9.74020362461931,10.0428146177572,51193,0,0,1,0
2005,Never treated,4.92725368515721,9.73459541605383,10.0858091093301,51193,0,0,1,0
2006,Never treated,4.92725368515721,9.73873082692165,10.1006156166471,51193,0,0,1,0
2007,Never treated,4.96284463025991,9.7603097828598,10.1494878859933,51193,0,0,1,0
2001,Never treated,5.89440283426485,10.6436375866914,10.2340495006176,51195,0,0,1,0
2002,Never treated,5.92425579741453,10.6413451578631,10.2302340759329,51195,0,0,1,0
2003,Never treated,5.71702770140622,10.6388797146898,10.2389592888238,51195,0,0,1,0
2004,Never treated,5.89715386763674,10.6416080987388,10.2851038586123,51195,0,0,1,0
2005,Never treated,5.86078622346587,10.6390474617277,10.310351681558,51195,0,0,1,0
2006,Never treated,6.07764224334903,10.6368645523151,10.3358866618844,51195,0,0,1,0
2007,Never treated,5.98645200528444,10.6388078144873,10.3559952669776,51195,0,0,1,0
2001,Never treated,5.97126183979046,10.228357022355,10.0345596736298,51197,0,0,1,0
2002,Never treated,5.92425579741453,10.2340135739798,10.049490846656,51197,0,0,1,0
2003,Never treated,5.89715386763674,10.2387805226673,10.0610467026375,51197,0,0,1,0
2004,Never treated,5.82304589548302,10.2431689200983,10.1117204911146,51197,0,0,1,0
2005,Never treated,5.95324333428778,10.244840715177,10.1255104761816,51197,0,0,1,0
2006,Never treated,5.97380961186926,10.2509703781059,10.1732092996109,51197,0,0,1,0
2007,Never treated,6.06145691892802,10.2581504737139,10.2126252970172,51197,0,0,1,0
2001,Never treated,6.76157276880406,10.9656605895313,10.1453350886441,51199,0,0,1,0
2002,Never treated,6.68461172766793,10.9902296686338,10.1833138490223,51199,0,0,1,0
2003,Never treated,6.68586094706836,11.0038483117384,10.2020724723502,51199,0,0,1,0
2004,Never treated,6.73459165997295,11.0154108552639,10.2655927260547,51199,0,0,1,0
2005,Never treated,6.79234442747081,11.0150983269899,10.3101519412198,51199,0,0,1,0
2006,Never treated,6.8351845861473,11.0164464349112,10.3322459206136,51199,0,0,1,0
2007,Never treated,6.91075078796194,11.0270038135704,10.4400101623893,51199,0,0,1,0
2001,Never treated,7.54802896993501,11.7783772657804,10.7045918746012,51510,0,0,1,0
2002,Never treated,7.35627987655075,11.7735343434951,10.7575623972024,51510,0,0,1,0
2003,Never treated,7.28619171470238,11.7650295813654,10.7815362921534,51510,0,0,1,0
2004,Never treated,7.3304052118444,11.825068415847,10.8217962469536,51510,0,0,1,0
2005,Never treated,7.32646561384032,11.8321207392595,10.8665091868979,51510,0,0,1,0
2006,Never treated,7.36327958696304,11.8367248824135,10.9208536318352,51510,0,0,1,0
2007,Never treated,7.36010397298915,11.8510606039169,11.0132211034114,51510,0,0,1,0
2001,Never treated,5.17614973257383,8.7514744871409,10.1336067175868,51515,0,0,1,0
2002,Never treated,5.10594547390058,8.74512525946224,10.1459237972307,51515,0,0,1,0
2003,Never treated,5.07517381523383,8.74065669154137,10.1764873662018,51515,0,0,1,0
2004,Never treated,5.11799381241676,8.73584667745758,10.2127354029025,51515,0,0,1,0
2005,Never treated,5.03695260241363,8.74145611599836,10.2440229518917,51515,0,0,1,0
2006,Never treated,5.20948615284142,8.73729211254422,10.3184738565279,51515,0,0,1,0
2007,Never treated,5.21493575760899,8.74703426417817,10.3286572439186,51515,0,0,1,0
2001,Never treated,6.45990445437753,9.75921294337908,10.2039624467867,51520,0,0,1,0
2002,Never treated,6.26339826259162,9.74665828850311,10.1280700680446,51520,0,0,1,0
2003,Never treated,6.10255859461357,9.75759435235572,10.317251463459,51520,0,0,1,0
2004,Never treated,6.16331480403464,9.76105955940385,10.2387090072557,51520,0,0,1,0
2005,Never treated,6.20253551718792,9.76652169746297,10.2276702960246,51520,0,0,1,0
2006,Never treated,6.22455842927536,9.77309408860253,10.2892600272986,51520,0,0,1,0
2007,Never treated,6.289715570909,9.76589076452168,10.2766704867236,51520,0,0,1,0
2001,Never treated,4.12713438504509,8.75400293349426,10.1321359244848,51530,0,0,1,0
2002,Never treated,3.87120101090789,8.74782860848874,10.1590595710697,51530,0,0,1,0
2003,Never treated,4.47733681447821,8.74814616962193,10.2045176425074,51530,0,0,1,0
2004,Never treated,4.06044301054642,8.7804801070333,10.1712984953455,51530,0,0,1,0
2005,Never treated,4.33073334028633,8.77986510086385,10.1569663036464,51530,0,0,1,0
2006,Never treated,4.34380542185368,8.78874588193814,10.1662363584427,51530,0,0,1,0
2007,Never treated,4.12713438504509,8.73985662749357,10.1884033022429,51530,0,0,1,0
2001,Never treated,6.90875477931522,10.580784783666,10.3792557844867,51540,0,0,1,0
2002,Never treated,6.71052310945243,10.5641115413905,10.420643099997,51540,0,0,1,0
2003,Never treated,6.64768837356333,10.5417296609267,10.4499602037483,51540,0,0,1,0
2004,Never treated,6.57786135772105,10.6150884117543,10.4735910092525,51540,0,0,1,0
2005,Never treated,6.63331843328038,10.6168294403816,10.5141766106556,51540,0,0,1,0
2006,Never treated,6.64768837356333,10.6208882248968,10.5669999279664,51540,0,0,1,0
2007,Never treated,6.70196036600254,10.6277214936282,10.61516203771,51540,0,0,1,0
2001,Never treated,8.28803156777646,12.2210696265361,10.2299816007733,51550,0,0,1,0
2002,Never treated,8.13358741766097,12.2333618839678,10.2667755817451,51550,0,0,1,0
2003,Never treated,8.13563990335439,12.2546008706347,10.2820952064744,51550,0,0,1,0
2004,Never treated,8.1978140322212,12.2776022966691,10.3378316201947,51550,0,0,1,0
2005,Never treated,8.20930841164694,12.2860107323465,10.3750524623488,51550,0,0,1,0
2006,Never treated,8.29229810706322,12.2939461507804,10.4232630068217,51550,0,0,1,0
2007,Never treated,8.34260168068419,12.29742956695,10.457171496104,51550,0,0,1,0
2001,Never treated,6.69703424766648,9.74008588059468,9.91110843966749,51570,0,0,1,0
2002,Never treated,6.52649485957079,9.74946186489702,9.9543707628507,51570,0,0,1,0
2003,Never treated,6.53524127101366,9.75475549873573,10.0157442348818,51570,0,0,1,0
2004,Never treated,6.46302945692067,9.76795415724093,10.0617725315018,51570,0,0,1,0
2005,Never treated,6.48616078894409,9.77223926592617,10.1000817686168,51570,0,0,1,0
2006,Never treated,6.59714570188665,9.78605445564403,10.1313798108725,51570,0,0,1,0
2007,Never treated,6.58202513889283,9.78171532060622,10.1402183773589,51570,0,0,1,0
2001,Never treated,4.89783979995091,8.76389700713946,10.4040203868167,51580,0,0,1,0
2002,Never treated,4.9416424226093,8.75416074932352,10.4221027585769,51580,0,0,1,0
2003,Never treated,4.76217393479776,8.74687531957003,10.479960457538,51580,0,0,1,0
2004,Never treated,4.68213122712422,8.74464743831753,10.4723462075527,51580,0,0,1,0
2005,Never treated,4.61512051684126,8.73149779406324,10.4987462322769,51580,0,0,1,0
2006,Never treated,4.65396035015752,8.71473171401505,10.5011420366366,51580,0,0,1,0
2007,Never treated,4.85981240436167,8.73359406186306,10.5415447667781,51580,0,0,1,0
2001,Never treated,7.02908756414966,10.7722463283649,10.0717946979445,51590,0,0,1,0
2002,Never treated,6.92067150424868,10.7644981055821,10.0983962248356,51590,0,0,1,0
2003,Never treated,6.87005341179813,10.7575836808172,10.1281499498196,51590,0,0,1,0
2004,Never treated,6.8134445995109,10.7466267777745,10.2660103643165,51590,0,0,1,0
2005,Never treated,6.73815249459596,10.7296566209451,10.2874566002994,51590,0,0,1,0
2006,Never treated,6.73340189183736,10.7203556600858,10.2938390228342,51590,0,0,1,0
2007,Never treated,6.77650699237218,10.7135062423273,10.3457345047368,51590,0,0,1,0
2001,Never treated,5.26269018890489,8.63746202380718,9.92993472255098,51595,0,0,1,0
2002,Never treated,5.12396397940326,8.64962397859673,9.93784066890779,51595,0,0,1,0
2003,Never treated,5.10594547390058,8.6459381473068,9.96974334831319,51595,0,0,1,0
2004,Never treated,5.07517381523383,8.6278397115033,10.031352923534,51595,0,0,1,0
2005,Never treated,5.07517381523383,8.62155320674048,10.0564232088068,51595,0,0,1,0
2006,Never treated,5.03695260241363,8.63319686717254,10.1007798202599,51595,0,0,1,0
2007,Never treated,5.0998664278242,8.63034328934889,10.1774762978559,51595,0,0,1,0
2001,Never treated,6.87212810133899,9.98994044026633,10.6343158000638,51600,0,0,1,0
2002,Never treated,6.80128303447162,9.98865556490601,10.6729474159452,51600,0,0,1,0
2003,Never treated,6.68959926917897,9.99725108234829,10.7018277347242,51600,0,0,1,0
2004,Never treated,6.61740297797448,9.99829760729877,10.7363314559532,51600,0,0,1,0
2005,Never treated,6.68959926917897,10.0001604397964,10.7778097995878,51600,0,0,1,0
2006,Never treated,6.75693238924755,10.033286990071,10.8113226359626,51600,0,0,1,0
2007,Never treated,6.63331843328038,10.056937987249,10.8675774815436,51600,0,0,1,0
2001,Never treated,5.77144112313002,9.26065318584977,10.7800182258364,51610,0,0,1,0
2002,Never treated,5.66988092298052,9.27105910701089,10.7876888829017,51610,0,0,1,0
2003,Never treated,5.36597601502185,9.26908086699878,10.8266545883497,51610,0,0,1,0
2004,Never treated,5.32787616878958,9.2661534367954,10.8811555640852,51610,0,0,1,0
2005,Never treated,5.5683445037611,9.28804187964004,10.9103134455735,51610,0,0,1,0
2006,Never treated,5.48063892334199,9.28831941329277,10.9553051846844,51610,0,0,1,0
2007,Never treated,5.45958551414416,9.30918973601835,10.9608263558885,51610,0,0,1,0
2001,Never treated,5.39816270151775,9.01978501025513,10.0335065338599,51620,0,0,1,0
2002,Never treated,5.37527840768417,9.01005848980524,10.0651811415341,51620,0,0,1,0
2003,Never treated,5.28826703069454,9.02797881438221,10.0633504579226,51620,0,0,1,0
2004,Never treated,5.27811465923052,9.04192172035122,10.1091593579383,51620,0,0,1,0
2005,Never treated,5.23644196282995,9.04180337015285,10.1164999566509,51620,0,0,1,0
2006,Never treated,5.24174701505964,9.06900719585954,10.1627315694751,51620,0,0,1,0
2007,Never treated,5.33271879326537,9.08851166361105,10.1998815655899,51620,0,0,1,0
2001,Never treated,6.91373735065968,9.89055427712423,10.2628738175198,51630,0,0,1,0
2002,Never treated,6.88653164253051,9.90433719149071,10.2846599680752,51630,0,0,1,0
2003,Never treated,6.81892406527552,9.91467474192669,10.3252524280577,51630,0,0,1,0
2004,Never treated,6.92067150424868,9.94155375334258,10.3663092030036,51630,0,0,1,0
2005,Never treated,7.02197642307216,9.9661336591864,10.3877638410686,51630,0,0,1,0
2006,Never treated,6.99301512293296,9.99897953399535,10.4246891591269,51630,0,0,1,0
2007,Never treated,7.00306545878646,10.0158782981152,10.4748060247309,51630,0,0,1,0
2001,Never treated,5.76832099579377,8.80267284031282,9.99611231164195,51640,0,0,1,0
2002,Never treated,5.54517744447956,8.80267284031282,10.0420313619842,51640,0,0,1,0
2003,Never treated,5.50938833662798,8.8065738205036,10.0491019013411,51640,0,0,1,0
2004,Never treated,5.50533153593236,8.79905837854645,10.0796652745696,51640,0,0,1,0
2005,Never treated,5.50938833662798,8.8146275553107,10.0917083412611,51640,0,0,1,0
2006,Never treated,5.48063892334199,8.8180382503943,10.1558403304343,51640,0,0,1,0
2007,Never treated,5.50938833662798,8.82408948279182,10.1496051674102,51640,0,0,1,0
2001,Never treated,7.87663846097546,11.8853851714644,10.3444806667034,51650,0,0,1,0
2002,Never treated,7.67322312112171,11.8834678104891,10.398945699171,51650,0,0,1,0
2003,Never treated,7.62657020629066,11.8886184147447,10.4392204000082,51650,0,0,1,0
2004,Never treated,7.6275443904885,11.8844959179307,10.4797356816105,51650,0,0,1,0
2005,Never treated,7.70616297019958,11.898255890658,10.4967315214515,51650,0,0,1,0
2006,Never treated,7.65207074611648,11.8948011850453,10.534972072704,51650,0,0,1,0
2007,Never treated,7.57814547241947,11.8940842192138,10.5947830197326,51650,0,0,1,0
2001,Never treated,6.99576615630485,10.611843491382,10.2092796441602,51660,0,0,1,0
2002,Never treated,6.93049476595163,10.6207418084393,10.2184077754338,51660,0,0,1,0
2003,Never treated,6.86380339145295,10.6213273456864,10.2594122150842,51660,0,0,1,0
2004,Never treated,6.85118492749374,10.6126311061807,10.2689983451373,51660,0,0,1,0
2005,Never treated,6.90975328164481,10.661696554788,10.3342629686005,51660,0,0,1,0
2006,Never treated,6.9555926083963,10.6791819940636,10.3724906814483,51660,0,0,1,0
2007,Never treated,7.01571242048723,10.691853999677,10.3962917617043,51660,0,0,1,0
2001,Never treated,5.54517744447956,10.0105915474503,10.5118662933864,51670,0,0,1,0
2002,Never treated,5.39362754635236,10.0187340405405,10.5221805471711,51670,0,0,1,0
2003,Never treated,5.52545293913178,10.0162803800113,10.5387407546772,51670,0,0,1,0
2004,Never treated,5.55682806169954,10.0168608797038,10.5753089463813,51670,0,0,1,0
2005,Never treated,5.48479693349065,10.0228249351247,10.5987824251535,51670,0,0,1,0
2006,Never treated,5.51745289646471,10.031308923974,10.6450438723038,51670,0,0,1,0
2007,Never treated,5.45958551414416,10.0467650472398,10.6852864306906,51670,0,0,1,0
2001,Never treated,5.31811999384422,8.84332645024227,10.1934295693888,51678,0,0,1,0
2002,Never treated,5.16478597392351,8.8394216076206,10.2379577864867,51678,0,0,1,0
2003,Never treated,5.02388052084628,8.84072491676172,10.3092192917617,51678,0,0,1,0
2004,Never treated,5.37989735354046,8.8246778911642,10.3293106892322,51678,0,0,1,0
2005,Never treated,5.20948615284142,8.83869681234353,10.3424841438531,51678,0,0,1,0
2006,Never treated,5.35185813347607,8.85280791762332,10.3810252294359,51678,0,0,1,0
2007,Never treated,5.36597601502185,8.84014587794994,10.4111782676066,51678,0,0,1,0
2001,Never treated,7.46049030582534,11.0780572924927,10.346633727612,51680,0,0,1,0
2002,Never treated,7.24921505711439,11.0814038145423,10.3656794998878,51680,0,0,1,0
2003,Never treated,7.21744343169653,11.0835262065664,10.3909626626939,51680,0,0,1,0
2004,Never treated,7.1785454837637,11.1014624050584,10.4246594683563,51680,0,0,1,0
2005,Never treated,7.2211050981825,11.1282184099466,10.4625031603995,51680,0,0,1,0
2006,Never treated,7.27031288607902,11.1548495401159,10.4992148293885,51680,0,0,1,0
2007,Never treated,7.37713371283395,11.182530722909,10.5349188911154,51680,0,0,1,0
2001,Never treated,6.4377516497364,10.4889938415787,10.4696248860332,51683,0,0,1,0
2002,Never treated,6.39859493453521,10.5084044317017,10.637152681399,51683,0,0,1,0
2003,Never treated,6.42971947803914,10.5204014270965,10.6708373436286,51683,0,0,1,0
2004,Never treated,6.43133108193348,10.5354505797711,10.7287807915882,51683,0,0,1,0
2005,Never treated,6.54391184556479,10.5159126280177,10.7659132649181,51683,0,0,1,0
2006,Never treated,6.55250788703459,10.4922182161756,10.8522261132761,51683,0,0,1,0
2007,Never treated,6.3818160174061,10.4578610522296,10.8832975362694,51683,0,0,1,0
2001,Never treated,4.77068462446567,9.28470545393149,10.5068741258884,51685,0,0,1,0
2002,Never treated,4.67282883446191,9.29926658117058,10.5062996569145,51685,0,0,1,0
2003,Never treated,4.77912349311153,9.30610499396056,10.5408048481354,51685,0,0,1,0
2004,Never treated,4.69134788222914,9.34740302236452,10.5921245776182,51685,0,0,1,0
2005,Never treated,4.80402104473326,9.3581567466704,10.6478980270336,51685,0,0,1,0
2006,Never treated,4.61512051684126,9.34522085417,10.662164949841,51685,0,0,1,0
2007,Never treated,4.56434819146784,9.35296777022594,10.6944871332636,51685,0,0,1,0
2001,Never treated,6.22455842927536,9.63926155612069,10.0566806311525,51690,0,0,1,0
2002,Never treated,6.1779441140506,9.62641565919636,10.0823029700008,51690,0,0,1,0
2003,Never treated,6.27664348934164,9.62595381113616,10.056723528435,51690,0,0,1,0
2004,Never treated,6.15485809401642,9.60985447459091,10.1048352914799,51690,0,0,1,0
2005,Never treated,6.10031895202006,9.6004210780406,10.1447460332755,51690,0,0,1,0
2006,Never treated,6.06842558824411,9.59471802775386,10.1505038682619,51690,0,0,1,0
2007,Never treated,6.02344759296103,9.58452119004458,10.1577808728426,51690,0,0,1,0
2001,Never treated,7.80791662892641,12.0983760700748,10.4214476652027,51700,0,0,1,0
2002,Never treated,7.63530388625941,12.099066331845,10.4058676127186,51700,0,0,1,0
2003,Never treated,7.6685611080159,12.107356672591,10.4354090845969,51700,0,0,1,0
2004,Never treated,7.73236922228439,12.1113058180832,10.477879349863,51700,0,0,1,0
2005,Never treated,7.67229245562876,12.1052849917175,10.5051497279738,51700,0,0,1,0
2006,Never treated,7.73061406606374,12.1107284651478,10.5361679113286,51700,0,0,1,0
2007,Never treated,7.78113850984502,12.1708080964299,10.5815972345193,51700,0,0,1,0
2001,Never treated,8.12740456269308,12.360736051034,10.4194201136703,51710,0,0,1,0
2002,Never treated,8.021256180144,12.3814660916261,10.4564814641627,51710,0,0,1,0
2003,Never treated,7.98309894071089,12.3781207776151,10.5148008388719,51710,0,0,1,0
2004,Never treated,7.95962530509811,12.3772784843378,10.5453677541517,51710,0,0,1,0
2005,Never treated,7.95331834656043,12.3772869107833,10.57750288078,51710,0,0,1,0
2006,Never treated,8.00869818298853,12.383515654873,10.6166824283999,51710,0,0,1,0
2007,Never treated,8.0149968943483,12.3718031623561,10.6750761594026,51710,0,0,1,0
2001,Never treated,4.78749174278205,8.26744895830485,10.2276702960246,51720,0,0,1,0
2002,Never treated,4.83628190695148,8.27563105457801,10.2502283154913,51720,0,0,1,0
2003,Never treated,4.4188406077966,8.26590733415575,10.2737399048885,51720,0,0,1,0
2004,Never treated,4.55387689160054,8.2419665602318,10.3197607093609,51720,0,0,1,0
2005,Never treated,4.53259949315326,8.20248244657654,10.3576158326236,51720,0,0,1,0
2006,Never treated,4.31748811353631,8.21066803116298,10.3957112279025,51720,0,0,1,0
2007,Never treated,4.31748811353631,8.21851757748959,10.4269727052489,51720,0,0,1,0
2001,Never treated,6.15060276844628,10.4139431078352,10.2632925926088,51730,0,0,1,0
2002,Never treated,5.98141421125448,10.4082548617182,10.2895659468441,51730,0,0,1,0
2003,Never treated,6.04737217904628,10.4073489825005,10.3102851058781,51730,0,0,1,0
2004,Never treated,5.8406416573734,10.3970856306355,10.3442554523467,51730,0,0,1,0
2005,Never treated,5.96614673912369,10.3864074070484,10.3851109104939,51730,0,0,1,0
2006,Never treated,5.90808293816893,10.3950691929354,10.4392789223199,51730,0,0,1,0
2007,Never treated,5.8664680569333,10.4044143441229,10.4472933035967,51730,0,0,1,0
2001,Never treated,4.83628190695148,9.34949343336876,9.94558872855476,51735,0,0,1,0
2002,Never treated,4.75359019110636,9.35988043924576,10.0144473628444,51735,0,0,1,0
2003,Never treated,4.85981240436167,9.37160851957231,10.0634782888451,51735,0,0,1,0
2004,Never treated,4.91998092582813,9.36503376165266,10.0967490493684,51735,0,0,1,0
2005,Never treated,4.96284463025991,9.36760049817477,10.1311807385489,51735,0,0,1,0
2006,Never treated,4.99721227376411,9.37245922145262,10.1910696199876,51735,0,0,1,0
2007,Never treated,4.98360662170834,9.37754829096009,10.2269469163634,51735,0,0,1,0
2001,Never treated,6.81454289725996,11.5092286401259,10.4148430359017,51740,0,0,1,0
2002,Never treated,6.74051935960622,11.5065954727754,10.4844453984825,51740,0,0,1,0
2003,Never treated,6.81783057145415,11.5040058027956,10.5271506695655,51740,0,0,1,0
2004,Never treated,6.82219739062049,11.5069476332837,10.5661755256114,51740,0,0,1,0
2005,Never treated,6.83733281468559,11.5216374055722,10.5841318973723,51740,0,0,1,0
2006,Never treated,6.87109129461055,11.5393434175734,10.6410821478314,51740,0,0,1,0
2007,Never treated,6.83733281468559,11.5266015199531,10.6804702390083,51740,0,0,1,0
2001,Never treated,5.05624580534831,9.6649765240908,10.3216714330521,51750,0,0,1,0
2002,Never treated,4.83628190695148,9.63769742650044,10.355231738165,51750,0,0,1,0
2003,Never treated,4.70048036579242,9.61300155275161,10.3632514340517,51750,0,0,1,0
2004,Never treated,4.77068462446567,9.59335535124676,10.3459272634357,51750,0,0,1,0
2005,Never treated,4.76217393479776,9.67212279956284,10.398823833406,51750,0,0,1,0
2006,Never treated,4.85203026391962,9.67871767947733,10.4626460930928,51750,0,0,1,0
2007,Never treated,5.00394630594546,9.69017056203965,10.4730536713247,51750,0,0,1,0
2001,Never treated,7.81439963380449,12.1928303521092,10.6009504071637,51760,0,0,1,0
2002,Never treated,7.67832635650689,12.1874146628783,10.634869383326,51760,0,0,1,0
2003,Never treated,7.64491934495886,12.1770814321796,10.6688158500561,51760,0,0,1,0
2004,Never treated,7.59538727885397,12.1751751977023,10.7178784403814,51760,0,0,1,0
2005,Never treated,7.58375630070711,12.1953200429431,10.7439981457343,51760,0,0,1,0
2006,Never treated,7.63964228785801,12.1984436183657,10.7908230999549,51760,0,0,1,0
2007,Never treated,7.66622192566273,12.2093422943978,10.8491817347795,51760,0,0,1,0
2001,Never treated,7.89133075766189,11.4563445314153,10.3161930522998,51770,0,0,1,0
2002,Never treated,7.67229245562876,11.4422132591318,10.3779499765658,51770,0,0,1,0
2003,Never treated,7.6685611080159,11.4363035663188,10.3862222961356,51770,0,0,1,0
2004,Never treated,7.59438124255182,11.4357203940613,10.4356440470039,51770,0,0,1,0
2005,Never treated,7.60837447438078,11.4344773186411,10.4333213704728,51770,0,0,1,0
2006,Never treated,7.66152708135852,11.4339688339685,10.4638744716449,51770,0,0,1,0
2007,Never treated,7.73543335249969,11.4408707680189,10.4949618541848,51770,0,0,1,0
2001,Never treated,6.67708346124714,10.1103797632643,10.3838436594859,51775,0,0,1,0
2002,Never treated,6.57368016696065,10.1179939104547,10.4237980523133,51775,0,0,1,0
2003,Never treated,6.45519856334012,10.1073259527923,10.4518690428286,51775,0,0,1,0
2004,Never treated,6.43615036836943,10.10671407001,10.4868756691033,51775,0,0,1,0
2005,Never treated,6.46146817635372,10.1185586087595,10.5331889480382,51775,0,0,1,0
2006,Never treated,6.52502965784346,10.1289484168055,10.5738521701988,51775,0,0,1,0
2007,Never treated,6.48920493132532,10.1298259947469,10.623617404426,51775,0,0,1,0
2001,Never treated,6.46769872610435,10.0695103363606,10.0773568225151,51790,0,0,1,0
2002,Never treated,6.41017488196617,10.0773148012944,10.0910453761253,51790,0,0,1,0
2003,Never treated,6.21260609575152,10.0812989538522,10.0920810660909,51790,0,0,1,0
2004,Never treated,6.19236248947487,10.0460715959919,10.1177921551831,51790,0,0,1,0
2005,Never treated,6.1779441140506,10.0605767677789,10.149800605877,51790,0,0,1,0
2006,Never treated,6.19847871649231,10.0569808734932,10.1850886734219,51790,0,0,1,0
2007,Never treated,6.31173480915291,10.074326772221,10.2396025825095,51790,0,0,1,0
2001,Never treated,6.61472560020376,11.1073903544119,10.2211045700711,51800,0,0,1,0
2002,Never treated,6.66440902035041,11.1536901031001,10.2677833836062,51800,0,0,1,0
2003,Never treated,6.60800062529609,11.2039925170169,10.3241367959693,51800,0,0,1,0
2004,Never treated,6.70441435496411,11.2454250329474,10.3619877705234,51800,0,0,1,0
2005,Never treated,6.71659477352098,11.26383570314,10.4042931430198,51800,0,0,1,0
2006,Never treated,6.77992190747225,11.2915802955974,10.444211726648,51800,0,0,1,0
2007,Never treated,6.83195356556585,11.3040792183568,10.5174291749151,51800,0,0,1,0
2001,Never treated,8.95027346655738,12.9664367882498,10.1942897523242,51810,0,0,1,0
2002,Never treated,8.8794724020748,12.9736522099024,10.2277787578552,51810,0,0,1,0
2003,Never treated,8.81314100828505,12.9854640338807,10.2870818962261,51810,0,0,1,0
2004,Never treated,8.84014587794994,12.9927648124932,10.323611361653,51810,0,0,1,0
2005,Never treated,8.88447171813916,12.9904101673657,10.3702985908827,51810,0,0,1,0
2006,Never treated,8.87276752991094,12.9897641216338,10.4191215972944,51810,0,0,1,0
2007,Never treated,8.90517298518338,12.9811177348903,10.4559924032936,51810,0,0,1,0
2001,Never treated,6.00141487796115,9.89267935381952,10.333222419617,51820,0,0,1,0
2002,Never treated,6.04737217904628,9.91071139762545,10.3505423604035,51820,0,0,1,0
2003,Never treated,5.97888576490112,9.92485757827232,10.4052320675659,51820,0,0,1,0
2004,Never treated,5.98645200528444,9.94395748508984,10.3921902592143,51820,0,0,1,0
2005,Never treated,6.10031895202006,9.95811777318724,10.4423465438148,51820,0,0,1,0
2006,Never treated,6.11809719804135,9.97123965458695,10.3707687292688,51820,0,0,1,0
2007,Never treated,6.16541785423142,9.98202143019024,10.3603426170266,51820,0,0,1,0
2001,Never treated,6.56385552653213,9.37999875481674,10.1530782738652,51830,0,0,1,0
2002,Never treated,6.64639051484773,9.35392110045371,10.1972013972196,51830,0,0,1,0
2003,Never treated,6.45833828334479,9.34338414573395,10.225353636768,51830,0,0,1,0
2004,Never treated,6.4281052726846,9.34888418142424,10.2362027402796,51830,0,0,1,0
2005,Never treated,6.35437004079735,9.38488174145117,10.29630636561,51830,0,0,1,0
2006,Never treated,6.42648845745769,9.40722208010147,10.31949687452,51830,0,0,1,0
2007,Never treated,6.35610766069589,9.42520978683815,10.3567582132587,51830,0,0,1,0
2001,Never treated,7.08924315502751,10.0892199524522,10.2955634235253,51840,0,0,1,0
2002,Never treated,7.00760061395185,10.1002871285107,10.3420650120945,51840,0,0,1,0
2003,Never treated,6.96508034560141,10.0989309732081,10.3735536798288,51840,0,0,1,0
2004,Never treated,7.02908756414966,10.1210958123517,10.4085566391897,51840,0,0,1,0
2005,Never treated,7.00669522683704,10.1519089110346,10.4618167989461,51840,0,0,1,0
2006,Never treated,6.98933526597456,10.1559180244752,10.4836619844361,51840,0,0,1,0
2007,Never treated,7.02286808608264,10.160568654878,10.5278739775253,51840,0,0,1,0
2001,Never treated,4.82028156560504,9.55669221559184,10.0278268267917,51063,0,0,1,0
2002,Never treated,4.80402104473326,9.56514356528212,10.0015666226958,51063,0,0,1,0
2003,Never treated,4.77912349311153,9.5733154284634,10.0308688218632,51063,0,0,1,0
2004,Never treated,4.72738781871234,9.57727253036756,10.078070913235,51063,0,0,1,0
2005,Never treated,4.77068462446567,9.58204184993154,10.0939012792274,51063,0,0,1,0
2006,Never treated,4.84418708645859,9.58850279755634,10.1233858436853,51063,0,0,1,0
2007,Never treated,4.70953020131233,9.59533062689496,10.1178728621764,51063,0,0,1,0
2001,Never treated,5.73657229747919,10.4013799008902,10.1077336667459,51173,0,0,1,0
2002,Never treated,5.65248918026865,10.3988543012396,10.1661210115368,51173,0,0,1,0
2003,Never treated,5.72358510195238,10.3956500994716,10.1614575610024,51173,0,0,1,0
2004,Never treated,5.74300318780948,10.3899487598495,10.2127721021703,51173,0,0,1,0
2005,Never treated,5.8171111599632,10.3800322423252,10.2517471868735,51173,0,0,1,0
2006,Never treated,5.92692602597041,10.3824818939324,10.2767393382796,51173,0,0,1,0
2007,Never treated,5.91889385427315,10.3731161114518,10.2950227551108,51173,0,0,1,0
